Date,Australian dollar   (AUD)                     ,Euro   (EUR)                     ,Indian rupee   (INR)                     ,Japanese yen   (JPY)                     ,U.A.E. dirham   (AED)                     ,U.K. pound   (GBP)                     ,U.S. dollar   (USD)                     
3-Jan-2000,,1.009,43.48,,3.6725,,1
4-Jan-2000,0.6583,1.0305,43.5,102.5,3.6725,1.6404,1
5-Jan-2000,0.6558,1.0368,43.52,103.1,3.6725,1.6393,1
6-Jan-2000,0.6582,1.0388,43.52,104.35,3.6725,1.6492,1
7-Jan-2000,0.6539,1.0284,43.51,105.3,3.6725,1.6448,1
10-Jan-2000,0.6556,1.0229,43.53,,3.6725,1.6366,1
11-Jan-2000,0.6558,1.0256,43.52,105.2,3.6725,1.6423,1
12-Jan-2000,0.6583,1.0308,43.53,106.05,3.6725,1.6469,1
13-Jan-2000,0.6629,1.0276,43.53,105.65,3.6725,1.6463,1
14-Jan-2000,0.6664,1.0225,43.52,106.15,3.6725,1.6447,1
17-Jan-2000,0.6654,1.0094,43.52,105.2,3.6725,1.6342,1
18-Jan-2000,0.6633,1.0093,43.57,105,3.6725,1.6335,1
19-Jan-2000,0.6644,1.0105,43.57,105.65,3.6725,1.6378,1
20-Jan-2000,0.6634,1.0089,43.56,105.3,3.6725,1.6465,1
21-Jan-2000,0.6653,1.0097,43.58,104.9,3.6725,1.655,1
24-Jan-2000,0.6563,1.0027,43.64,104.9,3.6725,1.6545,1
25-Jan-2000,0.6558,1.0008,43.58,105.6,3.6725,1.6457,1
26-Jan-2000,,1.0019,43.58,105.84,3.6725,1.6435,1
27-Jan-2000,0.6523,0.9976,43.58,105.65,3.6725,1.6369,1
28-Jan-2000,0.6511,0.9848,43.61,104.9,3.6725,1.6278,1
31-Jan-2000,0.6382,0.9791,43.64,106.85,3.6725,1.6237,1
1-Feb-2000,0.6358,0.971,43.61,107.35,3.6725,1.6113,1
2-Feb-2000,0.6395,0.9717,43.59,108.55,3.6725,1.6076,1
3-Feb-2000,0.6343,0.9748,43.59,107.95,3.6725,1.6001,1
4-Feb-2000,0.6333,0.9835,43.61,107.5,3.6725,1.5885,1
7-Feb-2000,0.6388,0.9767,43.61,107.65,3.6725,1.5928,1
8-Feb-2000,0.6358,0.9903,43.62,109.3,3.6725,1.5983,1
9-Feb-2000,0.6332,0.9934,43.6,109,3.6725,1.6121,1
10-Feb-2000,0.6348,0.9868,43.64,108.67,3.6725,1.6085,1
11-Feb-2000,0.6286,0.9801,43.63,,3.6725,1.5985,1
14-Feb-2000,0.6328,0.9867,43.64,108.4,3.6725,1.5898,1
15-Feb-2000,0.6263,0.9778,43.62,108.88,3.6725,1.586,1
16-Feb-2000,0.6323,0.9804,43.6,109.1,3.6725,1.6004,1
17-Feb-2000,0.6305,0.9919,43.61,109.9,3.6725,1.6115,1
18-Feb-2000,0.6328,0.9857,43.61,110.8,3.6725,1.6046,1
21-Feb-2000,0.6277,0.9857,43.6,110.65,3.6725,1.5992,1
22-Feb-2000,0.6261,1.0022,43.61,111.7,3.6725,1.6075,1
23-Feb-2000,0.6218,1.0068,43.61,110.3,3.6725,1.6081,1
24-Feb-2000,0.6213,0.9898,43.61,111.2,3.6725,1.6002,1
25-Feb-2000,0.6179,0.9813,43.63,110.85,3.6725,1.5938,1
28-Feb-2000,0.6136,0.9639,43.62,108.9,3.6725,1.5898,1
29-Feb-2000,0.6143,0.9714,43.61,110.18,3.6725,1.5927,1
1-Mar-2000,0.6074,0.9667,43.61,109.2,3.6725,1.5846,1
2-Mar-2000,0.6074,0.9725,43.58,107.45,3.6725,1.5838,1
3-Mar-2000,0.6092,0.9659,43.58,107.6,3.6725,1.5787,1
6-Mar-2000,0.6048,0.964,43.57,107.45,3.6725,1.5772,1
7-Mar-2000,0.6018,0.9593,43.57,107.9,3.6725,1.5741,1
8-Mar-2000,0.6035,0.9543,43.57,107.2,3.6725,1.5783,1
9-Mar-2000,0.613,0.9616,43.58,106.85,3.6725,1.5798,1
10-Mar-2000,0.6158,0.9613,43.59,106.4,3.6725,1.5791,1
13-Mar-2000,0.6124,0.9716,43.58,105.9,3.6725,1.5792,1
14-Mar-2000,0.6169,0.962,43.58,105.3,3.6725,1.5717,1
15-Mar-2000,0.6124,0.9647,43.59,106,3.6725,1.5725,1
16-Mar-2000,0.6146,0.9663,43.58,105.5,3.6725,1.5731,1
17-Mar-2000,0.6107,0.9672,43.58,106,3.6725,1.575,1
20-Mar-2000,0.606,0.9715,,,3.6725,1.5667,1
21-Mar-2000,0.6096,0.9701,43.57,106.45,3.6725,1.5704,1
22-Mar-2000,0.6088,0.9603,,106.75,3.6725,1.5672,1
23-Mar-2000,0.604,0.9656,43.6,107.4,3.6725,1.5782,1
24-Mar-2000,0.6073,0.9715,43.6,107.4,3.6725,1.5884,1
27-Mar-2000,0.6126,0.9712,43.6,106.8,3.6725,1.599,1
28-Mar-2000,0.6143,0.9647,43.61,106.55,3.6725,1.586,1
29-Mar-2000,0.6116,0.9568,43.59,105.95,3.6725,1.5859,1
30-Mar-2000,0.6115,0.9555,43.61,105.65,3.6725,1.5904,1
31-Mar-2000,0.6055,0.9553,43.62,105.85,3.6725,1.5951,1
3-Apr-2000,0.6071,0.9564,43.62,104.9,3.6725,1.5926,1
4-Apr-2000,0.603,0.9538,43.63,105.05,3.6725,1.5988,1
5-Apr-2000,0.6053,0.9673,43.63,105.1,3.6725,1.5938,1
6-Apr-2000,0.6057,0.9625,43.63,104.85,3.6725,1.5886,1
7-Apr-2000,0.5998,0.9564,43.62,104.9,3.6725,1.5828,1
10-Apr-2000,0.5977,0.959,43.61,105.95,3.6725,1.5799,1
11-Apr-2000,0.595,0.9594,43.63,106.45,3.6725,1.5859,1
12-Apr-2000,0.5965,0.9576,43.63,106.5,3.6725,1.5838,1
13-Apr-2000,0.5986,0.9537,43.64,105.95,3.6725,1.5879,1
14-Apr-2000,0.5977,0.954,43.64,106.1,3.6725,1.5835,1
17-Apr-2000,0.6028,0.9573,43.65,104.2,3.6725,1.5881,1
18-Apr-2000,0.595,0.9497,43.64,104.5,3.6725,1.5825,1
19-Apr-2000,0.5972,0.9461,43.65,104.9,3.6725,1.5801,1
20-Apr-2000,0.5964,0.9376,43.64,104.7,3.6725,1.5804,1
21-Apr-2000,,,43.64,105.73,3.6725,,1
24-Apr-2000,,,43.65,106,3.6725,,1
25-Apr-2000,,0.9302,43.65,105.35,3.6725,1.5745,1
26-Apr-2000,0.5887,0.9193,43.66,105.75,3.6725,1.5762,1
27-Apr-2000,0.5902,0.9163,43.66,106.25,3.6725,1.5727,1
28-Apr-2000,0.5909,0.9085,43.66,106.55,3.6725,1.5681,1
1-May-2000,0.5808,,43.66,107.75,3.6725,,1
2-May-2000,0.5845,0.9116,43.66,108.65,3.6725,1.5643,1
3-May-2000,0.59,0.8913,43.65,,3.6725,1.5635,1
4-May-2000,0.5885,0.8947,43.65,,3.6725,1.5527,1
5-May-2000,0.5936,0.8984,43.64,,3.6725,1.5376,1
8-May-2000,0.5871,0.8952,43.64,108.95,3.6725,1.5291,1
9-May-2000,0.5815,0.8978,43.66,108.75,3.6725,1.5346,1
10-May-2000,0.5824,0.9107,43.74,109.33,3.6725,1.5248,1
11-May-2000,0.578,0.9079,43.94,109.95,3.6725,1.5001,1
12-May-2000,0.58,0.9029,43.92,108.18,3.6725,1.5137,1
15-May-2000,0.5774,0.9147,44.03,108.7,3.6725,1.5137,1
16-May-2000,0.5765,0.9065,43.97,108.9,3.6725,1.5017,1
17-May-2000,0.57,0.8922,43.97,109.35,3.6725,1.4906,1
18-May-2000,0.5705,0.8942,,108.85,3.6725,1.4827,1
19-May-2000,0.5745,0.8875,43.98,108.55,3.6725,1.4829,1
22-May-2000,0.5728,0.9,43.97,107,3.6725,1.4869,1
23-May-2000,0.5768,0.9111,43.98,107.2,3.6725,1.48,1
24-May-2000,0.571,0.9098,44.08,106.55,3.6725,1.4755,1
25-May-2000,0.5732,0.8981,44.29,107.65,3.6725,1.4775,1
26-May-2000,0.5705,0.9143,44.31,107.5,3.6725,1.4742,1
29-May-2000,0.5743,0.9262,44.45,106.8,3.6725,,1
30-May-2000,0.577,0.9359,44.58,106.9,3.6725,1.5011,1
31-May-2000,0.5735,0.9303,44.58,106.65,3.6725,1.4948,1
1-Jun-2000,0.574,0.933,44.57,108.5,3.6725,1.4959,1
2-Jun-2000,0.5715,0.9355,44.65,108.9,3.6725,1.4963,1
5-Jun-2000,0.581,0.9433,44.66,107.95,3.6725,1.5115,1
6-Jun-2000,0.5811,0.9485,44.67,107.5,3.6725,1.5135,1
7-Jun-2000,0.5885,0.9554,44.69,105.9,3.6725,1.523,1
8-Jun-2000,0.5895,0.9668,44.78,105.65,3.6725,1.5182,1
9-Jun-2000,0.587,0.949,44.76,106.25,3.6725,1.5072,1
12-Jun-2000,,0.9527,44.78,106.95,3.6725,1.5093,1
13-Jun-2000,0.5909,0.9583,44.78,106.8,3.6725,1.5132,1
14-Jun-2000,0.6017,0.9636,44.71,106.45,3.6725,1.5036,1
15-Jun-2000,0.6004,0.9524,,106.57,3.6725,1.5064,1
16-Jun-2000,0.6072,0.9565,44.75,106.52,3.6725,1.511,1
19-Jun-2000,0.6038,0.964,44.69,106.2,3.6725,1.5145,1
20-Jun-2000,0.6054,0.9538,44.67,105.6,3.6725,1.5068,1
21-Jun-2000,0.5998,0.947,44.64,105.32,3.6725,1.5069,1
22-Jun-2000,0.6018,0.9405,44.68,105.25,3.6725,1.5049,1
23-Jun-2000,0.5956,0.9413,44.69,104.75,3.6725,1.5026,1
26-Jun-2000,0.5931,0.9327,44.65,104.5,3.6725,1.4992,1
27-Jun-2000,0.601,0.9401,44.67,105.55,3.6725,1.4973,1
28-Jun-2000,0.6003,0.9415,44.67,105.45,3.6725,1.5046,1
29-Jun-2000,0.6019,0.9504,44.67,105.1,3.6725,1.5192,1
30-Jun-2000,0.5986,0.9556,44.68,105.4,3.6725,1.5122,1
3-Jul-2000,0.6013,0.9493,44.67,105.95,3.6725,1.5099,1
4-Jul-2000,0.5985,0.9487,44.67,106.2,3.6725,1.5127,1
5-Jul-2000,0.5953,0.9537,44.68,105.93,3.6725,1.5138,1
6-Jul-2000,0.5908,0.9542,44.73,107.05,3.6725,1.5098,1
7-Jul-2000,0.5873,0.9483,44.73,107.65,3.6725,1.512,1
10-Jul-2000,0.5939,0.9523,44.69,107,3.6725,1.5154,1
11-Jul-2000,0.5915,0.9527,44.69,106.95,3.6725,1.5125,1
12-Jul-2000,0.589,0.9499,44.69,107.35,3.6725,1.5137,1
13-Jul-2000,0.5901,0.9349,44.7,108.33,3.6725,1.5019,1
14-Jul-2000,0.5855,0.9344,44.71,108.35,3.6725,1.4992,1
17-Jul-2000,0.5856,0.9352,44.71,108.1,3.6725,1.4995,1
18-Jul-2000,0.5843,0.9353,44.74,108.15,3.6725,1.497,1
19-Jul-2000,0.5818,0.9216,44.78,108.2,3.6725,1.4968,1
20-Jul-2000,0.5771,0.922,44.82,,3.6725,1.4943,1
21-Jul-2000,0.5838,0.9363,45.02,108.25,3.6725,1.5136,1
24-Jul-2000,0.588,0.9332,44.72,108.85,3.6725,1.5198,1
25-Jul-2000,0.5857,0.941,44.93,109,3.6725,1.5148,1
26-Jul-2000,0.5873,0.939,44.88,109.25,3.6725,1.5183,1
27-Jul-2000,0.5921,0.9389,44.9,109.18,3.6725,1.5152,1
28-Jul-2000,0.5917,0.9276,44.89,108.7,3.6725,1.5095,1
31-Jul-2000,0.5822,0.9243,44.99,109.5,3.6725,1.4982,1
1-Aug-2000,0.5806,0.9264,45.13,109.35,3.6725,1.4993,1
2-Aug-2000,0.5831,0.9142,45.34,108.75,3.6725,1.4885,1
3-Aug-2000,0.5865,0.9028,45.44,109.05,3.6725,1.4854,1
4-Aug-2000,0.5847,0.9031,45.39,108.45,3.6725,1.5017,1
7-Aug-2000,0.5873,0.9084,45.57,108.7,3.6725,1.5064,1
8-Aug-2000,0.5872,0.9047,45.72,108.55,3.6725,1.5077,1
9-Aug-2000,0.5828,0.8973,45.64,108.6,3.6725,1.5005,1
10-Aug-2000,0.5815,0.9031,45.68,107.65,3.6725,1.5002,1
11-Aug-2000,0.5823,0.9132,45.93,108.7,3.6725,1.5053,1
14-Aug-2000,0.5797,0.9011,45.77,108.7,3.6725,1.5038,1
15-Aug-2000,0.5833,0.9118,45.77,109.4,3.6725,1.5051,1
16-Aug-2000,0.5875,0.9072,45.66,109.03,3.6725,1.5018,1
17-Aug-2000,0.5908,0.914,45.78,108.4,3.6725,1.4988,1
18-Aug-2000,0.5933,0.9127,45.85,108.95,3.6725,1.496,1
21-Aug-2000,0.5899,0.9023,,108.15,3.6725,1.491,1
22-Aug-2000,0.59,0.8972,45.72,108.45,3.6725,1.4853,1
23-Aug-2000,0.5705,0.8918,45.76,107.45,3.6725,1.4815,1
24-Aug-2000,0.5728,0.9012,45.92,107.05,3.6725,1.4793,1
25-Aug-2000,0.5715,0.9021,45.89,106.9,3.6725,1.475,1
28-Aug-2000,0.5734,0.9007,45.84,106.3,3.6725,,1
29-Aug-2000,0.5744,0.8965,45.79,106.55,3.6725,1.4633,1
30-Aug-2000,0.5713,0.8909,45.83,106.15,3.6725,1.4464,1
31-Aug-2000,0.5748,0.8906,45.8,106.4,3.6725,1.4552,1
1-Sep-2000,0.5748,0.8902,,106.55,3.6725,1.45,1
4-Sep-2000,0.5768,0.9,45.73,105.8,3.6725,1.4636,1
5-Sep-2000,0.5735,0.8886,45.74,106.3,3.6725,1.4498,1
6-Sep-2000,0.5668,0.8818,45.68,105.8,3.6725,1.449,1
7-Sep-2000,0.5639,0.8676,45.64,105.95,3.6725,1.4358,1
8-Sep-2000,0.5593,0.8735,45.64,105.27,3.6725,1.4226,1
11-Sep-2000,,0.8609,45.63,106.2,3.6725,1.4129,1
12-Sep-2000,0.5573,0.8614,45.6,106.2,3.6725,1.4033,1
13-Sep-2000,0.5547,0.8654,45.64,107,3.6725,1.4074,1
14-Sep-2000,0.5498,0.8693,45.68,107.15,3.6725,1.4147,1
15-Sep-2000,0.5501,0.8615,45.76,,3.6725,1.41,1
18-Sep-2000,0.5433,0.8526,45.85,107.15,3.6725,1.3993,1
19-Sep-2000,0.5435,0.8541,46.22,106.85,3.6725,1.4028,1
20-Sep-2000,0.5403,0.8476,46.22,107.2,3.6725,1.4127,1
21-Sep-2000,0.5386,0.8524,46.2,106.6,3.6725,1.4158,1
22-Sep-2000,0.5464,0.889,46.08,106.85,3.6725,1.4592,1
25-Sep-2000,0.5465,0.877,46.02,107.8,3.6725,1.4597,1
26-Sep-2000,0.5503,0.8757,46.07,107.42,3.6725,1.4553,1
27-Sep-2000,0.5488,0.8861,46.15,107.6,3.6725,1.4654,1
28-Sep-2000,0.5498,0.8832,46.16,107.5,3.6725,1.4658,1
29-Sep-2000,0.5433,0.8765,46.07,107.85,3.6725,1.4701,1
2-Oct-2000,,0.8802,,108.2,3.6725,1.4746,1
3-Oct-2000,0.544,0.8763,46.07,108.8,3.6725,1.4625,1
4-Oct-2000,0.5363,0.873,46.05,108.78,3.6725,1.456,1
5-Oct-2000,0.536,0.8786,46.09,109.18,3.6725,1.4542,1
6-Oct-2000,0.5315,0.8703,46.11,108.95,3.6725,1.4498,1
9-Oct-2000,0.5343,0.8695,46.08,,3.6725,1.447,1
10-Oct-2000,0.5304,0.8721,46.13,108.5,3.6725,1.4562,1
11-Oct-2000,0.5337,0.872,46.33,107.95,3.6725,1.4613,1
12-Oct-2000,0.5307,0.8648,46.3,107.8,3.6725,1.4604,1
13-Oct-2000,0.5298,0.8627,46.38,107.77,3.6725,1.4726,1
16-Oct-2000,0.5275,0.8511,46.32,107.95,3.6725,1.4452,1
17-Oct-2000,0.5214,0.8496,46.36,108,3.6725,1.4349,1
18-Oct-2000,0.5203,0.8525,46.33,108.08,3.6725,1.4476,1
19-Oct-2000,0.5181,0.8411,46.33,107.75,3.6725,1.4449,1
20-Oct-2000,0.5277,0.8452,46.34,108.48,3.6725,1.4476,1
23-Oct-2000,0.5279,0.8377,46.38,108.92,3.6725,1.4545,1
24-Oct-2000,0.5268,0.8386,46.43,108.2,3.6725,1.4528,1
25-Oct-2000,0.5272,0.8307,46.48,107.95,3.6725,1.4413,1
26-Oct-2000,0.519,0.8252,46.48,108.25,3.6725,1.4253,1
27-Oct-2000,0.5195,0.8324,46.78,108.35,3.6725,1.4346,1
30-Oct-2000,0.5249,0.8482,46.86,108.75,3.6725,1.4633,1
31-Oct-2000,0.5148,0.8417,46.8,109.05,3.6725,1.4487,1
1-Nov-2000,0.5205,0.8554,46.79,108.88,3.6725,1.4452,1
2-Nov-2000,0.5185,0.8646,46.76,108.3,3.6725,1.4536,1
3-Nov-2000,0.5235,0.873,46.69,,3.6725,1.4502,1
6-Nov-2000,0.5269,0.8667,46.64,107.15,3.6725,1.4472,1
7-Nov-2000,0.5269,0.8587,46.65,107.4,3.6725,1.4305,1
8-Nov-2000,0.5308,0.8559,46.69,107.2,3.6725,1.4222,1
9-Nov-2000,0.5234,0.8531,46.73,107.3,3.6725,1.4157,1
10-Nov-2000,0.528,0.8673,46.74,107.57,3.6725,1.4274,1
13-Nov-2000,0.5207,0.862,46.76,107.96,3.6725,1.4307,1
14-Nov-2000,0.5217,0.8583,46.78,107.68,3.6725,1.4325,1
15-Nov-2000,0.5215,0.8596,46.75,108.19,3.6725,1.426,1
16-Nov-2000,0.5209,0.8569,46.84,108.78,3.6725,1.4253,1
17-Nov-2000,0.5213,0.8535,46.83,108.82,3.6725,1.4218,1
20-Nov-2000,0.5192,0.8488,46.78,109.02,3.6725,1.4252,1
21-Nov-2000,0.5132,0.8474,46.78,109.7,3.6725,1.4235,1
22-Nov-2000,0.5125,0.8429,46.83,110.05,3.6725,1.4157,1
23-Nov-2000,0.5248,0.8427,46.82,,3.6725,1.4044,1
24-Nov-2000,0.5208,0.8436,46.87,110.8,3.6725,1.4046,1
27-Nov-2000,0.5211,0.8406,46.86,111.25,3.6725,1.4069,1
28-Nov-2000,0.5253,0.8561,46.89,110.45,3.6725,1.4171,1
29-Nov-2000,0.5257,0.865,46.89,110.18,3.6725,1.4211,1
30-Nov-2000,0.5227,0.8684,46.84,111.17,3.6725,1.4209,1
1-Dec-2000,0.5368,0.8735,46.85,110.5,3.6725,1.4332,1
4-Dec-2000,0.5417,0.8908,46.83,111.05,3.6725,1.4487,1
5-Dec-2000,0.5433,0.881,46.8,111.15,3.6725,1.4463,1
6-Dec-2000,0.5451,0.8828,46.74,110.8,3.6725,1.4361,1
7-Dec-2000,0.5493,0.8943,46.77,110.45,3.6725,1.448,1
8-Dec-2000,0.5454,0.8895,46.76,110.6,3.6725,1.4498,1
11-Dec-2000,0.5432,0.8804,46.76,110.92,3.6725,1.4452,1
12-Dec-2000,0.5396,0.8782,46.77,110.9,3.6725,1.4495,1
13-Dec-2000,0.542,0.8748,46.77,112.35,3.6725,1.4475,1
14-Dec-2000,0.5404,0.8839,46.76,112.45,3.6725,1.4687,1
15-Dec-2000,0.5458,0.8984,46.77,112.45,3.6725,1.4747,1
18-Dec-2000,0.5453,0.8966,46.76,112.6,3.6725,1.4709,1
19-Dec-2000,0.5426,0.8903,46.71,112.15,3.6725,1.4632,1
20-Dec-2000,0.5478,0.9059,46.68,112.85,3.6725,1.4681,1
21-Dec-2000,0.5528,0.9146,46.71,112.9,3.6725,1.4721,1
22-Dec-2000,0.5558,0.924,46.69,112.6,3.6725,1.482,1
25-Dec-2000,,,,112.85,3.6725,,1
26-Dec-2000,,,46.68,113.4,3.6725,,1
27-Dec-2000,0.5592,0.931,46.7,114.05,3.6725,1.4878,1
28-Dec-2000,0.5568,0.9285,,114.4,3.6725,1.4871,1
29-Dec-2000,0.554,0.9305,46.75,114.9,3.6725,1.4922,1
2-Jan-2001,0.5578,0.9423,46.69,,3.6725,1.4909,1
3-Jan-2001,0.5647,0.953,46.7,,3.6725,1.5077,1
4-Jan-2001,0.557,0.9458,46.74,113.85,3.6725,1.4968,1
5-Jan-2001,0.5714,0.9545,46.74,116.5,3.6725,1.5012,1
8-Jan-2001,0.5695,0.9497,46.69,,3.6725,1.5029,1
9-Jan-2001,0.5643,0.9401,46.66,115.9,3.6725,1.4887,1
10-Jan-2001,0.5567,0.9412,46.61,117.05,3.6725,1.4922,1
11-Jan-2001,0.5549,0.9523,46.63,116.7,3.6725,1.4968,1
12-Jan-2001,0.562,0.9545,46.61,118.1,3.6725,1.4909,1
15-Jan-2001,0.5524,0.9428,46.53,119.25,3.6725,1.4771,1
16-Jan-2001,0.5565,0.9412,46.53,118.35,3.6725,1.4719,1
17-Jan-2001,0.5549,0.9396,46.41,117.05,3.6725,1.473,1
18-Jan-2001,0.5551,0.9404,46.42,119,3.6725,1.4722,1
19-Jan-2001,0.5617,0.94,46.4,117.45,3.6725,1.4737,1
22-Jan-2001,0.5571,0.929,46.39,116.65,3.6725,1.4597,1
23-Jan-2001,0.5568,0.9407,46.35,117,3.6725,1.4711,1
24-Jan-2001,0.553,0.9294,46.37,116.9,3.6725,1.4658,1
25-Jan-2001,0.5438,0.9146,46.46,117.7,3.6725,1.4492,1
26-Jan-2001,,0.9228,,116.9,3.6725,1.4636,1
29-Jan-2001,0.5439,0.9193,46.53,117.66,3.6725,1.4568,1
30-Jan-2001,0.5423,0.9197,46.47,116.65,3.6725,1.4587,1
31-Jan-2001,0.5466,0.9293,46.41,116.15,3.6725,1.4635,1
1-Feb-2001,0.5518,0.9406,46.4,116.4,3.6725,1.4755,1
2-Feb-2001,0.5539,0.9407,46.41,115.25,3.6725,1.4768,1
5-Feb-2001,0.5518,0.9425,46.41,115.85,3.6725,1.4751,1
6-Feb-2001,0.5508,0.9322,46.4,115,3.6725,1.4671,1
7-Feb-2001,0.5492,0.9325,46.39,114.9,3.6725,1.461,1
8-Feb-2001,0.5434,0.922,46.44,116.25,3.6725,1.4502,1
9-Feb-2001,0.5365,0.9227,46.43,116.55,3.6725,1.4445,1
12-Feb-2001,0.5377,0.9288,46.48,,3.6725,1.4517,1
13-Feb-2001,0.5373,0.9275,46.55,117.25,3.6725,1.4555,1
14-Feb-2001,0.5311,0.9178,46.6,116.65,3.6725,1.4577,1
15-Feb-2001,0.5271,0.909,46.59,116.2,3.6725,1.4464,1
16-Feb-2001,0.5264,0.9113,46.54,115.7,3.6725,1.453,1
19-Feb-2001,0.5288,0.9213,,115.83,3.6725,1.4536,1
20-Feb-2001,0.5303,0.907,46.58,116.08,3.6725,1.4363,1
21-Feb-2001,0.5233,0.9146,,115.55,3.6725,1.4443,1
22-Feb-2001,0.5249,0.9056,46.63,116,3.6725,1.4442,1
23-Feb-2001,0.5224,0.9064,46.58,116.75,3.6725,1.4431,1
26-Feb-2001,0.5271,0.9105,46.63,116.05,3.6725,1.4488,1
27-Feb-2001,0.5236,0.9163,46.67,116.05,3.6725,1.4442,1
28-Feb-2001,0.525,0.9248,46.61,116.4,3.6725,1.448,1
1-Mar-2001,0.5273,0.9269,46.53,117.3,3.6725,1.4487,1
2-Mar-2001,,0.9363,46.57,117.5,3.6725,1.4685,1
5-Mar-2001,0.5264,0.9305,46.56,119.3,3.6725,1.4701,1
6-Mar-2001,0.5218,0.9279,,118.7,3.6725,1.4673,1
7-Mar-2001,0.5133,0.9307,46.52,119.3,3.6725,1.4635,1
8-Mar-2001,0.5093,0.9312,46.54,120.2,3.6725,1.4678,1
9-Mar-2001,0.5121,0.9357,46.53,119.5,3.6725,1.4648,1
12-Mar-2001,0.5084,0.9272,46.55,120.45,3.6725,1.4641,1
13-Mar-2001,0.5076,0.9202,46.61,120.18,3.6725,1.4533,1
14-Mar-2001,0.5027,0.9182,46.69,119.68,3.6725,1.4532,1
15-Mar-2001,0.4956,0.9064,46.65,120.85,3.6725,1.4429,1
16-Mar-2001,0.4944,0.8947,46.67,122.45,3.6725,1.4311,1
19-Mar-2001,0.4978,0.8996,46.69,123.3,3.6725,1.4323,1
20-Mar-2001,0.5005,0.902,46.7,,3.6725,1.4306,1
21-Mar-2001,0.5014,0.899,46.7,123.25,3.6725,1.4284,1
22-Mar-2001,0.4927,0.8889,46.68,123.65,3.6725,1.4212,1
23-Mar-2001,0.4945,0.8922,46.67,123.1,3.6725,1.4247,1
26-Mar-2001,0.4926,0.8935,,123.5,3.6725,1.432,1
27-Mar-2001,0.4988,0.8952,46.63,122.5,3.6725,1.4333,1
28-Mar-2001,0.4994,0.886,46.62,121.9,3.6725,1.4297,1
29-Mar-2001,0.4934,0.884,46.66,122.4,3.6725,1.4408,1
30-Mar-2001,0.489,0.8832,46.64,124.6,3.6725,1.4255,1
2-Apr-2001,0.4857,0.8772,,126.3,3.6725,1.4216,1
3-Apr-2001,0.4833,0.8845,46.64,126.45,3.6725,1.4215,1
4-Apr-2001,0.4874,0.9032,46.63,125.95,3.6725,1.4317,1
5-Apr-2001,0.4923,0.902,,124.7,3.6725,1.4356,1
6-Apr-2001,0.4931,0.894,,125.2,3.6725,1.4298,1
9-Apr-2001,0.4947,0.9018,46.55,124.85,3.6725,1.4441,1
10-Apr-2001,0.4943,0.8945,46.56,124.9,3.6725,1.4419,1
11-Apr-2001,0.499,0.884,46.58,124,3.6725,1.4362,1
12-Apr-2001,0.5049,0.8849,46.89,123,3.6725,1.4361,1
13-Apr-2001,,,,124.2,3.6725,1.4361,1
16-Apr-2001,,,46.96,124.65,3.6725,1.4361,1
17-Apr-2001,0.5112,0.8791,46.97,124.45,3.6725,1.4312,1
18-Apr-2001,0.5008,0.8778,46.84,122.85,3.6725,1.426,1
19-Apr-2001,0.5034,0.8827,46.84,122.1,3.6725,1.4303,1
20-Apr-2001,0.5155,0.8989,46.85,121.6,3.6725,1.443,1
23-Apr-2001,0.5048,0.9002,46.79,122.05,3.6725,1.4416,1
24-Apr-2001,0.5068,0.8973,46.84,121.55,3.6725,1.4376,1
25-Apr-2001,,0.8947,46.85,122.2,3.6725,1.4355,1
26-Apr-2001,0.5067,0.9013,46.85,122.1,3.6725,1.4397,1
27-Apr-2001,0.5113,0.9023,46.86,123.45,3.6725,1.4431,1
30-Apr-2001,0.5088,0.8876,46.86,,3.6725,1.4318,1
1-May-2001,0.5127,,46.86,123.2,3.6725,1.4273,1
2-May-2001,0.5202,0.8907,46.81,122.1,3.6725,1.4303,1
3-May-2001,0.5199,0.8903,46.85,,3.6725,1.4303,1
4-May-2001,0.5175,0.8939,46.83,,3.6725,1.4336,1
7-May-2001,0.5184,0.8919,,121.68,3.6725,,1
8-May-2001,0.5184,0.8866,46.81,121.65,3.6725,1.4339,1
9-May-2001,0.5198,0.8827,46.83,121.65,3.6725,1.425,1
10-May-2001,0.5231,0.885,46.85,122.15,3.6725,1.4235,1
11-May-2001,0.5244,0.8773,46.87,122.5,3.6725,1.4169,1
14-May-2001,0.5187,0.8745,46.9,122.68,3.6725,1.4188,1
15-May-2001,0.5188,0.8768,47,123.25,3.6725,1.4178,1
16-May-2001,0.5206,0.8834,46.93,123.9,3.6725,1.4276,1
17-May-2001,0.5248,0.8815,46.94,123.25,3.6725,1.4317,1
18-May-2001,0.5271,0.8777,46.94,122.65,3.6725,1.4284,1
21-May-2001,0.5294,0.8754,46.96,123.45,3.6725,1.4359,1
22-May-2001,0.5267,0.8685,47.02,122.85,3.6725,1.4348,1
23-May-2001,0.5193,0.8585,46.99,121.6,3.6725,1.4227,1
24-May-2001,0.5129,0.8604,46.98,120,3.6725,1.415,1
25-May-2001,0.5216,0.8591,46.95,120.2,3.6725,1.4189,1
28-May-2001,0.5203,0.8584,46.94,121,3.6725,,1
29-May-2001,0.5171,0.8552,46.97,121.37,3.6725,1.4187,1
30-May-2001,0.52,0.8558,46.96,120.2,3.6725,1.4213,1
31-May-2001,0.51,0.848,46.99,119.2,3.6725,1.4173,1
1-Jun-2001,0.5064,0.8478,47.05,119.15,3.6725,1.4182,1
4-Jun-2001,0.5085,0.8513,47.02,119.4,3.6725,1.419,1
5-Jun-2001,0.5065,0.8465,,119.3,3.6725,1.4082,1
6-Jun-2001,0.5157,0.8543,47,120.5,3.6725,1.4027,1
7-Jun-2001,0.5159,0.8466,46.98,120.2,3.6725,1.382,1
8-Jun-2001,0.5215,0.8468,46.96,120.2,3.6725,1.3812,1
11-Jun-2001,,0.8494,46.95,121.15,3.6725,1.3848,1
12-Jun-2001,0.5213,0.8474,47.02,121.9,3.6725,1.3747,1
13-Jun-2001,0.5274,0.8542,47.04,122.2,3.6725,1.3773,1
14-Jun-2001,0.527,0.8492,47.05,121.9,3.6725,1.3912,1
15-Jun-2001,0.5236,0.8662,47,121.52,3.6725,1.4087,1
18-Jun-2001,0.5267,0.8581,,122.85,3.6725,1.4025,1
19-Jun-2001,0.5213,0.8563,46.97,123.3,3.6725,1.3969,1
20-Jun-2001,0.5191,0.8513,46.96,123.1,3.6725,1.3952,1
21-Jun-2001,0.5199,0.8552,47,123.85,3.6725,1.4086,1
22-Jun-2001,0.5169,0.8528,47.01,124.3,3.6725,1.4153,1
25-Jun-2001,0.5176,0.8607,46.99,124.2,3.6725,1.4151,1
26-Jun-2001,0.5178,0.8611,47.04,123.6,3.6725,1.4122,1
27-Jun-2001,0.5203,0.8622,47.01,123.95,3.6725,1.4161,1
28-Jun-2001,0.518,0.8511,47.01,124.6,3.6725,1.411,1
29-Jun-2001,0.5075,0.848,47.04,124.05,3.6725,1.4041,1
2-Jul-2001,0.5096,0.8455,47.07,124.7,3.6725,1.4153,1
3-Jul-2001,0.5145,0.8497,47.15,123.95,3.6725,1.4093,1
4-Jul-2001,0.5189,0.8453,47.11,124.5,3.6725,1.4033,1
5-Jul-2001,0.5177,0.8422,47.13,125.4,3.6725,1.4053,1
6-Jul-2001,0.5116,0.8384,47.15,125.75,3.6725,1.4009,1
9-Jul-2001,0.5083,0.8459,47.15,125.55,3.6725,1.4056,1
10-Jul-2001,0.51,0.8545,47.16,125.85,3.6725,1.4096,1
11-Jul-2001,0.51,0.8611,47.16,125.65,3.6725,1.4164,1
12-Jul-2001,0.5057,0.8538,47.18,124.1,3.6725,1.4074,1
13-Jul-2001,0.5062,0.8539,47.16,124.2,3.6725,1.4034,1
16-Jul-2001,0.5093,0.8583,47.16,124.98,3.6725,1.4004,1
17-Jul-2001,0.507,0.8516,47.14,125.45,3.6725,1.3987,1
18-Jul-2001,0.5102,0.863,47.11,125.25,3.6725,1.4089,1
19-Jul-2001,0.5151,0.8723,47.16,124,3.6725,1.4172,1
20-Jul-2001,0.5138,0.8776,47.12,124,3.6725,1.4313,1
23-Jul-2001,0.508,0.8676,47.13,123.55,3.6725,1.4235,1
24-Jul-2001,0.5092,0.8708,47.13,124.35,3.6725,1.4185,1
25-Jul-2001,0.5088,0.8793,47.13,124.35,3.6725,1.4241,1
26-Jul-2001,0.5104,0.8764,47.16,123.5,3.6725,1.43,1
27-Jul-2001,0.5087,0.8768,47.16,123.75,3.6725,1.4256,1
30-Jul-2001,0.5058,0.8751,47.14,124.65,3.6725,1.4243,1
31-Jul-2001,0.5041,0.8755,47.16,124.8,3.6725,1.4257,1
1-Aug-2001,0.511,0.8817,47.13,124.8,3.6725,1.4313,1
2-Aug-2001,0.5188,0.8788,47.12,124.4,3.6725,1.4343,1
3-Aug-2001,0.5178,0.8806,47.1,123.95,3.6725,1.4294,1
6-Aug-2001,,0.8805,47.12,123.96,3.6725,1.4241,1
7-Aug-2001,0.516,0.8768,47.11,123.9,3.6725,1.4159,1
8-Aug-2001,0.5162,0.8763,,123.5,3.6725,1.4152,1
9-Aug-2001,0.5165,0.8853,47.14,123.5,3.6725,1.4207,1
10-Aug-2001,0.5156,0.8936,47.12,122.15,3.6725,1.4251,1
13-Aug-2001,0.5168,0.8991,47.12,122.05,3.6725,1.4234,1
14-Aug-2001,0.5165,0.8968,47.12,123,3.6725,1.4204,1
15-Aug-2001,0.5237,0.9114,,121.45,3.6725,1.4366,1
16-Aug-2001,0.5291,0.9144,47.12,119.85,3.6725,1.4481,1
17-Aug-2001,0.5244,0.9138,47.13,120.25,3.6725,1.4446,1
20-Aug-2001,0.5353,0.9149,47.13,120.45,3.6725,1.4444,1
21-Aug-2001,0.5343,0.9128,,120.83,3.6725,1.4493,1
22-Aug-2001,0.5372,0.9216,,119.8,3.6725,1.4567,1
23-Aug-2001,0.5356,0.9112,47.12,120.45,3.6725,1.4447,1
24-Aug-2001,0.5345,0.9108,47.12,119.7,3.6725,1.4414,1
27-Aug-2001,0.531,0.909,47.13,120.23,3.6725,,1
28-Aug-2001,0.5265,0.9042,47.15,120.25,3.6725,1.4385,1
29-Aug-2001,0.531,0.9122,47.13,119.9,3.6725,1.4567,1
30-Aug-2001,0.5303,0.9095,47.14,119.65,3.6725,1.4535,1
31-Aug-2001,0.5342,0.9158,47.15,118.95,3.6725,1.46,1
3-Sep-2001,0.5268,0.9072,47.13,119.15,3.6725,1.455,1
4-Sep-2001,0.5248,0.897,47.16,118.9,3.6725,1.4481,1
5-Sep-2001,0.5189,0.8891,47.16,119.75,3.6725,1.4467,1
6-Sep-2001,0.5206,0.8855,47.16,121.3,3.6725,1.4524,1
7-Sep-2001,0.5178,0.8952,47.22,121,3.6725,1.4537,1
10-Sep-2001,0.5141,0.9047,47.28,120.05,3.6725,1.4662,1
11-Sep-2001,0.5145,0.8964,47.45,121.6,3.6725,1.4565,1
12-Sep-2001,0.5206,0.9052,47.43,119.35,3.6725,1.4658,1
13-Sep-2001,0.517,0.906,47.54,119.7,3.6725,1.4672,1
14-Sep-2001,0.5151,0.9219,47.7,119,3.6725,1.4737,1
17-Sep-2001,0.5123,0.9269,48.18,117.85,3.6725,1.4708,1
18-Sep-2001,0.4955,0.9256,48.02,117.85,3.6725,1.4677,1
19-Sep-2001,0.4905,0.9258,47.96,117.95,3.6725,1.4644,1
20-Sep-2001,0.4933,0.9259,48.06,117.53,3.6725,1.466,1
21-Sep-2001,0.491,0.92,48.01,117.2,3.6725,1.4559,1
24-Sep-2001,0.4878,0.9164,47.93,,3.6725,1.4601,1
25-Sep-2001,0.4925,0.9176,47.9,117.3,3.6725,1.4625,1
26-Sep-2001,0.4932,0.9219,47.88,117.3,3.6725,1.4755,1
27-Sep-2001,0.4865,0.9205,47.89,118.45,3.6725,1.4745,1
28-Sep-2001,0.4923,0.9131,47.86,119.3,3.6725,1.4702,1
1-Oct-2001,,0.9125,47.93,119.75,3.6725,1.4783,1
2-Oct-2001,0.4944,0.9189,,120.25,3.6725,1.4781,1
3-Oct-2001,0.4981,0.9209,47.96,120.9,3.6725,1.4698,1
4-Oct-2001,0.499,0.9117,47.96,120.35,3.6725,1.4727,1
5-Oct-2001,0.5017,0.9174,47.99,120.5,3.6725,1.4785,1
8-Oct-2001,0.506,0.9214,48.17,,3.6725,1.4734,1
9-Oct-2001,0.5069,0.9193,48.16,120,3.6725,1.4696,1
10-Oct-2001,0.5016,0.9136,48.06,120.5,3.6725,1.4504,1
11-Oct-2001,0.4978,0.9062,48.03,120.25,3.6725,1.4507,1
12-Oct-2001,0.5014,0.904,48.04,121.33,3.6725,1.4465,1
15-Oct-2001,0.5164,0.9097,48.01,121.05,3.6725,1.4506,1
16-Oct-2001,0.5133,0.9052,48.04,120.75,3.6725,1.4439,1
17-Oct-2001,0.5158,0.9022,47.99,121.6,3.6725,1.4461,1
18-Oct-2001,0.5089,0.9026,48.01,121,3.6725,1.4426,1
19-Oct-2001,0.5064,0.9009,48.04,121.2,3.6725,1.4414,1
22-Oct-2001,0.5095,0.8969,48.03,121.45,3.6725,1.4316,1
23-Oct-2001,0.5099,0.8887,48.01,122.65,3.6725,1.4209,1
24-Oct-2001,0.5066,0.8917,48.02,122.58,3.6725,1.426,1
25-Oct-2001,0.5086,0.8889,48.05,123.1,3.6725,1.4257,1
26-Oct-2001,0.5034,0.8911,,122.68,3.6725,1.431,1
29-Oct-2001,0.5014,0.9005,47.98,122.53,3.6725,1.4484,1
30-Oct-2001,0.5069,0.9064,47.98,121.95,3.6725,1.454,1
31-Oct-2001,0.5053,0.9042,47.97,121.82,3.6725,1.4556,1
1-Nov-2001,0.5057,0.9097,48,122.33,3.6725,1.4648,1
2-Nov-2001,,0.9056,47.99,121.83,3.6725,1.4644,1
5-Nov-2001,0.5085,0.8961,47.98,121.73,3.6725,1.4515,1
6-Nov-2001,0.5106,0.8961,47.97,121.55,3.6725,1.4575,1
7-Nov-2001,0.5138,0.9014,47.98,120.83,3.6725,1.4656,1
8-Nov-2001,0.516,0.8972,48.01,120.95,3.6725,1.4629,1
9-Nov-2001,,0.893,48.03,120.35,3.6725,1.4491,1
11-Nov-2001,,,,,,,1
12-Nov-2001,0.5184,0.8919,47.99,120.45,3.6725,1.4543,1
13-Nov-2001,0.5203,0.8842,48.02,120.85,3.6725,1.4477,1
14-Nov-2001,0.5218,0.8803,,121.55,3.6725,1.438,1
15-Nov-2001,0.5178,0.8825,48.02,122.2,3.6725,1.436,1
16-Nov-2001,0.5194,0.8845,,122.4,3.6725,1.4314,1
19-Nov-2001,0.5222,0.8793,47.97,123,3.6725,1.421,1
20-Nov-2001,0.5204,0.8824,47.97,123.05,3.6725,1.4193,1
21-Nov-2001,0.5172,0.8791,47.97,123.3,3.6725,1.4205,1
22-Nov-2001,0.5166,0.8778,48.02,123.2,3.6725,1.4134,1
23-Nov-2001,0.5181,0.8795,48.04,,3.6725,1.414,1
26-Nov-2001,0.5172,0.8818,48.02,124.1,3.6725,1.4183,1
27-Nov-2001,0.5204,0.8788,47.98,124.28,3.6725,1.4089,1
28-Nov-2001,0.5227,0.8831,48,123.55,3.6725,1.4159,1
29-Nov-2001,0.5213,0.8887,47.99,123.02,3.6725,1.4262,1
30-Nov-2001,0.52,0.8898,,123.95,3.6725,1.4255,1
3-Dec-2001,0.5216,0.8925,47.93,123.7,3.6725,1.4212,1
4-Dec-2001,0.516,0.8902,47.94,124.25,3.6725,1.4234,1
5-Dec-2001,0.5147,0.8919,47.91,124.2,3.6725,1.4228,1
6-Dec-2001,0.517,0.8889,47.91,124.7,3.6725,1.4158,1
7-Dec-2001,,0.8911,47.84,124.93,3.6725,1.4269,1
10-Dec-2001,0.5158,0.885,47.82,125.75,3.6725,1.4304,1
11-Dec-2001,0.5147,0.8908,47.82,125.95,3.6725,1.4327,1
12-Dec-2001,0.5188,0.8938,47.81,125.88,3.6725,1.4424,1
13-Dec-2001,0.5195,0.8975,47.88,126.1,3.6725,1.4451,1
14-Dec-2001,0.518,0.9016,47.87,127.35,3.6725,1.4521,1
17-Dec-2001,0.5179,0.9049,,127.8,3.6725,1.458,1
18-Dec-2001,0.5178,0.9012,47.81,128.25,3.6725,1.4547,1
19-Dec-2001,0.5147,0.8983,47.79,128.2,3.6725,1.4473,1
20-Dec-2001,0.5101,0.8973,47.78,128.7,3.6725,1.4447,1
21-Dec-2001,0.5066,0.8943,47.83,129.35,3.6725,1.449,1
24-Dec-2001,0.5091,0.8798,,,3.6725,1.4336,1
25-Dec-2001,,,,130.8,3.6725,,1
26-Dec-2001,,,,130.8,3.6725,,1
27-Dec-2001,0.508,0.8823,48.13,131.3,3.6725,1.4465,1
28-Dec-2001,0.5076,0.8813,48.34,131.8,3.6725,1.4489,1
31-Dec-2001,,,48.18,,3.6725,1.4504,1
1-Jan-2002,,,,,,,1
2-Jan-2002,0.511,0.9038,48.31,,3.6725,1.451,1
3-Jan-2002,0.5163,0.9036,48.25,,3.6725,1.445,1
4-Jan-2002,0.5161,0.8954,48.3,131.1,3.6725,1.4383,1
7-Jan-2002,0.5189,0.8905,48.25,130.8,3.6725,1.4348,1
8-Jan-2002,0.5185,0.8909,48.29,131.88,3.6725,1.4399,1
9-Jan-2002,0.5233,0.8921,48.29,132.98,3.6725,1.4413,1
10-Jan-2002,0.5237,0.8909,48.37,132.15,3.6725,1.4443,1
11-Jan-2002,0.5216,0.8919,48.41,132.35,3.6725,1.4426,1
14-Jan-2002,0.5183,0.8927,48.39,,3.6725,1.4496,1
15-Jan-2002,0.5182,0.8922,48.29,131.7,3.6725,1.4462,1
16-Jan-2002,0.5163,0.8817,48.31,131.35,3.6725,1.436,1
17-Jan-2002,0.5124,0.8819,48.3,132.1,3.6725,1.4344,1
18-Jan-2002,0.515,0.881,48.29,132.9,3.6725,1.4358,1
21-Jan-2002,0.5156,0.884,48.24,132.3,3.6725,1.4356,1
22-Jan-2002,0.5191,0.883,48.28,133.15,3.6725,1.4277,1
23-Jan-2002,0.5212,0.8856,48.27,133.95,3.6725,1.429,1
24-Jan-2002,0.5179,0.8767,,134.45,3.6725,1.4227,1
25-Jan-2002,0.5194,0.8663,48.36,134.8,3.6725,1.4125,1
28-Jan-2002,,0.8578,48.34,133.82,3.6725,1.4056,1
29-Jan-2002,0.5143,0.8624,48.37,133.2,3.6725,1.4105,1
30-Jan-2002,0.5093,0.8642,48.56,132.75,3.6725,1.4163,1
31-Jan-2002,0.5078,0.8637,48.58,132.9,3.6725,1.4131,1
1-Feb-2002,0.5068,0.8632,48.53,134.3,3.6725,1.4112,1
4-Feb-2002,0.5097,0.8644,48.55,133.4,3.6725,1.4163,1
5-Feb-2002,0.5115,0.8683,48.7,132.2,3.6725,1.4219,1
6-Feb-2002,0.5091,0.8664,48.69,133.8,3.6725,1.4149,1
7-Feb-2002,0.5086,0.8664,48.71,133.95,3.6725,1.41,1
8-Feb-2002,0.5111,0.874,48.67,134.05,3.6725,1.4165,1
11-Feb-2002,0.5125,0.8794,48.71,,3.6725,1.4223,1
12-Feb-2002,0.512,0.8753,48.71,133.3,3.6725,1.426,1
13-Feb-2002,0.5089,0.8731,48.68,133.15,3.6725,1.4329,1
14-Feb-2002,0.5138,0.8693,48.71,132.45,3.6725,1.4261,1
15-Feb-2002,0.5152,0.8705,48.71,132.75,3.6725,1.4277,1
18-Feb-2002,0.5179,0.8715,48.67,132.65,3.6725,1.4284,1
19-Feb-2002,0.5178,0.8692,48.66,133.43,3.6725,1.4243,1
20-Feb-2002,0.5183,0.8743,48.63,133.25,3.6725,1.4309,1
21-Feb-2002,0.5156,0.8701,48.63,133.9,3.6725,1.4263,1
22-Feb-2002,0.5138,0.8747,48.71,134.15,3.6725,1.4259,1
25-Feb-2002,0.5134,0.8724,48.85,133.95,3.6725,1.4292,1
26-Feb-2002,0.5147,0.8682,48.77,133.82,3.6725,1.425,1
27-Feb-2002,0.5138,0.8649,48.73,134.45,3.6725,1.4174,1
28-Feb-2002,0.5164,0.8651,48.81,133.9,3.6725,1.4168,1
1-Mar-2002,0.5177,0.8679,48.75,133.55,3.6725,1.421,1
4-Mar-2002,0.52,0.8649,48.7,132.75,3.6725,1.4164,1
5-Mar-2002,0.5204,0.8682,48.7,132.35,3.6725,1.42,1
6-Mar-2002,0.5194,0.8712,48.7,132.05,3.6725,1.4217,1
7-Mar-2002,0.5238,0.8764,48.72,129.95,3.6725,1.4222,1
8-Mar-2002,0.5244,0.8797,48.75,127.65,3.6725,1.4244,1
11-Mar-2002,0.5211,0.8741,48.73,128.95,3.6725,1.4202,1
12-Mar-2002,0.5216,0.8733,,128.6,3.6725,1.4152,1
13-Mar-2002,0.5197,0.8734,48.75,129.3,3.6725,1.4117,1
14-Mar-2002,0.5201,0.8803,48.72,128.85,3.6725,1.4182,1
15-Mar-2002,0.5234,0.8853,48.71,129.25,3.6725,1.4246,1
18-Mar-2002,0.5254,0.8792,48.71,130.45,3.6725,1.4232,1
19-Mar-2002,0.5239,0.8829,48.73,131.15,3.6725,1.4281,1
20-Mar-2002,0.5273,0.8814,48.73,132.26,3.6725,1.4223,1
21-Mar-2002,0.53,0.8817,48.75,,3.6725,1.4319,1
22-Mar-2002,0.5305,0.8795,48.77,132.35,3.6725,1.4273,1
25-Mar-2002,0.5299,0.8759,,132.75,3.6725,1.4265,1
26-Mar-2002,0.529,0.8737,48.76,133.1,3.6725,1.4249,1
27-Mar-2002,0.5275,0.8746,48.83,132.8,3.6725,1.4247,1
28-Mar-2002,0.5316,0.8724,48.8,132.6,3.6725,1.4232,1
29-Mar-2002,,,,133.2,3.6725,,1
1-Apr-2002,,,,133.25,3.6725,,1
2-Apr-2002,0.5327,0.8786,48.8,133.4,3.6725,1.4373,1
3-Apr-2002,0.5301,0.8803,48.88,132.7,3.6725,1.4359,1
4-Apr-2002,0.5309,0.8818,48.88,132.45,3.6725,1.4371,1
5-Apr-2002,0.5308,0.8786,48.85,132.3,3.6725,1.4343,1
8-Apr-2002,0.5284,0.8778,48.85,131.45,3.6725,1.4349,1
9-Apr-2002,0.5288,0.8763,48.94,131.75,3.6725,1.4322,1
10-Apr-2002,0.5309,0.8798,48.9,130.3,3.6725,1.4374,1
11-Apr-2002,0.5344,0.8794,48.91,131.45,3.6725,1.4343,1
12-Apr-2002,0.5358,0.8803,48.92,132.1,3.6725,1.4368,1
15-Apr-2002,0.5337,0.8802,48.92,131.65,3.6725,1.4374,1
16-Apr-2002,0.5313,0.8803,48.92,131.45,3.6725,1.4364,1
17-Apr-2002,0.5339,0.888,48.95,131.05,3.6725,1.4444,1
18-Apr-2002,0.5376,0.8895,48.92,130.62,3.6725,1.4443,1
19-Apr-2002,0.5403,0.8886,48.89,130.1,3.6725,1.4479,1
22-Apr-2002,0.5409,0.8882,48.91,130.12,3.6725,1.4464,1
23-Apr-2002,0.5405,0.8872,48.96,129.88,3.6725,1.4486,1
24-Apr-2002,0.5387,0.8892,49.05,130.23,3.6725,1.4475,1
25-Apr-2002,,0.8969,,129.5,3.6725,1.4522,1
26-Apr-2002,0.5447,0.8971,48.99,128.77,3.6725,1.4519,1
29-Apr-2002,0.5438,0.9038,48.98,,3.6725,1.4606,1
30-Apr-2002,0.5397,0.9008,48.97,128,3.6725,1.4568,1
1-May-2002,0.5389,,,128.55,3.6725,1.4578,1
2-May-2002,0.5393,0.9032,48.96,127.1,3.6725,1.4621,1
3-May-2002,0.5356,0.9083,48.98,,3.6725,1.4631,1
6-May-2002,0.5394,0.9144,48.98,,3.6725,,1
7-May-2002,0.5426,0.9125,48.96,126.92,3.6725,1.4658,1
8-May-2002,0.5428,0.9088,48.97,128.18,3.6725,1.4616,1
9-May-2002,0.5408,0.9061,48.96,128.63,3.6725,1.4575,1
10-May-2002,0.5428,0.9118,48.98,128.6,3.6725,1.4622,1
13-May-2002,0.5471,0.9118,49.02,127.3,3.6725,1.4629,1
14-May-2002,0.5468,0.9062,49.02,128.25,3.6725,1.4513,1
15-May-2002,0.5471,0.903,49.02,128.4,3.6725,1.4492,1
16-May-2002,0.5482,0.9124,49.06,127.7,3.6725,1.4563,1
17-May-2002,0.5479,0.9152,49.01,127.65,3.6725,1.4562,1
20-May-2002,0.5517,0.9202,49.04,125.8,3.6725,1.46,1
21-May-2002,0.5549,0.9213,49.02,125.9,3.6725,1.4578,1
22-May-2002,0.5578,0.926,48.98,125,3.6725,1.461,1
23-May-2002,0.5569,0.9213,49.03,124.3,3.6725,1.459,1
24-May-2002,0.5539,0.9188,49.01,125.05,3.6725,1.4528,1
27-May-2002,0.5574,0.919,48.98,124.8,3.6725,1.4551,1
28-May-2002,0.5576,0.9255,48.99,124.75,3.6725,1.46,1
29-May-2002,0.5628,0.932,48.99,124.64,3.6725,1.4611,1
30-May-2002,,0.9375,49.01,124.25,3.6725,1.465,1
31-May-2002,0.5674,0.9387,49.03,124.4,3.6725,1.4667,1
3-Jun-2002,0.5674,0.9313,49.02,124.35,3.6725,,1
4-Jun-2002,0.5753,0.9435,,123.6,3.6725,,1
5-Jun-2002,0.5727,0.9371,49.04,124.05,3.6725,1.4585,1
6-Jun-2002,0.5723,0.9386,49.03,124.95,3.6725,1.4564,1
7-Jun-2002,0.5734,0.9452,49.02,124.4,3.6725,1.4601,1
10-Jun-2002,,0.9459,49.01,124.85,3.6725,1.4617,1
11-Jun-2002,0.5693,0.9417,48.98,124.6,3.6725,1.4657,1
12-Jun-2002,0.5703,0.9452,48.98,125.45,3.6725,1.472,1
13-Jun-2002,,0.9417,,125.75,3.6725,1.4699,1
14-Jun-2002,0.5674,0.9478,49.03,124.8,3.6725,1.4775,1
17-Jun-2002,0.5598,0.9426,49,124.3,3.6725,1.4775,1
18-Jun-2002,0.5591,0.9484,48.99,124.35,3.6725,1.4828,1
19-Jun-2002,0.5655,0.9561,48.96,124.25,3.6725,1.493,1
20-Jun-2002,0.5677,0.9592,48.91,124,3.6725,1.4934,1
21-Jun-2002,0.5738,0.9636,48.92,123.4,3.6725,1.4958,1
24-Jun-2002,0.5766,0.9781,48.91,122.7,3.6725,1.5053,1
25-Jun-2002,0.5718,0.9712,48.9,121.6,3.6725,1.5034,1
26-Jun-2002,0.5767,0.9917,48.88,121,3.6725,1.5263,1
27-Jun-2002,0.5653,0.9824,48.85,120.1,3.6725,1.5192,1
28-Jun-2002,0.5648,0.9975,48.87,119.45,3.6725,1.537,1
1-Jul-2002,0.5608,0.9913,48.84,119.5,3.6725,1.5309,1
2-Jul-2002,0.5605,0.9838,48.83,120,3.6725,1.5281,1
3-Jul-2002,0.5613,0.978,48.81,120.15,3.6725,1.5251,1
4-Jul-2002,0.5574,0.979,48.79,120.25,3.6725,1.5254,1
5-Jul-2002,0.556,0.9725,48.82,120.4,3.6725,1.5177,1
8-Jul-2002,0.5626,0.9828,48.82,119.2,3.6725,1.5316,1
9-Jul-2002,0.5646,0.993,48.82,118.75,3.6725,1.5437,1
10-Jul-2002,0.5692,0.9898,48.78,118.18,3.6725,1.5521,1
11-Jul-2002,0.564,0.9836,48.81,117.7,3.6725,1.5436,1
12-Jul-2002,0.558,0.9873,48.77,116.9,3.6725,1.5486,1
15-Jul-2002,0.5607,1.0024,48.83,116.3,3.6725,1.5582,1
16-Jul-2002,0.5629,1.0127,48.82,116.25,3.6725,1.5735,1
17-Jul-2002,0.5557,1.0064,48.78,115.95,3.6725,1.5645,1
18-Jul-2002,0.5517,1.0058,48.78,116.58,3.6725,1.5645,1
19-Jul-2002,0.5573,1.0146,48.74,115.9,3.6725,1.577,1
22-Jul-2002,0.555,1.0086,48.7,116.15,3.6725,1.5741,1
23-Jul-2002,0.5423,0.991,48.7,116.95,3.6725,1.5648,1
24-Jul-2002,0.5404,0.9915,48.67,117.5,3.6725,1.5668,1
25-Jul-2002,0.5424,1.0014,48.68,116.35,3.6725,1.5714,1
26-Jul-2002,0.539,1.0008,48.67,117.4,3.6725,1.5802,1
29-Jul-2002,0.5371,0.9821,48.7,119.18,3.6725,1.5631,1
30-Jul-2002,0.5435,0.9835,48.73,120.12,3.6725,1.5626,1
31-Jul-2002,0.5478,0.9783,48.68,119.85,3.6725,1.5654,1
1-Aug-2002,0.5406,0.976,48.67,119.75,3.6725,1.5515,1
2-Aug-2002,0.5408,0.9873,48.65,118.95,3.6725,1.5706,1
5-Aug-2002,,0.9836,48.64,118.8,3.6725,1.5629,1
6-Aug-2002,0.5262,0.9689,48.68,119.8,3.6725,1.5427,1
7-Aug-2002,0.5301,0.9698,48.69,120.85,3.6725,1.5349,1
8-Aug-2002,0.5368,0.9687,48.66,120.15,3.6725,1.5259,1
9-Aug-2002,0.5338,0.9729,48.67,121.05,3.6725,1.5287,1
12-Aug-2002,0.5392,0.978,48.62,119.9,3.6725,1.5252,1
13-Aug-2002,0.5399,0.9799,48.62,118.9,3.6725,1.5313,1
14-Aug-2002,0.5412,0.9857,48.6,117.05,3.6725,1.545,1
15-Aug-2002,0.5392,0.9777,,117.55,3.6725,1.5312,1
16-Aug-2002,0.5457,0.9825,48.58,117.6,3.6725,1.5337,1
18-Aug-2002,,,,,,,1
19-Aug-2002,0.5443,0.9799,48.56,117.9,3.6725,1.538,1
20-Aug-2002,0.5438,0.9792,48.57,119,3.6725,1.5238,1
21-Aug-2002,0.5468,0.9762,48.54,118.1,3.6725,1.5264,1
22-Aug-2002,0.5435,0.977,48.54,119,3.6725,1.5281,1
23-Aug-2002,0.5411,0.9697,48.52,120.05,3.6725,1.5188,1
26-Aug-2002,0.5436,0.9701,48.52,119.68,3.6725,1.5238,1
27-Aug-2002,0.5516,0.9774,48.5,118.85,3.6725,1.526,1
28-Aug-2002,0.5527,0.9826,48.48,118.4,3.6725,1.5327,1
29-Aug-2002,0.5514,0.9843,48.5,118.85,3.6725,1.5417,1
30-Aug-2002,0.5532,0.9833,48.51,117.95,3.6725,1.5527,1
2-Sep-2002,0.5486,0.9821,48.48,118.7,3.6725,1.5487,1
3-Sep-2002,,0.991,48.47,117.95,3.6725,1.5587,1
4-Sep-2002,0.5433,0.9947,48.45,117.3,3.6725,1.5629,1
5-Sep-2002,0.5434,0.9975,48.47,118.05,3.6725,1.5698,1
6-Sep-2002,0.5445,0.9918,48.53,118.55,3.6725,1.5676,1
9-Sep-2002,0.5481,0.9794,48.52,118.55,3.6725,1.5597,1
10-Sep-2002,0.55,0.976,,118.55,3.6725,1.5518,1
11-Sep-2002,,0.9749,,119.8,3.6725,1.556,1
12-Sep-2002,0.5521,0.9757,48.47,120.18,3.6725,1.5535,1
13-Sep-2002,0.5515,0.981,48.45,119.77,3.6725,1.5618,1
16-Sep-2002,0.5487,0.9683,48.4,,3.6725,1.5418,1
17-Sep-2002,0.5492,0.9649,48.41,122.75,3.6725,1.5306,1
18-Sep-2002,0.5465,0.9725,48.41,121.95,3.6725,1.5384,1
19-Sep-2002,0.5501,0.9814,48.42,121.7,3.6725,1.5527,1
20-Sep-2002,0.5487,0.979,48.45,122.7,3.6725,1.5496,1
23-Sep-2002,0.5464,0.9831,48.42,,3.6725,1.557,1
24-Sep-2002,0.5422,0.9828,48.41,123.65,3.6725,1.5541,1
25-Sep-2002,0.5459,0.9771,48.41,122.55,3.6725,1.5585,1
26-Sep-2002,0.5436,0.9796,48.39,122.9,3.6725,1.5608,1
27-Sep-2002,0.5444,0.9779,48.38,122.35,3.6725,1.5553,1
30-Sep-2002,0.5435,0.986,,121.55,3.6725,1.5637,1
1-Oct-2002,0.5415,0.9861,48.36,122.1,3.6725,1.5729,1
2-Oct-2002,0.5422,0.9835,,122.95,3.6725,1.5655,1
3-Oct-2002,0.5441,0.989,48.36,122.85,3.6725,1.57,1
4-Oct-2002,0.5463,0.9865,48.36,122.85,3.6725,1.5681,1
7-Oct-2002,,0.9808,48.36,123.78,3.6725,1.5629,1
8-Oct-2002,0.549,0.98,48.37,124.25,3.6725,1.5648,1
9-Oct-2002,0.5467,0.9814,48.34,123.9,3.6725,1.5523,1
10-Oct-2002,0.5471,0.9875,48.34,123.48,3.6725,1.5643,1
11-Oct-2002,0.5474,0.9857,48.33,124,3.6725,1.562,1
14-Oct-2002,0.5465,,48.33,,3.6725,1.5615,1
15-Oct-2002,0.546,0.981,,124.35,3.6725,1.554,1
16-Oct-2002,,0.9823,48.34,124.75,3.6725,1.5546,1
17-Oct-2002,0.549,0.9763,48.39,124.35,3.6725,1.5541,1
18-Oct-2002,0.5504,0.9735,48.41,125.2,3.6725,1.5475,1
21-Oct-2002,0.5538,0.9748,48.36,124.95,3.6725,1.5476,1
22-Oct-2002,0.5542,0.9768,48.36,125.2,3.6725,1.5455,1
23-Oct-2002,0.5528,0.9775,,124.3,3.6725,1.5464,1
24-Oct-2002,0.5533,0.9738,,124.05,3.6725,1.5457,1
25-Oct-2002,0.555,0.9763,,124,3.6725,1.5529,1
28-Oct-2002,0.5556,0.9745,48.39,124.8,3.6725,1.5476,1
29-Oct-2002,0.559,0.982,48.45,123.55,3.6725,1.559,1
30-Oct-2002,0.5552,0.9825,48.39,122.88,3.6725,1.5569,1
31-Oct-2002,0.5534,0.9864,48.41,122.45,3.6725,1.56,1
1-Nov-2002,0.5551,0.9974,48.34,122.65,3.6725,1.5632,1
4-Nov-2002,0.5604,0.9944,,,3.6725,1.5567,1
5-Nov-2002,0.5615,1.0024,48.32,121.9,3.6725,1.5635,1
6-Nov-2002,0.5608,0.9955,48.32,122.15,3.6725,1.5577,1
7-Nov-2002,0.564,1.0013,48.32,121.7,3.6725,1.5659,1
8-Nov-2002,0.5656,1.0107,48.27,120.95,3.6725,1.5853,1
11-Nov-2002,0.5648,1.0126,48.27,119.55,3.6725,1.5958,1
12-Nov-2002,0.5596,1.0081,48.27,119.75,3.6725,1.5903,1
13-Nov-2002,0.5614,1.0068,48.28,119.7,3.6725,1.5874,1
14-Nov-2002,0.5597,1.0095,48.28,120.35,3.6725,1.5871,1
15-Nov-2002,0.5632,1.0029,48.23,120.65,3.6725,1.57504,1
18-Nov-2002,0.5634,1.0065,48.2,120.95,3.6725,1.5809,1
19-Nov-2002,0.5618,1.0125,,120.95,3.6725,1.5897,1
20-Nov-2002,0.558,1.0019,48.21,122.32,3.6725,1.5727,1
21-Nov-2002,0.5604,1.0034,48.21,122.4,3.6725,1.5745,1
22-Nov-2002,0.5625,1.0024,48.2,122.77,3.6725,1.5813,1
25-Nov-2002,0.5622,0.9905,48.2,122.62,3.6725,1.5669,1
26-Nov-2002,0.5604,0.991,48.21,122.05,3.6725,1.5631,1
27-Nov-2002,0.5607,0.9927,48.21,121.7,3.6725,1.5504,1
28-Nov-2002,0.5574,,48.24,122.27,3.6725,1.5531,1
29-Nov-2002,0.5608,0.9927,48.27,122.3,3.6725,1.552,1
2-Dec-2002,0.5598,0.9871,48.32,123.35,3.6725,1.5475,1
3-Dec-2002,0.559,0.9967,48.25,124.47,3.6725,1.565,1
4-Dec-2002,0.5604,1.0018,48.21,124.88,3.6725,1.5733,1
5-Dec-2002,0.5616,0.9991,48.24,125.25,3.6725,1.5698,1
6-Dec-2002,0.5612,1.0006,48.27,125.2,3.6725,1.569,1
9-Dec-2002,0.5634,1.0093,48.22,123.2,3.6725,1.5782,1
10-Dec-2002,0.5633,1.0111,,123.55,3.6725,1.5788,1
11-Dec-2002,0.5605,1.0067,48.19,123.9,3.6725,1.572,1
12-Dec-2002,0.5612,1.0156,48.22,123.37,3.6725,1.5786,1
13-Dec-2002,0.566,1.0221,48.18,122.65,3.6725,1.5871,1
16-Dec-2002,0.5662,1.0212,48.16,120.65,3.6725,1.5889,1
17-Dec-2002,0.567,1.0307,48.13,120.75,3.6725,1.5991,1
18-Dec-2002,0.5663,1.024,48.15,121.35,3.6725,1.5982,1
19-Dec-2002,0.5662,1.0273,48.11,121.15,3.6725,1.6048,1
20-Dec-2002,0.5659,1.0255,48.05,120.77,3.6725,1.603,1
23-Dec-2002,0.5627,1.0282,47.99,,3.6725,1.599,1
24-Dec-2002,0.5617,1.0296,48.01,120.4,3.6725,1.5904,1
25-Dec-2002,,,,120.4,3.6725,,1
26-Dec-2002,0.5617,,48.03,120.25,3.6725,1.598,1
27-Dec-2002,0.5643,1.0376,48.03,120,3.6725,1.5997,1
30-Dec-2002,0.5636,1.0422,47.96,119.9,3.6725,1.6019,1
31-Dec-2002,0.5662,1.0487,48.03,,3.6725,1.6118,1
2-Jan-2003,0.5634,1.0446,48.01,,3.6725,1.6075,1
3-Jan-2003,0.5629,1.0392,48.02,,3.6725,1.5947,1
6-Jan-2003,0.5696,1.0488,48,119.3,3.6725,1.6132,1
7-Jan-2003,0.5745,1.0425,47.99,119.45,3.6725,1.6035,1
8-Jan-2003,0.5737,1.0377,47.98,120.15,3.6725,1.6016,1
9-Jan-2003,0.5773,1.0507,47.97,118.9,3.6725,1.6093,1
10-Jan-2003,0.5759,1.0503,47.96,119.54,3.6725,1.6085,1
13-Jan-2003,0.5835,1.0549,47.95,,3.6725,1.6042,1
14-Jan-2003,0.5863,1.0577,47.9,118.9,3.6725,1.6055,1
15-Jan-2003,0.5868,1.0526,47.94,118.05,3.6725,1.5984,1
16-Jan-2003,0.5869,1.0564,47.96,118.2,3.6725,1.6043,1
17-Jan-2003,0.5895,1.0652,47.94,118,3.6725,1.6162,1
20-Jan-2003,0.5904,1.0653,47.91,118.2,3.6725,1.6066,1
21-Jan-2003,0.5882,1.0653,47.95,118.8,3.6725,1.6067,1
22-Jan-2003,0.5899,1.0718,47.91,118.15,3.6725,1.6102,1
23-Jan-2003,0.587,1.0757,47.91,118.7,3.6725,1.6216,1
24-Jan-2003,0.5931,1.0784,47.87,117.98,3.6725,1.6304,1
27-Jan-2003,,1.087,47.89,117.85,3.6725,1.638,1
28-Jan-2003,,1.0808,47.92,118.57,3.6725,1.6377,1
29-Jan-2003,0.5888,1.0868,47.86,118.15,3.6725,1.6469,1
30-Jan-2003,0.5878,1.0748,47.82,118.6,3.6725,1.6435,1
31-Jan-2003,0.5884,1.0816,47.8,118.95,3.6725,1.6509,1
3-Feb-2003,0.586,1.0729,47.78,120.15,3.6725,1.6382,1
4-Feb-2003,0.5851,1.0822,47.78,120.3,3.6725,1.6452,1
5-Feb-2003,0.5928,1.091,47.76,119.6,3.6725,1.6515,1
6-Feb-2003,0.5894,1.0813,47.73,120,3.6725,1.6465,1
7-Feb-2003,0.5922,1.0789,47.72,119.7,3.6725,1.626,1
10-Feb-2003,0.5916,1.0808,47.69,120.45,3.6725,1.6339,1
11-Feb-2003,0.5886,1.0706,47.71,,3.6725,1.6193,1
12-Feb-2003,0.5924,1.0731,47.79,120.75,3.6725,1.6182,1
13-Feb-2003,0.5907,1.0758,,120.95,3.6725,1.6205,1
14-Feb-2003,0.5958,1.0793,47.86,120.4,3.6725,1.6165,1
17-Feb-2003,0.5909,1.0716,47.76,120.5,3.6725,1.5988,1
18-Feb-2003,0.5911,1.0714,47.74,119.25,3.6725,1.5957,1
19-Feb-2003,0.5904,1.0717,47.7,119.05,3.6725,1.5933,1
20-Feb-2003,0.5952,1.0763,47.71,118.9,3.6725,1.597,1
21-Feb-2003,0.5992,1.0838,47.74,118.37,3.6725,1.5963,1
24-Feb-2003,0.5987,1.0721,47.71,118.4,3.6725,1.578,1
25-Feb-2003,0.6058,1.0774,47.76,117.3,3.6725,1.5772,1
26-Feb-2003,,1.0753,47.69,117.45,3.6725,1.576,1
27-Feb-2003,0.6073,1.0822,47.68,116.9,3.6725,1.5836,1
28-Feb-2003,0.6054,1.0782,47.67,117.75,3.6725,1.5828,1
3-Mar-2003,0.6065,1.08,47.66,118.22,3.6725,1.5753,1
4-Mar-2003,0.6143,1.0919,47.65,117.55,3.6725,1.5814,1
5-Mar-2003,0.6171,1.0966,47.63,117.35,3.6725,1.5936,1
6-Mar-2003,0.6141,1.0963,47.64,117.38,3.6725,1.603,1
7-Mar-2003,0.6142,1.1039,47.67,117.37,3.6725,1.6063,1
10-Mar-2003,0.6132,1.1042,47.66,116.78,3.6725,1.5978,1
11-Mar-2003,0.6141,1.108,47.65,116.9,3.6725,1.6013,1
12-Mar-2003,0.6051,1.1028,47.66,117.45,3.6725,1.6132,1
13-Mar-2003,0.5926,1.0864,47.66,118,3.6725,1.6064,1
14-Mar-2003,0.5952,1.0775,,118.2,3.6725,1.594,1
17-Mar-2003,0.6011,1.0801,47.66,117.9,3.6725,1.5802,1
18-Mar-2003,0.5927,1.0586,,118.65,3.6725,1.5641,1
19-Mar-2003,0.5928,1.057,47.67,118.7,3.6725,1.5552,1
20-Mar-2003,0.5926,1.0592,47.79,120,3.6725,1.5667,1
21-Mar-2003,0.5933,1.0572,47.7,,3.6725,1.5653,1
24-Mar-2003,0.5941,1.0634,47.66,120.9,3.6725,1.573,1
25-Mar-2003,0.5963,1.0691,47.65,119.85,3.6725,1.5766,1
26-Mar-2003,0.5968,1.0667,47.58,119.93,3.6725,1.5706,1
27-Mar-2003,0.5998,1.0723,47.54,119.85,3.6725,1.5732,1
28-Mar-2003,0.5993,1.073,47.55,120.23,3.6725,1.5642,1
31-Mar-2003,0.6036,1.0895,47.5,120.15,3.6725,1.5797,1
1-Apr-2003,0.6041,1.0891,,118.27,3.6725,1.5762,1
2-Apr-2003,0.6035,1.083,,117.9,3.6725,1.5737,1
3-Apr-2003,0.6023,1.0702,47.41,118.7,3.6725,1.5628,1
4-Apr-2003,0.6015,1.072,47.4,119.95,3.6725,1.5655,1
7-Apr-2003,0.5965,1.0582,47.39,120.75,3.6725,1.5505,1
8-Apr-2003,0.6,1.066,47.42,119.95,3.6725,1.5517,1
9-Apr-2003,0.603,1.0742,47.46,119.85,3.6725,1.5553,1
10-Apr-2003,0.6059,1.0805,47.41,120.1,3.6725,1.5632,1
11-Apr-2003,0.6069,1.0735,,119.75,3.6725,1.5699,1
14-Apr-2003,0.6048,1.0737,,120.65,3.6725,1.5736,1
15-Apr-2003,0.6038,1.0784,,120.2,3.6725,1.5719,1
16-Apr-2003,0.6086,1.0836,47.36,120.26,3.6725,1.5752,1
17-Apr-2003,0.614,1.092,47.37,119.05,3.6725,1.5769,1
18-Apr-2003,,,,119.75,3.6725,,1
21-Apr-2003,,,47.35,120.05,3.6725,,1
22-Apr-2003,0.6144,1.0971,47.37,120.65,3.6725,1.5766,1
23-Apr-2003,0.6205,1.0944,47.33,120.1,3.6725,1.5784,1
24-Apr-2003,0.6208,1.1008,47.34,119.95,3.6725,1.5918,1
25-Apr-2003,,1.0973,47.35,120.1,3.6725,1.5881,1
28-Apr-2003,0.6176,1.1025,47.36,120,3.6725,1.596,1
29-Apr-2003,0.6203,1.0956,47.37,,3.6725,1.5913,1
30-Apr-2003,0.623,1.1131,47.35,119.6,3.6725,1.5961,1
1-May-2003,0.6271,,,118.9,3.6725,1.6039,1
2-May-2003,0.6323,1.1239,47.36,118.6,3.6725,1.6072,1
5-May-2003,0.6314,1.1218,47.35,,3.6725,1.6062,1
6-May-2003,0.6359,1.1344,47.31,118.55,3.6725,1.609,1
7-May-2003,0.6421,1.1427,47.27,117.68,3.6725,1.6075,1
8-May-2003,0.636,1.1435,47.26,116.65,3.6725,1.5996,1
9-May-2003,0.6431,1.1466,47.19,117.1,3.6725,1.6031,1
12-May-2003,0.6487,1.1597,47.16,116.9,3.6725,1.6136,1
13-May-2003,0.6487,1.1518,47.17,117,3.6725,1.6074,1
14-May-2003,0.6452,1.1499,47.14,116.6,3.6725,1.6137,1
15-May-2003,0.6438,1.1458,,116.25,3.6725,1.6198,1
16-May-2003,0.6422,1.1492,,116.3,3.6725,1.6215,1
19-May-2003,0.6564,1.1652,47.06,115.25,3.6725,1.6349,1
20-May-2003,0.6567,1.1644,46.94,117.08,3.6725,1.6327,1
21-May-2003,0.6588,1.1689,46.76,116.67,3.6725,1.6436,1
22-May-2003,0.6548,1.172,46.91,117.65,3.6725,1.6334,1
23-May-2003,0.6563,1.179,46.94,117.3,3.6725,1.6396,1
26-May-2003,0.6587,1.1813,46.9,116.88,3.6725,1.6384,1
27-May-2003,0.6589,1.1901,46.84,116.65,3.6725,1.6442,1
28-May-2003,0.6568,1.1738,46.96,117.25,3.6725,1.634,1
29-May-2003,0.6478,1.1756,47.03,118.95,3.6725,1.6421,1
30-May-2003,0.6522,1.1822,47.03,118.35,3.6725,1.6476,1
2-Jun-2003,0.6503,1.1672,47.16,119,3.6725,1.63,1
3-Jun-2003,0.6582,1.1723,47.03,118.4,,1.635,1
4-Jun-2003,0.6607,1.1691,46.88,118.75,3.6725,1.6327,1
5-Jun-2003,0.6628,1.1775,46.91,118.45,3.6725,1.639,1
6-Jun-2003,0.6662,1.1813,46.82,117.8,3.6725,1.665,1
9-Jun-2003,,1.1726,46.9,118.45,3.6725,1.6514,1
10-Jun-2003,0.6575,1.1699,46.82,118.15,3.6725,1.6515,1
11-Jun-2003,0.6572,1.1748,46.73,117.77,3.6725,1.6638,1
12-Jun-2003,0.6647,1.1734,46.68,117.88,3.6725,1.6735,1
13-Jun-2003,0.6644,1.1751,46.69,117.6,3.6725,1.6694,1
16-Jun-2003,0.6678,1.1854,46.63,117.7,3.6725,1.6834,1
17-Jun-2003,0.6709,1.1797,46.64,117.6,3.6725,1.6803,1
18-Jun-2003,0.6701,1.1699,46.58,118.1,3.6725,1.68,1
19-Jun-2003,0.6654,1.1655,46.58,118.65,3.6725,1.6732,1
20-Jun-2003,0.6706,1.1655,46.54,118.25,3.6725,1.6742,1
23-Jun-2003,0.6675,1.1539,46.58,118.3,3.6725,1.6579,1
24-Jun-2003,0.6643,1.1565,46.6,117.65,3.6725,1.6685,1
25-Jun-2003,0.6642,1.1551,46.62,117.5,3.6725,1.6718,1
26-Jun-2003,0.6688,1.1432,46.54,118.25,3.6725,1.667,1
27-Jun-2003,0.6661,1.1413,46.49,119.45,3.6725,1.6551,1
30-Jun-2003,0.6674,1.1427,,119.85,3.6725,1.6501,1
1-Jul-2003,0.6732,1.1543,46.48,119.65,3.6725,1.658,1
2-Jul-2003,0.6783,1.1535,46.46,119.2,3.6725,1.6637,1
3-Jul-2003,0.6807,1.1457,46.41,118.25,3.6725,1.6625,1
4-Jul-2003,0.6812,1.1466,46.33,118.4,3.6725,1.6685,1
7-Jul-2003,0.6845,1.136,46.28,118.1,3.6725,1.6528,1
8-Jul-2003,0.675,1.1326,46.29,118.18,3.6725,1.6362,1
9-Jul-2003,0.662,1.1355,46.29,118.35,3.6725,1.6335,1
10-Jul-2003,0.6526,1.1342,46.21,117.8,3.6725,1.6375,1
11-Jul-2003,0.6587,1.1315,46.14,117.9,3.6725,1.636,1
14-Jul-2003,0.6567,1.1299,46.06,117.73,3.6725,1.6248,1
15-Jul-2003,0.6564,1.1319,46.12,117.75,3.6725,1.6119,1
16-Jul-2003,0.651,1.1138,46.2,118.25,3.6725,1.5912,1
17-Jul-2003,0.6544,1.1231,46.26,118.15,3.6725,1.5957,1
18-Jul-2003,0.6474,1.1205,46.23,118.93,3.6725,1.5926,1
21-Jul-2003,0.6475,1.1284,46.26,,3.6725,1.5909,1
22-Jul-2003,0.6529,1.1343,46.26,119.2,3.6725,1.6023,1
23-Jul-2003,0.6515,1.1401,46.18,119.05,3.6725,1.6036,1
24-Jul-2003,0.6623,1.1467,46.15,118.8,3.6725,1.6141,1
25-Jul-2003,0.663,1.1477,46.16,119.15,3.6725,1.6173,1
28-Jul-2003,0.662,1.1489,46.13,119.1,3.6725,1.6223,1
29-Jul-2003,0.6646,1.1462,46.12,119.3,3.6725,1.6255,1
30-Jul-2003,0.6604,1.142,,119.88,3.6725,1.6237,1
31-Jul-2003,0.6529,1.1318,46.14,120.1,3.6725,1.6106,1
1-Aug-2003,0.6475,1.1169,46.16,120.4,3.6725,1.6028,1
4-Aug-2003,,1.1307,46.11,119.8,3.6725,1.6118,1
5-Aug-2003,0.6474,1.1333,46.12,120.35,3.6725,1.6104,1
6-Aug-2003,0.6502,1.1392,46.08,119.9,3.6725,1.6145,1
7-Aug-2003,0.6452,1.1353,46.02,120.14,3.6725,1.6071,1
8-Aug-2003,0.6519,1.1326,46.03,119.22,3.6725,1.6128,1
11-Aug-2003,0.6541,1.1295,45.96,118.9,3.6725,1.5994,1
12-Aug-2003,0.659,1.1312,45.93,118.68,3.6725,1.6035,1
13-Aug-2003,0.6536,1.1277,45.92,119.13,3.6725,1.6046,1
14-Aug-2003,0.659,1.127,45.91,119.3,3.6725,1.6078,1
15-Aug-2003,0.6576,1.1247,,119,3.6725,1.6011,1
18-Aug-2003,0.6612,1.1188,45.86,119.36,3.6725,1.5917,1
19-Aug-2003,0.6547,1.1065,45.84,119.35,3.6725,1.5864,1
20-Aug-2003,0.6551,1.1109,45.82,118.65,3.6725,1.5901,1
21-Aug-2003,0.6582,1.1009,45.84,118.1,3.6725,1.5834,1
22-Aug-2003,0.6512,1.0894,45.86,117.82,3.6725,1.5761,1
25-Aug-2003,0.6511,1.0888,45.86,117.58,3.6725,1.5729,1
26-Aug-2003,0.6458,1.0816,45.87,117.53,3.6725,1.5639,1
27-Aug-2003,0.6442,1.0907,45.84,117.6,3.6725,1.5705,1
28-Aug-2003,0.6366,1.0828,45.83,117.5,3.6725,1.5657,1
29-Aug-2003,0.64,1.0927,45.85,117.05,3.6725,1.58,1
1-Sep-2003,0.6475,1.0965,45.83,116.65,3.6725,1.5715,1
2-Sep-2003,0.6433,1.0849,45.87,116.7,3.6725,1.5678,1
3-Sep-2003,0.6376,1.0783,45.88,116.3,3.6725,1.5639,1
4-Sep-2003,0.6404,1.0818,45.92,116.8,3.6725,1.5728,1
5-Sep-2003,0.6429,1.0923,45.94,116.82,3.6725,1.5825,1
8-Sep-2003,0.6488,1.1071,45.85,117.32,3.6725,1.5888,1
9-Sep-2003,0.6485,1.1135,45.81,116.65,3.6725,1.5838,1
10-Sep-2003,0.6584,1.1172,45.77,116.8,3.6725,1.5905,1
11-Sep-2003,0.6593,1.1217,45.72,117.17,3.6725,1.594,1
12-Sep-2003,0.6597,1.1172,45.78,117.06,3.6725,1.5919,1
15-Sep-2003,0.6624,1.1281,45.77,,3.6725,1.6028,1
16-Sep-2003,0.6659,1.1235,45.85,117.18,3.6725,1.5927,1
17-Sep-2003,0.6597,1.1212,45.94,116.15,3.6725,1.5989,1
18-Sep-2003,0.6645,1.129,46.08,116.07,3.6725,1.6153,1
19-Sep-2003,0.669,1.1312,45.93,115.43,3.6725,1.6245,1
22-Sep-2003,0.6795,1.1468,45.79,112.2,3.6725,1.6473,1
23-Sep-2003,0.6776,1.1464,45.75,,3.6725,1.6543,1
24-Sep-2003,0.6751,1.1466,45.84,112.15,3.6725,1.6551,1
25-Sep-2003,0.6792,1.1493,45.82,111.9,3.6725,1.6577,1
26-Sep-2003,0.68,1.1487,45.87,112,3.6725,1.6606,1
29-Sep-2003,0.6717,1.1413,45.85,111.25,3.6725,1.6479,1
30-Sep-2003,0.6801,1.1652,,111.2,3.6725,1.6736,1
1-Oct-2003,0.6832,1.1671,45.68,111.2,3.6725,1.6581,1
2-Oct-2003,0.6859,1.1692,,111,3.6725,1.6641,1
3-Oct-2003,0.6846,1.1686,45.46,110.93,3.6725,1.6699,1
6-Oct-2003,,1.1579,45.42,111.1,3.6725,1.665,1
7-Oct-2003,0.686,1.1768,45.36,111,3.6725,1.674,1
8-Oct-2003,0.6904,1.1781,45.29,109.65,3.6725,1.6607,1
9-Oct-2003,0.6936,1.1788,45.33,109.05,3.6725,1.6642,1
10-Oct-2003,0.6895,1.1788,45.38,109.15,3.6725,1.6643,1
13-Oct-2003,0.6905,1.1688,45.35,,3.6725,1.6587,1
14-Oct-2003,0.6844,1.1634,45.59,109.2,,1.6606,1
15-Oct-2003,0.6906,1.1669,45.71,109.1,3.6725,1.671,1
16-Oct-2003,0.6884,1.1615,45.29,109.61,3.6725,1.6724,1
17-Oct-2003,0.6898,1.1579,45.35,109.85,3.6725,1.6727,1
20-Oct-2003,0.6927,1.1629,45.35,109.7,3.6725,1.6765,1
21-Oct-2003,0.6943,1.1623,45.31,109.8,3.6725,1.6715,1
22-Oct-2003,0.6999,1.1694,45.37,109.55,3.6725,1.6806,1
23-Oct-2003,0.7036,1.1786,45.33,109.03,3.6725,1.691,1
24-Oct-2003,0.7014,1.1781,45.33,109.6,3.6725,1.6941,1
27-Oct-2003,0.7014,1.1748,45.34,108.9,3.6725,1.6947,1
28-Oct-2003,0.7036,1.1673,45.4,108.3,3.6725,1.6906,1
29-Oct-2003,0.706,1.1684,45.31,107.97,3.6725,1.7044,1
30-Oct-2003,0.705,1.1736,45.32,108.3,3.6725,1.704,1
31-Oct-2003,0.7046,1.1622,45.32,108.76,3.6725,1.6916,1
3-Nov-2003,0.7078,1.1589,45.33,,3.6725,1.6965,1
4-Nov-2003,0.6975,1.1468,45.36,110.2,3.6725,1.6763,1
5-Nov-2003,0.7097,1.1473,45.32,109.68,3.6725,1.6757,1
6-Nov-2003,0.7109,1.1449,45.29,109.97,3.6725,1.6732,1
7-Nov-2003,0.7072,1.1424,45.29,110.2,3.6725,1.6645,1
10-Nov-2003,0.7116,1.1483,45.27,109.5,3.6725,1.6711,1
11-Nov-2003,0.7149,1.1497,45.29,108.8,3.6725,1.6675,1
12-Nov-2003,0.7154,1.16,45.32,108.75,3.6725,1.6726,1
13-Nov-2003,0.719,1.168,45.39,108.4,3.6725,1.6831,1
14-Nov-2003,0.7217,1.1765,45.35,108.03,3.6725,1.6902,1
17-Nov-2003,0.714,1.1802,45.41,109.5,3.6725,1.6906,1
18-Nov-2003,0.7153,1.1778,45.54,108.85,3.6725,1.6881,1
19-Nov-2003,0.723,1.191,45.54,108.15,3.6725,1.698,1
20-Nov-2003,0.7216,1.1909,45.71,108.93,3.6725,1.7036,1
21-Nov-2003,0.7216,1.1899,45.84,109.1,3.6725,1.7024,1
24-Nov-2003,0.7232,1.1823,45.87,,3.6725,1.6962,1
25-Nov-2003,0.7203,1.1766,45.93,109.4,3.6725,1.6974,1
26-Nov-2003,0.7181,1.1828,,109.55,3.6725,1.6988,1
27-Nov-2003,0.7239,1.1902,45.89,109.02,3.6725,1.7134,1
28-Nov-2003,0.7206,1.1994,45.94,109.5,3.6725,1.7203,1
1-Dec-2003,0.7247,1.2019,45.78,109.75,3.6725,1.7249,1
2-Dec-2003,0.7292,1.1975,45.71,109.26,3.6725,1.7188,1
3-Dec-2003,0.7324,1.2102,45.62,108.75,3.6725,1.73,1
4-Dec-2003,0.7341,1.2074,45.62,108.3,3.6725,1.7242,1
5-Dec-2003,0.7345,1.2087,45.62,108.35,3.6725,1.7217,1
8-Dec-2003,0.7385,1.2218,45.56,107.65,3.6725,1.7346,1
9-Dec-2003,0.7395,1.2258,45.54,107.15,3.6725,1.7425,1
10-Dec-2003,0.7402,1.2239,45.58,108.65,3.6725,1.744,1
11-Dec-2003,0.7366,1.2187,45.54,108.2,3.6725,1.7437,1
12-Dec-2003,0.7411,1.2254,45.53,108,3.6725,1.7476,1
15-Dec-2003,0.7394,1.223,45.56,108.03,3.6725,1.7415,1
16-Dec-2003,0.7441,1.2339,45.56,107.75,3.6725,1.746,1
17-Dec-2003,0.7421,1.2337,45.54,107.5,3.6725,1.7506,1
18-Dec-2003,0.7416,1.2403,45.52,107.45,3.6725,1.7679,1
19-Dec-2003,0.7392,1.2418,45.52,107.64,3.6725,1.7679,1
22-Dec-2003,0.7345,1.2434,45.52,107.62,3.6725,1.7641,1
23-Dec-2003,0.7359,1.2392,45.6,,3.6725,1.7652,1
24-Dec-2003,0.7395,1.2407,,107.48,3.6725,1.7683,1
26-Dec-2003,,,45.58,107.05,3.6725,1.7728,1
29-Dec-2003,0.743,1.2499,45.66,107.03,3.6725,1.7761,1
30-Dec-2003,0.7447,1.2496,45.64,107.1,3.6725,1.7759,1
31-Dec-2003,0.75,1.263,45.61,,3.6725,1.7847,1
2-Jan-2004,0.7527,1.2592,45.59,,3.6725,1.7858,1
5-Jan-2004,0.763,1.2657,45.62,106.9,3.6725,1.7996,1
6-Jan-2004,0.7668,1.2756,45.62,106.25,3.6725,1.8209,1
7-Jan-2004,0.7677,1.2679,45.63,106.24,3.6725,1.814,1
8-Jan-2004,0.7679,1.2634,45.54,106.15,3.6725,1.8122,1
9-Jan-2004,0.7752,1.2737,45.5,107.55,3.6725,1.8365,1
12-Jan-2004,0.7787,1.2828,45.42,,3.6725,1.8523,1
13-Jan-2004,0.7782,1.2749,45.43,106.53,3.6725,1.845,1
14-Jan-2004,0.7766,1.2692,45.41,106.22,3.6725,1.836,1
15-Jan-2004,0.7738,1.2635,45.43,106.25,3.6725,1.8236,1
16-Jan-2004,0.7708,1.2493,45.45,106.1,3.6725,1.8115,1
19-Jan-2004,0.758,1.2373,45.41,106.55,3.6725,1.7859,1
20-Jan-2004,0.7575,1.2536,45.42,107.5,3.6725,1.8078,1
21-Jan-2004,0.7698,1.2607,45.39,107.18,3.6725,1.8304,1
22-Jan-2004,0.7732,1.271,45.4,106.88,3.6725,1.8438,1
23-Jan-2004,0.7773,1.2692,45.36,106.2,3.6725,1.8476,1
26-Jan-2004,,1.2575,,106.22,3.6725,1.8279,1
27-Jan-2004,0.7695,1.2517,45.36,106.15,3.6725,1.8066,1
28-Jan-2004,0.777,1.2563,45.34,106.2,3.6725,1.834,1
29-Jan-2004,0.7713,1.2468,45.35,106.1,3.6725,1.8248,1
30-Jan-2004,0.7644,1.2384,45.31,105.97,3.6725,1.8108,1
2-Feb-2004,0.7615,1.2461,,105.61,3.6725,1.8222,1
3-Feb-2004,0.7604,1.2585,45.3,105.53,3.6725,1.838,1
4-Feb-2004,0.7635,1.2524,45.31,105.39,3.6725,1.8378,1
5-Feb-2004,0.761,1.2583,45.27,105.53,3.6725,1.8324,1
6-Feb-2004,0.7634,1.2529,45.28,106.15,3.6725,1.8333,1
9-Feb-2004,0.7762,1.2713,45.27,105.7,3.6725,1.8603,1
10-Feb-2004,0.7791,1.2764,45.25,105.45,3.6725,1.8715,1
11-Feb-2004,0.7796,1.268,45.26,,3.6725,1.8702,1
12-Feb-2004,0.7871,1.2802,45.25,105.34,3.6725,1.8924,1
13-Feb-2004,0.7908,1.2816,45.26,105.39,3.6725,1.8919,1
16-Feb-2004,0.7902,1.2741,45.25,105.45,3.6725,1.8845,1
17-Feb-2004,0.7932,1.2858,45.29,105.67,3.6725,1.907,1
18-Feb-2004,0.7972,1.2824,,105.56,3.6725,1.9092,1
19-Feb-2004,0.793,1.2724,45.28,106.6,3.6725,1.8908,1
20-Feb-2004,0.7885,1.2663,45.27,107.5,3.6725,1.876,1
23-Feb-2004,0.7729,1.2576,45.29,108.8,3.6725,1.8586,1
24-Feb-2004,0.7725,1.2595,45.29,108.65,3.6725,1.8749,1
25-Feb-2004,0.7803,1.2629,45.27,108.2,3.6725,1.8925,1
26-Feb-2004,0.7731,1.2444,45.24,108.9,3.6725,1.8566,1
27-Feb-2004,0.7708,1.2418,45.26,109,3.6725,1.849,1
1-Mar-2004,0.7745,1.2484,45.24,109.25,3.6725,1.8677,1
2-Mar-2004,0.7726,1.2402,,109.03,3.6725,1.8577,1
3-Mar-2004,0.7512,1.2143,45.24,110.2,3.6725,1.8321,1
4-Mar-2004,0.7516,1.2147,45.3,110.15,3.6725,1.8326,1
5-Mar-2004,0.7509,1.2192,45.31,111.2,3.6725,1.8193,1
8-Mar-2004,0.7576,1.2356,45.25,112.12,3.6725,1.8529,1
9-Mar-2004,0.7639,1.2361,45.21,111.12,3.6725,1.8404,1
10-Mar-2004,0.7565,1.2299,45.23,111.25,3.6725,1.8195,1
11-Mar-2004,0.7425,1.2256,45.25,110.8,3.6725,1.8024,1
12-Mar-2004,0.7284,1.2235,45.27,111.1,3.6725,1.7959,1
15-Mar-2004,0.7338,1.2278,45.25,110.85,3.6725,1.8053,1
16-Mar-2004,0.7367,1.235,45.24,110.15,3.6725,1.8165,1
17-Mar-2004,0.743,1.2251,45.25,108.25,3.6725,1.8141,1
18-Mar-2004,0.745,1.2261,45.22,107.2,3.6725,1.8237,1
19-Mar-2004,0.7486,1.2344,45.22,107.2,3.6725,1.8334,1
22-Mar-2004,0.7447,1.2353,45.15,107.35,3.6725,1.8446,1
23-Mar-2004,0.7536,1.2276,44.93,106.74,3.6725,1.8434,1
24-Mar-2004,0.7516,1.2196,44.76,106.72,3.6725,1.8388,1
25-Mar-2004,0.7438,1.2132,44.75,106.05,3.6725,1.8016,1
26-Mar-2004,0.7403,1.2173,44.73,106.1,3.6725,1.8193,1
29-Mar-2004,0.745,1.2118,44.12,105.6,3.6725,1.8165,1
30-Mar-2004,0.7503,1.2187,,105.6,3.6725,1.8258,1
31-Mar-2004,0.7589,1.2224,43.39,104.3,3.6725,1.8344,1
1-Apr-2004,0.7618,1.232,,104.03,3.6725,1.8512,1
2-Apr-2004,0.7648,1.2318,43.77,104.15,3.6725,1.8469,1
5-Apr-2004,0.7576,1.2058,43.67,104.3,3.6725,1.8186,1
6-Apr-2004,0.7526,1.209,43.78,105.5,3.6725,1.8348,1
7-Apr-2004,0.7588,1.2101,43.56,105.6,3.6725,1.8353,1
8-Apr-2004,0.7666,1.2096,43.62,105.6,3.6725,1.838,1
9-Apr-2004,,,,106.5,3.6725,1.8326,1
12-Apr-2004,,,43.65,106.43,3.6725,1.8361,1
13-Apr-2004,0.7671,1.1975,43.76,105.2,3.6725,1.8253,1
14-Apr-2004,0.7429,1.1924,,107,3.6725,1.8019,1
15-Apr-2004,0.7367,1.1912,43.9,108.55,3.6725,1.7798,1
16-Apr-2004,0.7422,1.1932,43.89,108.65,3.6725,1.7876,1
19-Apr-2004,0.7476,1.2044,43.86,107.95,3.6725,1.8093,1
20-Apr-2004,0.7405,1.1926,44,108.2,3.6725,1.7952,1
21-Apr-2004,0.731,1.1836,44,108.9,3.6725,1.7679,1
22-Apr-2004,0.7294,1.1873,44.04,109.38,3.6725,1.7653,1
23-Apr-2004,0.7346,1.1885,44.16,109.45,,1.7773,1
26-Apr-2004,,1.1851,,109,3.6725,1.7834,1
27-Apr-2004,0.7339,1.1887,44.18,108.55,3.6725,1.7891,1
28-Apr-2004,0.7318,1.1907,44.18,109.2,3.6725,1.7852,1
29-Apr-2004,0.7179,1.1826,44.41,,3.6725,1.7584,1
30-Apr-2004,0.722,1.1947,44.37,110.2,3.6725,1.7732,1
3-May-2004,0.7217,1.1953,44.97,,3.6725,1.7723,1
4-May-2004,0.7224,1.2061,,,3.6725,1.7873,1
5-May-2004,0.7315,1.2126,44.76,,3.6725,1.7935,1
6-May-2004,0.7311,1.2116,44.69,108.82,3.6725,1.7935,1
7-May-2004,0.718,1.2073,44.71,110.45,3.6725,1.7955,1
10-May-2004,0.6979,1.1843,44.95,112.6,3.6725,1.7712,1
11-May-2004,0.6963,1.1804,45.34,113.5,,1.7549,1
12-May-2004,0.7003,1.1857,45.42,112.65,3.6725,1.7706,1
13-May-2004,0.6916,1.1823,45.12,114,3.6725,1.7641,1
14-May-2004,0.6879,1.1802,45.44,114.4,3.6725,1.7497,1
17-May-2004,0.6937,1.2023,45.96,113.7,3.6725,1.7678,1
18-May-2004,0.6834,1.1983,45.46,114.3,3.6725,1.7644,1
19-May-2004,0.6963,1.1989,45.29,113.25,3.6725,1.7822,1
20-May-2004,0.6924,1.1922,45.25,113.25,3.6725,1.7719,1
21-May-2004,0.6999,1.2031,45.33,112.75,3.6725,1.7928,1
24-May-2004,0.6962,1.1968,45.37,112.5,3.6725,1.7897,1
25-May-2004,0.7,1.2063,45.36,113.05,3.6725,1.8054,1
26-May-2004,0.7088,1.2106,45.34,111.75,3.6725,1.8176,1
27-May-2004,0.7118,1.2165,45.45,111.4,3.6725,1.8264,1
28-May-2004,0.7189,1.2246,45.39,110.5,3.6725,1.8347,1
1-Jun-2004,0.716,1.2231,45.45,109.75,3.6725,1.8376,1
2-Jun-2004,0.7087,1.2276,45.42,110.8,3.6725,1.8455,1
3-Jun-2004,0.6925,1.2226,45.31,110.7,3.6725,1.8369,1
4-Jun-2004,0.6909,1.2203,45.19,111.07,3.6725,1.8375,1
7-Jun-2004,0.7004,1.2319,45.06,110.15,3.6725,1.8397,1
8-Jun-2004,0.704,1.2294,45.09,109.7,3.6725,1.8422,1
9-Jun-2004,0.697,1.2157,44.98,109.4,3.6725,1.8349,1
10-Jun-2004,0.6906,,45.07,109.95,3.6725,1.829,1
11-Jun-2004,0.6939,1.2006,45.09,110,3.6725,1.8185,1
14-Jun-2004,,1.2001,45.26,110.9,3.6725,1.8089,1
15-Jun-2004,0.6847,1.2051,45.28,110.87,3.6725,1.8148,1
16-Jun-2004,0.6941,1.2058,45.39,109.45,3.6725,1.8257,1
17-Jun-2004,0.6839,1.2045,45.54,110.05,3.6725,1.8369,1
18-Jun-2004,0.6819,1.2042,45.63,109.5,3.6725,1.8333,1
21-Jun-2004,0.6883,1.2112,45.82,108.5,3.6725,1.8351,1
22-Jun-2004,0.6864,1.2091,46.2,108.6,3.6725,1.8189,1
23-Jun-2004,0.69,1.2087,46.06,108.75,3.6725,1.8153,1
24-Jun-2004,0.6894,1.2122,45.83,108.25,3.6725,1.8123,1
25-Jun-2004,0.7003,1.2138,45.9,107.35,3.6725,1.8225,1
28-Jun-2004,0.6964,1.2208,45.84,107.85,3.6725,1.8277,1
29-Jun-2004,0.6995,1.2169,45.96,108.3,3.6725,1.8206,1
30-Jun-2004,0.6889,1.2155,45.98,108.38,3.6725,1.8117,1
1-Jul-2004,0.6994,1.2168,45.88,108.15,3.6725,1.8175,1
2-Jul-2004,0.7038,1.2148,45.96,109.05,3.6725,1.8174,1
5-Jul-2004,0.7134,1.2288,45.75,108.65,3.6725,1.8325,1
6-Jul-2004,0.7174,1.2309,45.98,109.3,3.6725,1.8354,1
7-Jul-2004,0.7186,1.2357,45.95,108.75,3.6725,1.8524,1
8-Jul-2004,0.7217,1.2348,45.73,108.8,3.6725,1.8491,1
9-Jul-2004,0.7235,1.2372,45.76,108.4,3.6725,1.8518,1
12-Jul-2004,0.7246,1.2397,45.64,107.9,3.6725,1.8632,1
13-Jul-2004,0.7249,1.2372,45.82,108.7,3.6725,1.8586,1
14-Jul-2004,0.7256,1.2381,45.94,109.13,3.6725,1.857,1
15-Jul-2004,0.724,1.2374,46.15,109.35,3.6725,1.8503,1
16-Jul-2004,0.7235,1.2353,46.17,109.6,3.6725,1.8557,1
19-Jul-2004,0.7343,1.2412,45.95,,3.6725,1.8693,1
20-Jul-2004,0.7307,1.2385,46.06,108.5,3.6725,1.8582,1
21-Jul-2004,0.7261,1.2296,46.09,108.55,3.6725,1.841,1
22-Jul-2004,0.7134,1.2268,46.18,109.8,3.6725,1.841,1
23-Jul-2004,0.7131,1.2191,46.22,109.75,3.6725,1.8337,1
26-Jul-2004,0.712,1.2163,46.27,109.65,3.6725,1.8397,1
27-Jul-2004,0.7116,1.2168,46.27,109.88,3.6725,1.8417,1
28-Jul-2004,0.7016,1.2034,46.31,111,3.6725,1.8177,1
29-Jul-2004,0.6988,1.2026,46.43,111.65,3.6725,1.813,1
30-Jul-2004,0.6986,1.2039,46.45,112.08,3.6725,1.816,1
2-Aug-2004,,1.2055,46.36,111.25,3.6725,1.8297,1
3-Aug-2004,0.7013,1.2022,46.3,110.58,3.6725,1.8183,1
4-Aug-2004,0.7025,1.1983,46.37,111.25,3.6725,1.8188,1
5-Aug-2004,0.7048,1.2042,46.33,111.2,3.6725,1.8242,1
6-Aug-2004,0.7038,1.2064,46.43,111.63,3.6725,1.8216,1
9-Aug-2004,0.7161,1.2247,46.38,110.24,3.6725,1.841,1
10-Aug-2004,0.715,1.2279,46.46,110.55,3.6725,1.8363,1
11-Aug-2004,0.7128,1.2233,46.36,111.28,3.6725,1.8274,1
12-Aug-2004,0.7141,1.2256,46.26,110.62,3.6725,1.8315,1
13-Aug-2004,0.707,1.2219,46.26,111.7,3.6725,1.8194,1
16-Aug-2004,0.7165,1.2337,46.32,110.63,3.6725,1.8427,1
17-Aug-2004,0.7188,1.2338,46.41,110.45,3.6725,1.8368,1
18-Aug-2004,0.7162,1.2331,46.39,109.95,3.6725,1.8268,1
19-Aug-2004,0.7146,1.2359,46.35,109.5,3.6725,1.8279,1
20-Aug-2004,0.725,1.2293,,109.15,3.6725,1.8255,1
23-Aug-2004,0.7225,1.225,46.25,109.2,3.6725,1.8172,1
24-Aug-2004,0.7125,1.2139,46.29,109.95,3.6725,1.8053,1
25-Aug-2004,0.7064,1.2081,46.33,109.5,3.6725,1.7969,1
26-Aug-2004,0.7049,1.21,46.35,110.08,3.6725,1.7955,1
27-Aug-2004,0.7065,1.2085,46.31,109.2,3.6725,1.8013,1
30-Aug-2004,0.6967,1.2047,46.34,110.25,3.6725,1.7927,1
31-Aug-2004,0.7011,1.2111,46.34,109.65,3.6725,1.7929,1
1-Sep-2004,0.7047,1.2168,46.33,109.22,3.6725,1.7986,1
2-Sep-2004,0.7001,1.2172,46.35,109.5,3.6725,1.7926,1
3-Sep-2004,0.6975,1.2175,46.32,109.58,3.6725,1.7895,1
6-Sep-2004,0.6916,1.2071,46.32,110.3,3.6725,1.7805,1
7-Sep-2004,0.6938,1.2079,46.37,109.7,3.6725,1.7759,1
8-Sep-2004,0.6901,1.2039,46.34,109.43,3.6725,1.7748,1
9-Sep-2004,0.6935,1.2191,46.3,109.5,3.6725,1.7836,1
10-Sep-2004,0.6886,1.2219,46.27,110.1,3.6725,1.7874,1
13-Sep-2004,0.6966,1.2236,46.22,109.47,3.6725,1.8,1
14-Sep-2004,0.699,1.2237,46.03,109.85,3.6725,1.7953,1
15-Sep-2004,0.6989,1.2238,45.8,109.7,3.6725,1.7872,1
16-Sep-2004,0.6948,1.2158,45.95,109.95,3.6725,1.7869,1
17-Sep-2004,0.6986,1.2211,45.83,109.6,3.6725,1.796,1
20-Sep-2004,0.6991,1.2132,45.94,,,1.783,1
21-Sep-2004,0.7001,1.2276,45.86,110,3.6725,1.7944,1
22-Sep-2004,0.7048,1.2245,45.79,109.8,,1.7891,1
23-Sep-2004,0.7078,1.2315,45.94,,3.6725,1.8015,1
24-Sep-2004,0.7129,1.2309,45.94,110.55,3.6725,1.8017,1
27-Sep-2004,0.7114,1.2254,45.95,110.62,3.6725,1.8038,1
28-Sep-2004,0.7145,1.2335,46.05,111.2,3.6725,1.8131,1
29-Sep-2004,0.7165,1.2323,46.16,111.1,3.6725,1.8067,1
30-Sep-2004,0.7147,1.2409,,111,3.6725,1.7988,1
1-Oct-2004,0.7265,1.2413,45.92,110.08,3.6725,1.7937,1
4-Oct-2004,,1.2305,45.91,110.72,3.6725,1.7885,1
5-Oct-2004,0.7215,1.2304,45.86,110.87,3.6725,1.7827,1
6-Oct-2004,0.7246,1.2282,45.9,111.1,3.6725,1.7807,1
7-Oct-2004,0.7246,1.2301,45.86,111.05,3.6725,1.7803,1
8-Oct-2004,0.7278,1.2315,45.83,110.58,3.6725,1.7869,1
11-Oct-2004,0.7338,1.2392,45.77,,3.6725,1.7951,1
12-Oct-2004,0.7315,1.2312,45.86,109.65,3.6725,1.7875,1
13-Oct-2004,0.7284,1.2267,,109.6,3.6725,1.7902,1
14-Oct-2004,0.7247,1.2377,45.86,109.67,3.6725,1.8003,1
15-Oct-2004,0.7303,1.2414,45.86,109.6,3.6725,1.7986,1
18-Oct-2004,0.7312,1.2474,45.83,109.25,3.6725,1.8019,1
19-Oct-2004,0.7248,1.2509,45.83,109.42,3.6725,1.8018,1
20-Oct-2004,0.7275,1.259,45.79,108.6,3.6725,1.8084,1
21-Oct-2004,0.7367,1.2606,45.77,107.82,3.6725,1.8296,1
22-Oct-2004,0.7365,1.2606,,107.6,3.6725,1.8261,1
25-Oct-2004,0.7445,1.2792,45.65,106.77,3.6725,1.8423,1
26-Oct-2004,0.7476,1.2784,45.66,106.72,3.6725,1.8369,1
27-Oct-2004,0.7454,1.2792,45.72,107.1,3.6725,1.8387,1
28-Oct-2004,0.7487,1.2711,45.56,106.15,3.6725,1.8233,1
29-Oct-2004,0.7461,1.2737,45.45,106.13,3.6725,1.8319,1
1-Nov-2004,0.7473,1.2748,45.41,106.25,3.6725,1.8337,1
2-Nov-2004,,1.2705,,106.4,3.6725,1.8357,1
3-Nov-2004,0.7459,1.2754,45.5,,3.6725,1.8397,1
4-Nov-2004,0.7564,1.2874,45.3,106.25,3.6725,1.8468,1
5-Nov-2004,0.7572,1.2856,45.1,106.08,3.6725,1.8437,1
8-Nov-2004,0.7605,1.2917,45.11,105.45,3.6725,1.8584,1
9-Nov-2004,0.7565,1.2911,45.1,105.6,3.6725,1.8536,1
10-Nov-2004,0.7602,1.2977,45.15,105.88,3.6725,1.8587,1
11-Nov-2004,0.7595,1.289,45.2,106.98,3.6725,1.8397,1
12-Nov-2004,0.7648,1.2921,,106.66,3.6725,1.8445,1
15-Nov-2004,0.7695,1.2955,,105.34,3.6725,1.853,1
16-Nov-2004,0.7704,1.2971,45.01,105.45,3.6725,1.8527,1
17-Nov-2004,0.7736,1.3026,45.03,105.41,3.6725,1.8587,1
18-Nov-2004,0.7816,1.3024,45.03,103.97,3.6725,1.8568,1
19-Nov-2004,0.7755,1.302,45.13,104.19,3.6725,1.8568,1
22-Nov-2004,0.782,1.3033,45.08,103.3,3.6725,1.8559,1
23-Nov-2004,0.7791,1.3089,45.06,,3.6725,1.8693,1
24-Nov-2004,0.7858,1.3146,45.06,103.4,3.6725,1.8788,1
25-Nov-2004,0.7868,1.3213,45.03,102.85,3.6725,1.8887,1
26-Nov-2004,0.7937,1.3238,,102.4,3.6725,1.8936,1
29-Nov-2004,0.7867,1.3247,44.97,102.9,3.6725,1.8892,1
30-Nov-2004,0.7775,1.3295,44.75,103.18,3.6725,1.9073,1
1-Dec-2004,0.7767,1.3294,44.47,102.8,3.6725,1.9254,1
2-Dec-2004,0.7605,1.3314,44.22,102.2,3.6725,1.9349,1
3-Dec-2004,0.7746,1.33,44.24,103.5,3.6725,1.9236,1
6-Dec-2004,0.7817,1.3435,43.83,102.2,3.6725,1.9408,1
7-Dec-2004,0.7772,1.3456,43.7,103.05,3.6725,1.9482,1
8-Dec-2004,0.766,1.33,43.92,103.1,3.6725,1.9297,1
9-Dec-2004,0.7582,1.3305,44.23,104,3.6725,1.9185,1
10-Dec-2004,0.7512,1.3191,44.61,105.28,3.6725,1.9059,1
13-Dec-2004,0.7532,1.3268,44.35,104.85,3.6725,1.915,1
14-Dec-2004,0.7597,1.3317,44.09,104.75,3.6725,1.9271,1
15-Dec-2004,0.7568,1.3383,44.13,105.25,3.6725,1.9356,1
16-Dec-2004,0.7655,1.3401,43.89,104.3,3.6725,1.9512,1
17-Dec-2004,0.7615,1.3264,44.03,104.48,3.6725,1.9334,1
20-Dec-2004,0.7634,1.3378,43.91,104.35,3.6725,1.9454,1
21-Dec-2004,0.7664,1.3394,43.8,103.86,3.6725,1.9358,1
22-Dec-2004,0.7632,1.3384,43.88,104.35,3.6725,1.9126,1
23-Dec-2004,0.7659,1.3456,43.79,,3.6725,1.9204,1
24-Dec-2004,0.7677,1.3542,43.81,103.67,3.6725,1.9264,1
27-Dec-2004,,1.3527,43.84,103.9,3.6725,,1
28-Dec-2004,,1.3633,43.78,103.2,3.6725,,1
29-Dec-2004,0.7792,1.3608,43.74,103.35,3.6725,1.9221,1
30-Dec-2004,0.7753,1.3604,43.71,104.12,3.6725,1.9198,1
31-Dec-2004,0.779,1.3621,43.58,,3.6725,1.9314,1
3-Jan-2005,,1.3507,43.61,,3.6725,1.9055,1
4-Jan-2005,0.7788,1.3365,43.43,102.75,3.6725,1.8952,1
5-Jan-2005,0.7648,1.3224,43.77,104.4,3.6725,1.8778,1
6-Jan-2005,0.7637,1.3183,43.87,104,3.6725,1.8722,1
7-Jan-2005,0.7625,1.32,43.83,104.57,3.6725,1.8805,1
10-Jan-2005,0.7583,1.3103,44.02,,3.6725,1.8767,1
11-Jan-2005,0.7607,1.3143,43.82,104,3.6725,1.8788,1
12-Jan-2005,0.7605,1.3139,43.73,103.4,3.6725,1.8751,1
13-Jan-2005,0.7664,1.3232,43.69,102.5,3.6725,1.8841,1
14-Jan-2005,0.7591,1.3091,43.85,103,3.6725,1.8696,1
17-Jan-2005,0.7608,1.3085,43.72,102.15,3.6725,1.8664,1
18-Jan-2005,0.7528,1.306,43.74,102.55,3.6725,1.8711,1
19-Jan-2005,0.757,1.3083,43.74,102.4,3.6725,1.8802,1
20-Jan-2005,0.7611,1.2936,43.78,102.65,3.6725,1.8655,1
21-Jan-2005,0.7578,1.2963,,103.45,3.6725,1.8647,1
24-Jan-2005,0.7696,1.3065,43.75,102.87,3.6725,1.8803,1
25-Jan-2005,0.7702,1.3025,43.81,102.68,3.6725,1.8765,1
26-Jan-2005,,1.3005,,103.5,3.6725,1.879,1
27-Jan-2005,0.7763,1.3026,43.75,103.3,3.6725,1.8832,1
28-Jan-2005,0.7753,1.3035,43.78,103.2,3.6725,1.8828,1
31-Jan-2005,0.7744,1.3035,43.69,103.6,3.6725,1.8839,1
1-Feb-2005,0.7737,1.3027,43.68,103.63,3.6725,1.8827,1
2-Feb-2005,0.7744,1.3061,43.59,103.65,3.6725,1.8868,1
3-Feb-2005,0.7753,1.3001,43.36,104.23,3.6725,1.8885,1
4-Feb-2005,0.7697,1.2958,43.47,104.5,3.6725,1.8831,1
7-Feb-2005,0.7724,1.2844,43.46,104.3,3.6725,1.8725,1
8-Feb-2005,0.7669,1.2764,43.6,105.15,3.6725,1.8556,1
9-Feb-2005,0.7636,1.2762,43.64,105.65,,1.8621,1
10-Feb-2005,0.7767,1.2777,43.78,105.6,3.6725,1.8597,1
11-Feb-2005,0.7818,1.2855,43.79,,3.6725,1.8655,1
14-Feb-2005,0.7851,1.2967,43.72,104.97,3.6725,1.8867,1
15-Feb-2005,0.7846,1.3016,43.76,105.2,3.6725,1.8863,1
16-Feb-2005,0.7864,1.304,43.82,105,3.6725,1.8843,1
17-Feb-2005,0.7849,1.3041,43.74,105.25,3.6725,1.8899,1
18-Feb-2005,0.7847,1.3039,43.84,105.5,3.6725,1.8921,1
21-Feb-2005,0.7877,1.3055,43.82,105.73,3.6725,1.8952,1
22-Feb-2005,0.7905,1.3193,43.72,104.87,3.6725,1.9107,1
23-Feb-2005,0.7928,1.3203,43.72,104.7,3.6725,1.9088,1
24-Feb-2005,0.788,1.326,43.7,104.75,3.6725,1.9112,1
25-Feb-2005,0.7852,1.3165,43.69,105.33,3.6725,1.9086,1
28-Feb-2005,0.7905,1.3257,43.64,104.73,3.6725,1.9221,1
1-Mar-2005,0.7869,1.3216,43.72,104.5,3.6725,1.9217,1
2-Mar-2005,0.783,1.3101,43.7,104.63,3.6725,1.9098,1
3-Mar-2005,0.7818,1.3144,43.65,104.9,3.6725,1.9097,1
4-Mar-2005,0.7826,1.3115,43.71,105.45,3.6725,1.9068,1
7-Mar-2005,0.7897,1.3197,43.69,104.7,3.6725,1.9148,1
8-Mar-2005,0.7928,1.3246,,105.08,3.6725,1.9231,1
9-Mar-2005,0.7971,1.3346,43.67,104.7,3.6725,1.9272,1
10-Mar-2005,0.796,1.3409,43.58,104.1,3.6725,1.929,1
11-Mar-2005,0.7899,1.3416,43.58,104.14,3.6725,1.9198,1
14-Mar-2005,0.7929,1.3372,43.52,104.4,3.6725,1.9201,1
15-Mar-2005,0.7894,1.3383,43.55,104.82,3.6725,1.9213,1
16-Mar-2005,0.7901,1.3373,43.62,104.5,3.6725,1.9235,1
17-Mar-2005,0.7926,1.3378,43.63,104.33,3.6725,1.926,1
18-Mar-2005,0.7929,1.3279,43.69,104.7,3.6725,1.9161,1
21-Mar-2005,0.7915,1.3199,43.67,,3.6725,1.9008,1
22-Mar-2005,0.7844,1.3175,43.77,105.1,3.6725,1.8995,1
23-Mar-2005,0.7802,1.305,43.74,105.42,3.6725,1.8799,1
24-Mar-2005,0.7734,1.2982,43.83,106.2,3.6725,1.8691,1
25-Mar-2005,,,,106.42,3.6725,,1
28-Mar-2005,,,43.81,106.99,3.6725,,1
29-Mar-2005,0.7707,1.2926,43.79,107.2,3.6725,1.8743,1
30-Mar-2005,0.7733,1.2943,43.82,107.25,3.6725,1.8804,1
31-Mar-2005,0.7719,1.2964,43.75,107.35,3.6725,1.8826,1
1-Apr-2005,0.773,1.2959,,107.43,3.6725,1.8876,1
4-Apr-2005,0.7706,1.2883,43.76,107.68,3.6725,1.8742,1
5-Apr-2005,0.7652,1.281,43.81,108.45,3.6725,1.8739,1
6-Apr-2005,0.7654,1.286,43.76,107.95,3.6725,1.8805,1
7-Apr-2005,0.7687,1.2923,43.74,108.5,3.6725,1.8788,1
8-Apr-2005,0.7665,1.2819,43.77,108.68,3.6725,1.8691,1
11-Apr-2005,0.7721,1.2971,43.74,108.45,3.6725,1.8881,1
12-Apr-2005,0.7751,1.2985,43.7,107.63,3.6725,1.894,1
13-Apr-2005,0.7777,1.2922,43.75,107.42,3.6725,1.8916,1
14-Apr-2005,0.7738,1.282,,107.75,3.6725,1.8839,1
15-Apr-2005,0.7667,1.2868,43.83,108.23,3.6725,1.8845,1
18-Apr-2005,0.7647,1.2967,,107.65,3.6725,1.8994,1
19-Apr-2005,0.7675,1.2996,43.76,107.28,3.6725,1.9086,1
20-Apr-2005,0.7734,1.3049,43.76,106.9,3.6725,1.9132,1
21-Apr-2005,0.7758,1.3058,43.75,106.75,3.6725,1.9112,1
22-Apr-2005,0.7777,1.3077,,106.77,3.6725,1.9145,1
25-Apr-2005,,1.2966,43.71,105.8,3.6725,1.9111,1
26-Apr-2005,0.7808,1.2981,43.69,105.78,3.6725,1.9056,1
27-Apr-2005,0.7756,1.292,43.71,106.2,3.6725,1.9005,1
28-Apr-2005,0.7772,1.2905,43.71,105.89,3.6725,1.906,1
29-Apr-2005,0.7811,1.2957,43.65,,3.6725,1.912,1
2-May-2005,0.7802,1.2863,43.57,105.28,3.6725,1.8958,1
3-May-2005,0.7767,1.2856,43.6,,3.6725,1.8902,1
4-May-2005,0.7775,1.2953,43.54,,3.6725,1.9021,1
5-May-2005,0.7793,1.2954,43.41,,3.6725,1.9044,1
6-May-2005,0.7792,1.2947,43.44,104.68,3.6725,1.8985,1
9-May-2005,0.7732,1.2824,43.51,105.3,3.6725,1.8834,1
10-May-2005,0.7736,1.2854,43.45,105.65,,1.8836,1
11-May-2005,0.7757,1.2882,43.37,105.52,3.6725,1.8835,1
12-May-2005,0.7729,1.2771,43.3,106.15,3.6725,1.8687,1
13-May-2005,0.7647,1.2635,43.43,106.8,3.6725,1.8552,1
16-May-2005,0.7558,1.2616,43.49,107.45,3.6725,1.837,1
17-May-2005,0.7574,1.2636,43.43,107.15,3.6725,1.8394,1
18-May-2005,0.756,1.2621,43.56,107.7,3.6725,1.8314,1
19-May-2005,0.7592,1.2642,43.45,107.13,3.6725,1.8406,1
20-May-2005,0.7586,1.2607,43.5,107.5,3.6725,1.8374,1
23-May-2005,0.7565,1.2548,,108,3.6725,1.8288,1
24-May-2005,0.7606,1.2617,43.49,107.7,3.6725,1.8337,1
25-May-2005,0.7606,1.2564,43.51,107.36,3.6725,1.8268,1
26-May-2005,0.7613,1.2523,43.52,107.98,3.6725,1.8261,1
27-May-2005,0.7597,1.2551,43.52,107.98,3.6725,1.8231,1
30-May-2005,0.7617,1.2472,43.54,107.93,,,1
31-May-2005,0.7557,1.2331,43.69,108.08,,1.8181,1
1-Jun-2005,0.7561,1.2228,43.72,108.35,,1.8125,1
2-Jun-2005,0.7513,1.2263,43.76,108.5,,1.8156,1
3-Jun-2005,0.7564,1.2289,43.66,107.92,,1.8178,1
6-Jun-2005,0.7595,1.2272,43.6,107.66,3.6725,1.8196,1
7-Jun-2005,0.7659,1.2285,43.53,106.9,3.6725,1.8311,1
8-Jun-2005,0.7679,1.2324,43.53,106.82,3.6725,1.835,1
9-Jun-2005,0.767,1.2239,43.55,107.22,3.6725,1.8237,1
10-Jun-2005,0.7648,1.2229,43.56,107.5,3.6725,1.8246,1
13-Jun-2005,,1.2062,43.62,108.6,3.6725,1.8022,1
14-Jun-2005,0.7641,1.211,43.65,109.42,3.6725,1.8104,1
15-Jun-2005,0.7638,1.2069,43.66,109.2,3.6725,1.8084,1
16-Jun-2005,0.7679,1.2115,43.61,109.27,3.6725,1.8226,1
17-Jun-2005,0.7721,1.2177,43.59,108.92,3.6725,1.8255,1
20-Jun-2005,0.7774,1.221,43.54,108.71,3.6725,1.827,1
21-Jun-2005,0.7753,1.2092,43.61,109.3,3.6725,1.8188,1
22-Jun-2005,0.7782,1.2111,43.5,108.47,3.6725,1.8217,1
23-Jun-2005,0.7772,1.2066,43.53,108.67,3.6725,1.8198,1
24-Jun-2005,0.7718,1.2082,43.56,108.97,3.6725,1.8222,1
27-Jun-2005,0.7695,1.2164,43.49,109.28,3.6725,1.8309,1
28-Jun-2005,0.7682,1.2095,43.56,109.75,3.6725,1.8219,1
29-Jun-2005,0.7629,1.2054,43.55,110.07,3.6725,1.8095,1
30-Jun-2005,0.7637,1.2092,43.51,110.4,3.6725,1.7935,1
1-Jul-2005,0.7579,1.2087,43.53,111.03,3.6725,1.7798,1
4-Jul-2005,0.7498,1.1894,43.56,111.63,3.6725,1.7585,1
5-Jul-2005,0.7493,1.1883,43.57,111.52,3.6725,1.7545,1
6-Jul-2005,0.7436,1.1913,43.57,111.6,3.6725,1.7551,1
7-Jul-2005,0.7401,1.1957,43.64,112.25,3.6725,1.7456,1
8-Jul-2005,0.7381,1.1904,43.63,112.35,3.6725,1.7344,1
11-Jul-2005,0.7433,1.2006,43.56,111.95,3.6725,1.7437,1
12-Jul-2005,0.7506,1.2166,43.53,111.38,3.6725,1.7682,1
13-Jul-2005,0.755,1.2184,43.52,111.15,3.6725,1.7661,1
14-Jul-2005,0.7514,1.2067,43.53,112.07,3.6725,1.7583,1
15-Jul-2005,0.7518,1.2073,43.52,112.13,3.6725,1.7595,1
18-Jul-2005,0.7496,1.2054,43.54,,3.6725,1.7457,1
19-Jul-2005,0.7512,1.1965,43.56,112.33,3.6725,1.7385,1
20-Jul-2005,0.7522,1.2063,43.54,112.99,3.6725,1.7396,1
21-Jul-2005,0.759,1.2187,43.51,112.5,3.6725,1.7472,1
22-Jul-2005,0.7657,1.2143,43.39,110.95,3.6725,1.7483,1
25-Jul-2005,0.7627,1.2065,43.5,111.6,3.6725,1.7389,1
26-Jul-2005,0.7601,1.1987,43.52,111.9,3.6725,1.7397,1
27-Jul-2005,,1.199,,112.7,3.6725,1.7378,1
28-Jul-2005,0.7552,1.21,,112.45,3.6725,1.7466,1
29-Jul-2005,0.7595,1.2093,43.49,112.22,,1.7558,1
1-Aug-2005,,1.2219,43.45,112.2,3.6725,1.7692,1
2-Aug-2005,0.7637,1.2217,43.46,111.8,,1.7721,1
3-Aug-2005,0.7634,1.2308,43.51,111.85,3.6725,1.7794,1
4-Aug-2005,0.7718,1.2319,43.51,111,3.6725,1.7785,1
5-Aug-2005,,1.2386,43.5,111.75,3.6725,1.7783,1
8-Aug-2005,0.7645,1.237,43.55,112.4,3.6725,1.7877,1
9-Aug-2005,0.7653,1.2367,43.55,111.82,3.6725,1.7826,1
10-Aug-2005,0.7626,1.2377,43.53,111.2,3.6725,1.794,1
11-Aug-2005,0.7696,1.2405,43.58,110.3,3.6725,1.8026,1
12-Aug-2005,0.7728,1.2457,43.6,109.85,3.6725,1.8156,1
15-Aug-2005,0.7716,1.2374,,109.57,3.6725,1.8093,1
16-Aug-2005,0.7672,1.2313,43.54,109.33,3.6725,1.8079,1
17-Aug-2005,0.7648,1.2296,43.54,109.5,3.6725,1.8101,1
18-Aug-2005,0.7602,1.2213,43.56,110.15,3.6725,1.8036,1
19-Aug-2005,0.752,1.2183,43.58,110.46,3.6725,1.796,1
22-Aug-2005,0.7532,1.2231,43.59,110.2,3.6725,1.8011,1
23-Aug-2005,0.7557,1.2233,43.67,110,3.6725,1.7976,1
24-Aug-2005,0.7522,1.2211,43.72,110.6,3.6725,1.794,1
25-Aug-2005,0.758,1.2272,43.76,109.85,3.6725,1.8025,1
26-Aug-2005,0.7584,1.2307,43.73,110.22,3.6725,1.804,1
29-Aug-2005,0.7663,1.2289,43.78,110.3,3.6725,,1
30-Aug-2005,0.7486,1.2181,44.02,110.95,3.6725,1.7844,1
31-Aug-2005,0.7471,1.2198,44.04,111.3,3.6725,1.7829,1
1-Sep-2005,0.7552,1.2388,44.12,110.8,3.6725,1.8105,1
2-Sep-2005,0.7634,1.2541,43.95,109.9,3.6725,1.8377,1
5-Sep-2005,0.7692,1.2538,43.74,109.15,3.6725,1.8487,1
6-Sep-2005,0.7669,1.2483,43.86,109.35,3.6725,1.8442,1
7-Sep-2005,0.7676,1.2451,,109.98,3.6725,1.8391,1
8-Sep-2005,0.7696,1.2418,43.86,110.28,3.6725,1.836,1
9-Sep-2005,0.7714,1.2415,43.81,110.55,3.6725,1.8327,1
12-Sep-2005,0.773,1.2313,43.82,109.58,3.6725,1.8266,1
13-Sep-2005,0.7707,1.2276,43.88,110.37,3.6725,1.8235,1
14-Sep-2005,0.7699,1.2314,43.92,110.65,3.6725,1.8232,1
15-Sep-2005,0.7691,1.2223,43.94,110.55,3.6725,1.809,1
16-Sep-2005,0.7693,1.2243,43.87,110.8,3.6725,1.8112,1
19-Sep-2005,0.7629,1.2139,43.9,,3.6725,1.8025,1
20-Sep-2005,0.7686,1.2154,43.91,111.35,3.6725,1.8051,1
21-Sep-2005,0.7693,1.2225,43.92,111.9,3.6725,1.8098,1
22-Sep-2005,0.769,1.2224,43.9,111.7,3.6725,1.8017,1
23-Sep-2005,0.7601,1.2118,43.93,,3.6725,1.7858,1
26-Sep-2005,0.7582,1.2031,43.95,112.37,3.6725,1.7734,1
27-Sep-2005,0.7539,1.2005,43.98,112.7,3.6725,1.7659,1
28-Sep-2005,0.7575,1.2037,44.08,113.05,3.6725,1.7659,1
29-Sep-2005,0.7599,1.2063,43.99,112.97,3.6725,1.7661,1
30-Sep-2005,0.7615,1.2042,,113.15,3.6725,1.7663,1
3-Oct-2005,,1.1933,44.09,113.97,3.6725,1.7539,1
4-Oct-2005,0.7637,1.1938,44.13,114.18,3.6725,1.7568,1
5-Oct-2005,0.7601,1.1947,44.31,113.92,3.6725,1.7641,1
6-Oct-2005,0.758,1.2061,44.26,113.85,3.6725,1.7698,1
7-Oct-2005,0.7606,1.2144,44.32,113.48,3.6725,1.7674,1
10-Oct-2005,,1.2088,44.62,,3.6725,1.7591,1
11-Oct-2005,,1.2022,44.94,114.1,3.6725,1.7533,1
12-Oct-2005,0.7515,1.2008,,114.65,3.6725,1.7458,1
13-Oct-2005,0.7517,1.198,44.89,114.7,3.6725,1.7492,1
14-Oct-2005,0.7518,1.1999,44.89,114.55,3.6725,1.7492,1
17-Oct-2005,0.7534,1.2022,44.82,113.95,3.6725,1.7579,1
18-Oct-2005,0.7475,1.1937,45.11,115.37,3.6725,1.746,1
19-Oct-2005,0.7476,1.195,45.32,115.8,3.6725,1.7581,1
20-Oct-2005,0.7492,1.1953,45.2,115.52,3.6725,1.7663,1
21-Oct-2005,0.751,1.2012,45.09,115.15,3.6725,1.7744,1
24-Oct-2005,0.7482,1.1944,45.14,115.9,3.6725,1.7675,1
25-Oct-2005,0.7504,1.2017,45.12,115.65,3.6725,1.7783,1
26-Oct-2005,0.7563,1.2059,44.94,115.13,3.6725,1.776,1
27-Oct-2005,0.7568,1.213,45.06,115.47,3.6725,1.7851,1
28-Oct-2005,0.7563,1.2138,45.09,115.3,3.6725,1.7821,1
31-Oct-2005,0.7487,1.2023,45.11,115.7,3.6725,1.7775,1
1-Nov-2005,,1.2008,,116.55,3.6725,1.7692,1
2-Nov-2005,0.7435,1.1992,45.18,116.8,3.6725,1.7651,1
3-Nov-2005,0.7415,1.2041,45.27,,3.6725,1.7774,1
4-Nov-2005,0.7381,1.1933,45.41,117.45,3.6725,1.7647,1
7-Nov-2005,0.7329,1.1824,45.67,117.9,3.6725,1.7481,1
8-Nov-2005,0.7299,1.1741,45.99,117.84,3.6725,1.735,1
9-Nov-2005,0.7344,1.1738,45.8,117.32,3.6725,1.7373,1
10-Nov-2005,0.7328,1.1762,45.81,117.73,3.6725,1.7486,1
11-Nov-2005,0.7325,1.1697,45.77,117.75,3.6725,1.74,1
14-Nov-2005,0.7337,1.1713,45.67,117.98,3.6725,1.7441,1
15-Nov-2005,0.7285,1.1667,,118.8,3.6725,1.7319,1
16-Nov-2005,0.7307,1.1677,45.82,119.25,3.6725,1.7254,1
17-Nov-2005,0.7316,1.1692,45.77,118.9,3.6725,1.7187,1
18-Nov-2005,0.7325,1.1679,45.74,118.9,3.6725,1.7124,1
21-Nov-2005,0.7333,1.1811,45.78,119.3,3.6725,1.7193,1
22-Nov-2005,0.7343,1.1701,45.85,119.12,3.6725,1.7117,1
23-Nov-2005,0.7372,1.1776,45.74,,3.6725,1.7208,1
24-Nov-2005,0.7382,1.1783,,118.6,3.6725,1.7247,1
25-Nov-2005,0.736,1.1763,,119.27,3.6725,1.7191,1
28-Nov-2005,0.7334,1.1726,45.94,119.83,3.6725,1.7109,1
29-Nov-2005,0.7399,1.1793,45.92,119.22,3.6725,1.7255,1
30-Nov-2005,0.7389,1.1769,45.94,119.63,3.6725,1.727,1
1-Dec-2005,0.7385,1.1745,45.99,119.82,3.6725,1.7285,1
2-Dec-2005,0.7427,1.1697,46.12,120.52,3.6725,1.7264,1
5-Dec-2005,0.7458,1.1767,46.28,121.35,3.6725,1.7358,1
6-Dec-2005,0.7512,1.1783,46.18,120.98,,1.7331,1
7-Dec-2005,0.7492,1.171,46.17,121.05,3.6725,1.7332,1
8-Dec-2005,0.7456,1.1764,46.33,120.7,3.6725,1.745,1
9-Dec-2005,0.7518,1.1785,46.22,120.5,3.6725,1.7502,1
12-Dec-2005,0.7518,1.1925,46.2,120.85,3.6725,1.7635,1
13-Dec-2005,0.7561,1.1925,46.06,119.9,3.6725,1.7674,1
14-Dec-2005,0.7541,1.202,45.84,118.8,3.6725,1.7703,1
15-Dec-2005,0.7547,1.1999,45.5,117.25,3.6725,1.7724,1
16-Dec-2005,,1.1983,,115.72,3.6725,1.7691,1
19-Dec-2005,0.746,1.1977,45.24,116.35,3.6725,1.7663,1
20-Dec-2005,0.739,1.1955,45.03,116.25,3.6725,1.7666,1
21-Dec-2005,0.7346,1.1872,45.37,116.95,3.6725,1.7492,1
22-Dec-2005,0.7336,1.1822,45.32,117.55,3.6725,1.738,1
23-Dec-2005,0.7306,1.1859,45.16,,3.6725,1.7361,1
26-Dec-2005,,1.1859,45.12,116.48,3.6725,1.7361,1
27-Dec-2005,,1.1852,45.2,117.1,3.6725,1.7308,1
28-Dec-2005,0.7272,1.1916,45.26,117.44,3.6725,1.7371,1
29-Dec-2005,0.729,1.1825,45.16,117.88,3.6725,1.7216,1
30-Dec-2005,0.7337,1.1797,45.07,117.97,3.6725,1.7219,1
2-Jan-2006,,1.1826,45.05,,3.6725,,1
3-Jan-2006,0.7377,1.1875,44.95,,3.6725,1.7295,1
4-Jan-2006,0.7427,1.2083,44.85,115.95,3.6725,1.7544,1
5-Jan-2006,0.7475,1.2088,44.67,116.2,3.6725,1.7535,1
6-Jan-2006,0.7472,1.2093,44.66,116.1,3.6725,1.7557,1
9-Jan-2006,0.7533,1.2078,44.28,,,1.7657,1
10-Jan-2006,0.7493,1.2064,44.38,114.55,3.6725,1.769,1
11-Jan-2006,0.7504,1.2088,,114.55,3.6725,1.7575,1
12-Jan-2006,0.7553,1.2113,44.15,114.2,3.6725,1.7683,1
13-Jan-2006,0.7508,1.2039,44.26,114.6,3.6725,1.7667,1
16-Jan-2006,0.7559,1.2112,44.17,114.1,3.6725,1.7691,1
17-Jan-2006,0.7538,1.2075,44.31,115.2,3.6725,1.7604,1
18-Jan-2006,0.7478,1.2125,44.51,115.65,3.6725,1.7663,1
19-Jan-2006,0.7465,1.2073,44.36,115.26,3.6725,1.7558,1
20-Jan-2006,0.7468,1.2068,44.36,115.6,3.6725,1.7605,1
23-Jan-2006,0.7539,1.2277,44.15,114.78,,1.7833,1
24-Jan-2006,0.7507,1.2272,44.21,114.8,3.6725,1.7838,1
25-Jan-2006,0.7515,1.2294,44.29,115.1,3.6725,1.7922,1
26-Jan-2006,,1.2254,,115.64,,1.7869,1
27-Jan-2006,0.7521,1.2172,44.15,116.25,3.6725,1.7765,1
30-Jan-2006,0.7491,1.2082,44.14,117.35,3.6725,1.766,1
31-Jan-2006,0.751,1.2118,44.07,117.71,,1.7713,1
1-Feb-2006,,1.2092,44.15,117.23,3.6725,1.7766,1
2-Feb-2006,0.752,1.2066,44.31,118.25,,1.7751,1
3-Feb-2006,0.7527,1.2061,44.23,118.48,3.6725,1.7756,1
6-Feb-2006,0.7464,1.1981,44.2,118.65,3.6725,1.7528,1
7-Feb-2006,0.7425,1.1973,44.27,118.95,3.6725,1.7485,1
8-Feb-2006,0.7381,1.1948,44.2,118.05,,1.7427,1
9-Feb-2006,0.7399,1.1972,,118.55,3.6725,1.7428,1
10-Feb-2006,0.7395,1.197,44.21,118.45,3.6725,1.7477,1
13-Feb-2006,0.7369,1.1888,44.26,117.78,3.6725,1.7399,1
14-Feb-2006,0.7373,1.1898,44.22,117.48,3.6725,1.7353,1
15-Feb-2006,0.7407,1.1904,44.27,117.6,3.6725,1.7391,1
16-Feb-2006,0.7389,1.1858,44.3,117.85,3.6725,1.735,1
17-Feb-2006,0.7389,1.1863,44.46,118.1,3.6725,1.7355,1
20-Feb-2006,0.7414,1.1932,44.43,118.22,3.6725,1.7436,1
21-Feb-2006,0.7382,1.1906,44.4,118.47,3.6725,1.7445,1
22-Feb-2006,0.7387,1.1875,44.51,118.65,3.6725,1.74,1
23-Feb-2006,0.7359,1.1957,44.56,117.75,3.6725,1.7524,1
24-Feb-2006,0.7402,1.1896,44.45,116.65,3.6725,1.7499,1
27-Feb-2006,0.7386,1.1852,44.42,116.3,3.6725,1.7396,1
28-Feb-2006,0.7382,1.1875,44.44,116.25,3.6725,1.7465,1
1-Mar-2006,0.743,1.1954,44.35,115.82,3.6725,1.7559,1
2-Mar-2006,0.7454,1.1921,44.34,116.23,3.6725,1.7467,1
3-Mar-2006,0.7447,1.202,44.36,116.4,3.6725,1.7554,1
6-Mar-2006,0.7446,1.2017,44.32,117,3.6725,1.7557,1
7-Mar-2006,0.738,1.1913,44.33,117.58,3.6725,1.7363,1
8-Mar-2006,0.7342,1.1914,44.42,117.7,3.6725,1.7381,1
9-Mar-2006,0.7359,1.192,44.55,117.75,3.6725,1.7383,1
10-Mar-2006,0.7345,1.1919,44.5,118.35,3.6725,1.7366,1
13-Mar-2006,0.7333,1.1922,44.53,118.86,3.6725,1.7263,1
14-Mar-2006,0.7335,1.1948,44.47,118.53,3.6725,1.7349,1
15-Mar-2006,0.7391,1.2026,,117.5,3.6725,1.7457,1
16-Mar-2006,0.7377,1.2069,44.41,117.67,3.6725,1.7465,1
17-Mar-2006,0.7359,1.2185,44.42,116.7,3.6725,1.7555,1
20-Mar-2006,0.7252,1.2174,44.44,116.16,3.6725,1.753,1
21-Mar-2006,0.7203,1.2144,44.38,,3.6725,1.7493,1
22-Mar-2006,0.7175,1.2069,44.47,117.3,3.6725,1.747,1
23-Mar-2006,0.7178,1.2055,44.55,116.85,3.6725,1.741,1
24-Mar-2006,0.7111,1.1969,44.66,117.98,3.6725,1.7321,1
27-Mar-2006,0.7079,1.2025,44.66,116.65,3.6725,1.7461,1
28-Mar-2006,0.7103,1.2084,44.66,116.86,3.6725,1.7478,1
29-Mar-2006,0.7021,1.2012,44.69,117.82,3.6725,1.7372,1
30-Mar-2006,0.7103,1.2096,,117.75,3.6725,1.7386,1
31-Mar-2006,0.7159,1.2104,,117.4,3.6725,1.7349,1
3-Apr-2006,0.715,1.2063,44.61,118.05,,1.7274,1
4-Apr-2006,0.7129,1.2217,44.61,117.65,3.6725,1.7446,1
5-Apr-2006,0.7216,1.2262,44.69,116.85,3.6725,1.7522,1
6-Apr-2006,0.729,1.2312,,117.5,3.6725,1.7576,1
7-Apr-2006,0.7304,1.2179,44.63,117.86,3.6725,1.7497,1
10-Apr-2006,0.7281,1.2099,44.74,118.15,3.6725,1.7455,1
11-Apr-2006,0.7316,1.2105,,118.45,3.6725,1.7428,1
12-Apr-2006,0.7334,1.2125,44.93,117.88,3.6725,1.7536,1
13-Apr-2006,0.7302,1.2094,45.3,118.45,3.6725,1.7521,1
14-Apr-2006,,,,118.67,3.6725,,1
17-Apr-2006,,,45.15,118.25,3.6725,1.7714,1
18-Apr-2006,0.7391,1.2252,45.15,117.84,3.6725,1.7722,1
19-Apr-2006,0.7431,1.2346,45.14,117,3.6725,1.7848,1
20-Apr-2006,0.7449,1.2346,45.15,117.57,3.6725,1.7815,1
21-Apr-2006,0.7382,1.2315,45.09,117.64,3.6725,1.78,1
24-Apr-2006,0.7452,1.2365,45.06,115.78,3.6725,1.7894,1
25-Apr-2006,,1.2425,44.83,114.47,3.6725,1.7848,1
26-Apr-2006,0.7462,1.2425,45.03,115,3.6725,1.7829,1
27-Apr-2006,0.7523,1.2414,45.06,114.75,3.6725,1.7837,1
28-Apr-2006,0.7542,1.2537,44.97,114.3,3.6725,1.8085,1
1-May-2006,0.7614,,,113.1,3.6725,,1
2-May-2006,0.7561,1.2643,44.9,113.65,3.6725,1.8344,1
3-May-2006,0.7674,1.2622,44.86,,3.6725,1.8377,1
4-May-2006,0.7675,1.2592,44.97,,3.6725,1.8418,1
5-May-2006,0.7681,1.2688,44.88,,3.6725,1.8495,1
8-May-2006,,1.2756,44.88,111.63,3.6725,1.8634,1
9-May-2006,0.7689,1.2697,44.96,111.37,3.6725,1.8557,1
10-May-2006,0.772,1.2779,44.93,111.18,3.6725,1.8617,1
11-May-2006,0.7713,1.2716,45.07,111.1,3.6725,1.8644,1
12-May-2006,0.7769,1.2914,45.05,110.15,3.6725,1.8962,1
15-May-2006,0.7704,1.2826,45.39,109.65,3.6725,1.8797,1
16-May-2006,0.7628,1.2817,45.61,110,3.6725,1.8811,1
17-May-2006,0.7692,1.2882,45.34,109.5,3.6725,1.8971,1
18-May-2006,0.76,1.277,45.48,110.7,3.6725,1.8868,1
19-May-2006,0.7633,1.2767,45.46,110.75,3.6725,1.8758,1
22-May-2006,0.7507,1.2753,45.68,112.1,3.6725,1.8766,1
23-May-2006,0.7538,1.2841,45.52,111.18,3.6725,1.8828,1
24-May-2006,0.7514,1.2851,45.73,112.37,3.6725,1.8848,1
25-May-2006,0.752,1.2755,45.85,112.75,3.6725,1.8718,1
26-May-2006,0.759,1.2797,45.85,111.69,3.6725,1.8717,1
29-May-2006,0.7577,1.2758,45.97,112.35,3.6725,1.8611,1
30-May-2006,0.7617,1.2839,46.19,112.65,3.6725,1.8782,1
31-May-2006,0.7636,1.2868,46.43,112.24,3.6725,1.8799,1
1-Jun-2006,0.7488,1.2736,46.22,112.58,3.6725,1.8639,1
2-Jun-2006,0.7464,1.2815,46.17,112.55,3.6725,1.8662,1
5-Jun-2006,0.7522,1.2958,45.82,111.65,3.6725,1.8848,1
6-Jun-2006,0.7458,1.2847,45.92,112.4,3.6725,1.8692,1
7-Jun-2006,0.7411,1.2789,45.93,113.1,3.6725,1.8629,1
8-Jun-2006,0.7451,1.2735,46.06,113.58,3.6725,1.8492,1
9-Jun-2006,0.745,1.2659,45.92,113.95,3.6725,1.8424,1
12-Jun-2006,,1.2572,45.88,114.1,3.6725,1.8423,1
13-Jun-2006,0.7415,1.2571,46.04,114.43,3.6725,1.8413,1
14-Jun-2006,0.7383,1.2563,45.98,115.11,3.6725,1.841,1
15-Jun-2006,0.7382,1.261,45.91,115.05,3.6725,1.8481,1
16-Jun-2006,0.7427,1.2651,45.92,114.7,3.6725,1.8538,1
19-Jun-2006,0.7372,1.2591,45.89,115.6,3.6725,1.8443,1
20-Jun-2006,0.7397,1.2546,45.91,115.05,3.6725,1.8405,1
21-Jun-2006,0.7395,1.2632,45.92,114.72,3.6725,1.8417,1
22-Jun-2006,0.7403,1.2582,46.01,114.79,3.6725,1.8324,1
23-Jun-2006,0.7342,1.2502,46.2,116.07,3.6725,1.8223,1
26-Jun-2006,0.7318,1.2561,46.34,116.37,3.6725,1.8215,1
27-Jun-2006,0.7338,1.2567,46.36,116.2,3.6725,1.821,1
28-Jun-2006,0.7319,1.257,46.4,116.25,3.6725,1.8215,1
29-Jun-2006,0.7284,1.2529,46.34,116.54,3.6725,1.8124,1
30-Jun-2006,0.7433,1.2713,46.08,114.95,3.6725,1.8344,1
3-Jul-2006,0.7423,1.279,45.98,114.47,3.6725,1.8443,1
4-Jul-2006,0.7442,1.2791,46.01,114.6,3.6725,1.8452,1
5-Jul-2006,0.7465,1.2794,46.03,114.92,3.6725,1.8459,1
6-Jul-2006,0.7421,1.2735,46.15,115.55,3.6725,1.836,1
7-Jul-2006,0.7464,1.2778,46.12,115.16,3.6725,1.8415,1
10-Jul-2006,0.7519,1.2752,46.06,113.65,3.6725,1.8436,1
11-Jul-2006,0.7487,1.2736,46.21,114.15,3.6725,1.8391,1
12-Jul-2006,0.7544,1.2722,46.21,114.35,3.6725,1.8432,1
13-Jul-2006,0.7556,1.2692,46.29,115.4,3.6725,1.8391,1
14-Jul-2006,0.7506,1.2666,46.43,115.85,3.6725,1.8412,1
17-Jul-2006,0.7509,1.2541,46.44,,3.6725,1.8196,1
18-Jul-2006,0.749,1.2531,46.73,116.9,3.6725,1.8283,1
19-Jul-2006,0.7451,1.2482,46.95,117.25,3.6725,1.8283,1
20-Jul-2006,0.75,1.2643,46.84,116.85,3.6725,1.8489,1
21-Jul-2006,0.7493,1.268,46.83,116.95,3.6725,1.8582,1
24-Jul-2006,0.7513,1.2633,46.93,116.55,3.6725,1.8524,1
25-Jul-2006,0.7561,1.2636,46.81,116.8,3.6725,1.8513,1
26-Jul-2006,0.7559,1.2587,46.85,117.07,3.6725,1.8408,1
27-Jul-2006,0.7615,1.2737,46.64,116.27,3.6725,1.8632,1
28-Jul-2006,,1.2664,46.56,115.9,3.6725,1.8573,1
31-Jul-2006,0.7658,1.2767,46.51,114.8,3.6725,1.8643,1
1-Aug-2006,0.763,1.2759,46.65,114.65,3.6725,1.8673,1
2-Aug-2006,0.7672,1.2798,46.56,114.44,3.6725,1.8751,1
3-Aug-2006,0.764,1.2781,46.72,114.75,3.6725,1.8736,1
4-Aug-2006,0.7618,1.2792,46.54,115.15,3.6725,1.8904,1
7-Aug-2006,,1.285,46.49,114.55,3.6725,1.9093,1
8-Aug-2006,0.762,1.2839,46.59,115.1,3.6725,1.9059,1
9-Aug-2006,0.7578,1.2879,46.53,115.67,3.6725,1.9093,1
10-Aug-2006,0.7701,1.2857,46.43,115.37,3.6725,1.9014,1
11-Aug-2006,0.7685,1.2775,46.52,115.35,3.6725,1.8952,1
14-Aug-2006,0.7675,1.2718,46.56,116.28,3.6725,1.8885,1
15-Aug-2006,0.7595,1.2725,,116.55,3.6725,1.887,1
16-Aug-2006,0.7641,1.2793,46.55,116.07,3.6725,1.8894,1
17-Aug-2006,0.7674,1.2879,46.46,115.6,3.6725,1.8962,1
18-Aug-2006,0.7609,1.2802,46.48,116.02,3.6725,1.884,1
21-Aug-2006,0.7597,1.2919,46.45,115.79,3.6725,1.8949,1
22-Aug-2006,,1.2812,46.52,116.15,3.6725,1.8918,1
23-Aug-2006,0.763,1.2812,46.56,116.3,3.6725,1.8917,1
24-Aug-2006,0.7616,1.2831,46.5,116.42,3.6725,1.8937,1
25-Aug-2006,0.7604,1.2762,46.61,116.69,3.6725,1.8894,1
28-Aug-2006,0.7586,1.28,46.56,117.2,3.6725,,1
29-Aug-2006,0.7623,1.2808,46.52,116.98,3.6725,1.8997,1
30-Aug-2006,0.7623,1.2818,46.51,116.85,3.6725,1.901,1
31-Aug-2006,0.7627,1.2851,46.55,117.32,3.6725,1.9076,1
1-Sep-2006,0.765,1.2817,46.53,117.25,3.6725,1.9036,1
4-Sep-2006,0.7704,1.2852,46.44,116.5,3.6725,1.9063,1
5-Sep-2006,0.7701,1.281,46.22,115.85,3.6725,1.9,1
6-Sep-2006,0.7684,1.2793,46.21,116.35,3.6725,1.8875,1
7-Sep-2006,0.7664,1.2731,46.1,116.7,3.6725,1.8801,1
8-Sep-2006,0.7566,1.2713,46.2,116.2,3.6725,1.8705,1
11-Sep-2006,0.7522,1.2713,46.27,116.76,3.6725,1.8664,1
12-Sep-2006,0.7526,1.2709,46.34,117.6,3.6725,1.8746,1
13-Sep-2006,0.7507,1.2677,46.22,117.92,3.6725,1.874,1
14-Sep-2006,0.7515,1.2723,46.15,117.55,3.6725,1.8847,1
15-Sep-2006,0.756,1.2675,46.13,117.74,3.6725,1.8816,1
18-Sep-2006,0.7523,1.2665,46.12,,3.6725,1.8757,1
19-Sep-2006,0.7555,1.2654,46.11,117.93,3.6725,1.8809,1
20-Sep-2006,0.7525,1.2676,46.05,117.3,3.6725,1.8823,1
21-Sep-2006,0.7567,1.2731,45.88,117.1,3.6725,1.898,1
22-Sep-2006,0.7561,1.2817,45.94,116.4,3.6725,1.9044,1
25-Sep-2006,0.7522,1.2768,45.86,116.32,3.6725,1.9022,1
26-Sep-2006,0.755,1.2695,45.97,116.35,3.6725,1.897,1
27-Sep-2006,0.7507,1.2684,45.92,117.05,3.6725,1.8912,1
28-Sep-2006,0.7502,1.2713,45.92,117.5,3.6725,1.8801,1
29-Sep-2006,0.748,1.266,45.96,117.8,3.6725,1.8702,1
2-Oct-2006,,1.2685,,118.25,3.6725,1.8733,1
3-Oct-2006,0.7477,1.2737,45.84,117.68,3.6725,1.8893,1
4-Oct-2006,0.7437,1.2684,45.69,118.05,3.6725,1.88,1
5-Oct-2006,0.7462,1.2721,45.71,117.68,3.6725,1.8858,1
6-Oct-2006,0.7447,1.2664,45.61,118,3.6725,1.8758,1
9-Oct-2006,0.743,1.2603,45.72,,3.6725,1.8677,1
10-Oct-2006,0.7451,1.2538,45.74,119.1,3.6725,1.8594,1
11-Oct-2006,0.7436,1.2543,45.76,119.68,3.6725,1.8571,1
12-Oct-2006,0.747,1.2531,45.6,119.6,3.6725,1.8552,1
13-Oct-2006,0.751,1.255,45.49,119.3,3.6725,1.8605,1
16-Oct-2006,0.7501,1.2515,45.46,119.75,3.6725,1.8593,1
17-Oct-2006,0.7547,1.2524,45.36,119.08,3.6725,1.8679,1
18-Oct-2006,0.7544,1.2543,45.26,118.69,3.6725,1.8712,1
19-Oct-2006,0.7553,1.2561,45.32,118.88,3.6725,1.8685,1
20-Oct-2006,0.7597,1.2618,45.31,118.33,3.6725,1.8824,1
23-Oct-2006,0.7601,1.2556,45.4,118.8,3.6725,1.8723,1
24-Oct-2006,0.7573,1.2541,,119.4,3.6725,1.8699,1
25-Oct-2006,0.7612,1.258,,119.24,3.6725,1.8781,1
26-Oct-2006,0.7627,1.2653,45.3,118.8,3.6725,1.884,1
27-Oct-2006,0.7645,1.2683,45.22,118.45,3.6725,1.8913,1
30-Oct-2006,0.7698,1.2717,45.09,117.4,3.6725,1.9014,1
31-Oct-2006,0.7692,1.2696,45.02,117.65,3.6725,1.8987,1
1-Nov-2006,0.7739,1.2757,44.93,116.97,3.6725,1.9099,1
2-Nov-2006,0.7721,1.2767,44.93,117.27,3.6725,1.9081,1
3-Nov-2006,0.7743,1.276,44.84,,3.6725,1.9093,1
6-Nov-2006,0.7699,1.2702,44.86,118.05,3.6725,1.8964,1
7-Nov-2006,0.7736,1.2755,44.83,118.23,3.6725,1.9043,1
8-Nov-2006,0.7716,1.2776,44.68,117.63,3.6725,1.9078,1
9-Nov-2006,0.7667,1.2796,44.65,117.87,3.6725,1.9073,1
10-Nov-2006,0.7677,1.2864,44.45,117.6,3.6725,1.9155,1
13-Nov-2006,0.7673,1.283,44.9,117.38,3.6725,1.9057,1
14-Nov-2006,0.7646,1.2824,45.16,117.75,3.6725,1.8977,1
15-Nov-2006,0.7654,1.2792,45.34,117.7,3.6725,1.8865,1
16-Nov-2006,0.7663,1.2804,45.17,118,3.6725,1.8886,1
17-Nov-2006,0.7664,1.2774,45.01,118.3,3.6725,1.8854,1
20-Nov-2006,0.7687,1.2841,44.86,117.93,3.6725,1.8951,1
21-Nov-2006,0.7695,1.2814,44.99,118.08,3.6725,1.8979,1
22-Nov-2006,0.7721,1.2886,44.75,117.85,3.6725,1.9079,1
23-Nov-2006,,1.2953,,,,1.9142,1
24-Nov-2006,,1.3078,,116.4,3.6725,1.9332,1
27-Nov-2006,0.7794,1.3114,44.64,115.65,3.6725,1.9371,1
28-Nov-2006,0.7786,1.3147,44.74,116.11,3.6725,1.9433,1
29-Nov-2006,0.7825,1.3157,44.65,115.77,3.6725,1.9499,1
30-Nov-2006,0.785,1.32,44.76,116.4,3.6725,1.9562,1
1-Dec-2006,0.7896,1.3244,44.67,115.7,3.6725,1.9681,1
4-Dec-2006,0.7866,1.3309,44.59,115.58,3.6725,1.9782,1
5-Dec-2006,0.7879,1.3331,44.56,115.33,3.6725,1.9752,1
6-Dec-2006,0.7875,1.3274,44.51,114.87,3.6725,1.9658,1
7-Dec-2006,0.7891,1.3297,44.66,115.1,3.6725,1.9665,1
8-Dec-2006,0.7893,1.3276,44.69,115.25,3.6725,1.9589,1
11-Dec-2006,0.7822,1.3177,44.76,116.7,3.6725,1.949,1
12-Dec-2006,0.7853,1.3244,44.82,116.83,3.6725,1.9622,1
13-Dec-2006,0.7879,1.3265,44.83,117,3.6725,1.9719,1
14-Dec-2006,0.7863,1.3192,44.74,117.52,3.6725,1.9636,1
15-Dec-2006,0.7819,1.3106,44.66,117.93,3.6725,1.9568,1
18-Dec-2006,0.7815,1.3095,44.79,118.05,3.6725,1.9495,1
19-Dec-2006,0.7805,1.3158,44.83,118.05,3.6725,1.9634,1
20-Dec-2006,0.7848,1.3203,44.74,118.15,3.6725,1.9709,1
21-Dec-2006,0.786,1.3178,44.73,118.38,3.6725,1.9628,1
22-Dec-2006,0.7862,1.3192,44.59,118.34,3.6725,1.9654,1
26-Dec-2006,,,44.54,118.96,3.6725,,1
27-Dec-2006,0.7855,1.3159,44.39,,3.6725,1.9611,1
28-Dec-2006,0.7867,1.3173,44.36,118.78,3.6725,1.9606,1
29-Dec-2006,0.7913,1.317,44.23,118.95,3.6725,1.963,1
2-Jan-2007,0.7939,1.327,44.2,,,1.9701,1
3-Jan-2007,0.7974,1.3231,44.33,,3.6725,1.9597,1
4-Jan-2007,0.7909,1.3106,44.42,119.36,3.6725,1.9449,1
5-Jan-2007,0.7822,1.3084,44.3,118.37,3.6725,1.94,1
8-Jan-2007,0.7799,1.3006,44.42,,3.6725,1.9335,1
9-Jan-2007,0.783,1.3018,44.47,118.9,3.6725,1.9425,1
10-Jan-2007,0.7798,1.2988,44.53,119.38,3.6725,1.9387,1
11-Jan-2007,0.7825,1.2984,44.56,119.63,3.6725,1.9383,1
12-Jan-2007,0.78,1.2893,44.61,120.6,3.6725,1.95,1
15-Jan-2007,0.7856,1.2941,44.31,120.24,3.6725,1.9653,1
16-Jan-2007,0.783,1.2953,44.32,120.55,3.6725,1.9672,1
17-Jan-2007,0.7836,1.2909,44.27,120.84,3.6725,1.9659,1
18-Jan-2007,0.7882,1.2922,44.25,120.62,3.6725,1.9715,1
19-Jan-2007,0.7906,1.2958,44.34,121.3,3.6725,1.9735,1
22-Jan-2007,0.7899,1.2936,,121.34,3.6725,1.9753,1
23-Jan-2007,0.7889,1.304,44.21,121.7,3.6725,1.9874,1
24-Jan-2007,0.7838,1.3005,44.23,120.9,3.6725,1.9752,1
25-Jan-2007,0.7796,1.2978,44.24,120.45,3.6725,1.9711,1
26-Jan-2007,,1.2901,,121.54,3.6725,1.961,1
29-Jan-2007,0.7739,1.2921,44.27,121.99,3.6725,1.9568,1
30-Jan-2007,0.7732,1.2972,,121.6,3.6725,1.9651,1
31-Jan-2007,0.772,1.2954,44.17,121.68,3.6725,1.9526,1
1-Feb-2007,0.7751,1.302,,120.74,3.6725,1.9685,1
2-Feb-2007,0.773,1.302,44.11,120.78,3.6725,1.9687,1
5-Feb-2007,0.7733,1.2925,44.11,120.8,3.6725,1.957,1
6-Feb-2007,0.7749,1.2955,,120.12,3.6725,1.9683,1
7-Feb-2007,0.777,1.2987,44.09,120.2,3.6725,1.9718,1
8-Feb-2007,0.7815,1.2991,44.12,120.78,3.6725,1.9679,1
9-Feb-2007,0.7806,1.3007,44.06,121.34,3.6725,1.9471,1
12-Feb-2007,0.7739,1.2956,44.18,,3.6725,1.9467,1
13-Feb-2007,0.773,1.3022,44.17,121.45,3.6725,1.9425,1
14-Feb-2007,0.78,1.3082,44.16,121.28,3.6725,1.9551,1
15-Feb-2007,0.7839,1.3137,44.09,120.1,3.6725,1.9576,1
16-Feb-2007,0.7846,1.3119,,119.38,3.6725,1.9489,1
19-Feb-2007,0.7875,1.3132,44.07,119.45,3.6725,1.9442,1
20-Feb-2007,0.7867,1.3145,44.2,119.73,3.6725,1.9488,1
21-Feb-2007,0.7873,1.3145,44.19,120.25,3.6725,1.9513,1
22-Feb-2007,0.791,1.3106,44.25,121.02,3.6725,1.9504,1
23-Feb-2007,0.7884,1.3134,44.28,121.48,3.6725,1.9579,1
26-Feb-2007,0.7919,1.316,44.17,120.9,3.6725,1.9631,1
27-Feb-2007,0.794,1.323,44.2,120.2,3.6725,1.9647,1
28-Feb-2007,0.788,1.3211,44.31,118.48,3.6725,1.9567,1
1-Mar-2007,0.786,1.3225,44.27,118.3,3.6725,1.9632,1
2-Mar-2007,0.785,1.3163,44.28,117.65,3.6725,1.9481,1
5-Mar-2007,0.7768,1.3083,44.49,115.6,3.6725,1.9217,1
6-Mar-2007,0.7738,1.31,44.56,116.45,3.6725,1.9287,1
7-Mar-2007,0.7765,1.3135,44.5,116.35,3.6725,1.9283,1
8-Mar-2007,0.7773,1.3152,44.44,115.88,3.6725,1.9341,1
9-Mar-2007,0.7791,1.3155,44.27,117.4,3.6725,1.9316,1
12-Mar-2007,0.7814,1.3156,44.22,118.25,3.6725,1.9394,1
13-Mar-2007,0.7858,1.3218,44.22,117.47,3.6725,1.9291,1
14-Mar-2007,0.782,1.3183,44.31,116.2,3.6725,1.9246,1
15-Mar-2007,0.7862,1.3226,44.22,117.2,3.6725,1.9361,1
16-Mar-2007,0.792,1.3325,44.17,117.13,3.6725,1.948,1
19-Mar-2007,0.7956,1.3303,,117.22,3.6725,1.9446,1
20-Mar-2007,0.7984,1.3296,43.98,117.83,3.6725,1.9569,1
21-Mar-2007,0.8022,1.3293,43.63,,3.6725,1.9588,1
22-Mar-2007,0.8061,1.3351,43.66,117.5,3.6725,1.9691,1
23-Mar-2007,0.8056,1.3327,43.7,118,3.6725,1.9648,1
26-Mar-2007,0.8046,1.3265,43.39,117.98,3.6725,1.9619,1
27-Mar-2007,0.809,1.3347,,118.18,3.6725,1.9644,1
28-Mar-2007,0.8049,1.3348,43.14,117.4,3.6725,1.9645,1
29-Mar-2007,0.807,1.3352,43.47,117.15,3.6725,1.9646,1
30-Mar-2007,0.807,1.3318,43.59,117.65,3.6725,1.9581,1
2-Apr-2007,0.8139,1.3366,,117.95,3.6725,1.9735,1
3-Apr-2007,0.8144,1.3358,43.13,117.77,3.6725,1.9757,1
4-Apr-2007,0.812,1.3352,42.9,118.9,3.6725,1.9735,1
5-Apr-2007,0.8167,1.3373,43.15,118.67,3.6725,1.9709,1
6-Apr-2007,,,,118.75,3.6725,,1
9-Apr-2007,,,42.88,119.36,3.6725,,1
10-Apr-2007,0.8233,1.3426,42.86,119.05,3.6725,1.972,1
11-Apr-2007,0.8245,1.3418,42.87,119.15,3.6725,1.9771,1
12-Apr-2007,0.8246,1.3467,42.86,119.32,3.6725,1.9764,1
13-Apr-2007,0.8324,1.3532,42.74,118.94,3.6725,1.986,1
16-Apr-2007,0.8315,1.355,42.3,119.5,3.6725,1.9918,1
17-Apr-2007,0.8323,1.3549,41.73,119.6,3.6725,2.0014,1
18-Apr-2007,0.8363,1.3577,41.89,118.72,3.6725,2.0108,1
19-Apr-2007,0.8322,1.3601,42.15,118.3,3.6725,2.0002,1
20-Apr-2007,0.8342,1.3606,41.99,118.65,3.6725,2.0034,1
23-Apr-2007,,1.3557,41.67,118.95,3.6725,2.0006,1
24-Apr-2007,0.825,1.3582,41.64,118.47,3.6725,2.0007,1
25-Apr-2007,,1.3649,40.97,118.4,3.6725,2.0046,1
26-Apr-2007,,1.3596,40.78,118.62,3.6725,1.9978,1
27-Apr-2007,0.825,1.3643,41.07,119.6,3.6725,1.9986,1
30-Apr-2007,0.8268,1.3605,41.29,119.6,3.6725,1.9946,1
1-May-2007,0.8292,,,119.55,3.6725,2.0041,1
2-May-2007,0.8247,1.3588,,119.88,3.6725,1.9897,1
3-May-2007,0.8245,1.3613,41.18,,3.6725,1.9922,1
4-May-2007,0.819,1.3561,40.9,,3.6725,1.9869,1
7-May-2007,0.8247,1.3615,40.57,119.93,3.6725,1.9944,1
8-May-2007,0.8307,1.3558,40.78,119.85,3.6725,1.9924,1
9-May-2007,0.8293,1.3535,40.91,119.78,3.6725,1.9914,1
10-May-2007,0.8323,1.3527,41,120.05,3.6725,1.9885,1
11-May-2007,0.8301,1.3486,41.34,119.9,3.6725,1.9791,1
14-May-2007,0.8334,1.3549,40.93,120.2,3.6725,1.9818,1
15-May-2007,0.8327,1.3538,40.87,120.34,3.6725,1.9758,1
16-May-2007,0.8327,1.3574,40.84,120.23,3.6725,1.984,1
17-May-2007,0.8258,1.3516,40.84,120.82,3.6725,1.9768,1
18-May-2007,0.8209,1.3477,40.9,121.3,3.6725,1.9707,1
21-May-2007,0.823,1.3444,40.6,121.26,3.6725,1.9697,1
22-May-2007,0.8217,1.3454,40.64,121.48,3.6725,1.9719,1
23-May-2007,0.8218,1.349,40.55,121.7,3.6725,1.9816,1
24-May-2007,0.8228,1.3448,40.57,121.6,3.6725,1.9857,1
25-May-2007,0.8199,1.3441,40.6,121.12,3.6725,1.9848,1
28-May-2007,,1.3453,,121.67,3.6725,1.9827,1
29-May-2007,0.8174,1.3509,40.45,121.5,3.6725,1.9867,1
30-May-2007,0.8188,1.342,40.64,121.54,3.6725,1.9748,1
31-May-2007,0.8244,1.3453,40.73,121.62,3.6725,1.9773,1
1-Jun-2007,0.8295,1.3436,40.54,121.93,3.6725,1.9783,1
4-Jun-2007,0.8333,1.3482,40.47,122,3.6725,1.9871,1
5-Jun-2007,0.8354,1.3532,40.56,121.75,3.6725,1.9933,1
6-Jun-2007,0.8436,1.3513,40.55,121.37,3.6725,1.9926,1
7-Jun-2007,0.8466,1.347,40.63,120.94,3.6725,1.9893,1
8-Jun-2007,0.8424,1.3349,40.98,121.15,3.6725,1.9647,1
11-Jun-2007,,1.3355,40.91,121.63,3.6725,1.9662,1
12-Jun-2007,0.8435,1.3345,40.73,121.68,3.6725,1.9738,1
13-Jun-2007,0.8412,1.3287,40.93,122.15,3.6725,1.9683,1
14-Jun-2007,0.8386,1.3304,40.84,122.8,3.6725,1.9694,1
15-Jun-2007,0.8368,1.3314,,123.06,3.6725,1.9703,1
18-Jun-2007,0.8428,1.3404,40.76,123.5,3.6725,1.981,1
19-Jun-2007,0.8437,1.3403,40.7,123.61,3.6725,1.9857,1
20-Jun-2007,0.8468,1.3427,40.82,123.34,3.6725,1.9928,1
21-Jun-2007,0.8458,1.3397,40.75,123.64,3.6725,1.9905,1
22-Jun-2007,0.8472,1.3441,40.71,123.95,3.6725,1.996,1
25-Jun-2007,0.8488,1.3461,40.81,123.88,3.6725,1.9986,1
26-Jun-2007,0.8474,1.346,40.95,123.4,3.6725,1.999,1
27-Jun-2007,0.8412,1.3438,41.01,122.99,3.6725,1.996,1
28-Jun-2007,0.8419,1.3467,40.84,122.98,3.6725,2.0023,1
29-Jun-2007,,1.3505,40.75,123.23,3.6725,2.0049,1
2-Jul-2007,0.8532,1.3588,40.66,123,3.6725,2.0105,1
3-Jul-2007,0.8567,1.3601,40.58,122.35,3.6725,2.0147,1
4-Jul-2007,0.8578,1.3618,40.49,122.4,3.6725,2.0177,1
5-Jul-2007,0.8581,1.364,40.46,122.8,3.6725,2.0138,1
6-Jul-2007,0.8562,1.3596,40.46,122.95,3.6725,2.0104,1
9-Jul-2007,0.8591,1.3621,40.41,123.63,3.6725,2.0143,1
10-Jul-2007,0.8576,1.3666,40.41,123.25,3.6725,2.0153,1
11-Jul-2007,0.8607,1.3753,40.38,121.7,3.6725,2.031,1
12-Jul-2007,0.8606,1.3788,40.38,122.3,3.6725,2.0336,1
13-Jul-2007,0.8671,1.3782,40.47,122.45,3.6725,2.0319,1
16-Jul-2007,0.873,1.3781,40.37,,3.6725,2.0398,1
17-Jul-2007,0.8738,1.3771,40.36,121.93,3.6725,2.0449,1
18-Jul-2007,0.8777,1.3779,40.4,121.95,3.6725,2.0492,1
19-Jul-2007,0.8776,1.382,40.39,121.95,3.6725,2.0487,1
20-Jul-2007,0.8805,1.3803,40.33,122.22,3.6725,2.0519,1
23-Jul-2007,0.8827,1.3821,40.34,120.93,3.6725,2.0574,1
24-Jul-2007,0.8845,1.3833,40.24,120.6,3.6725,2.0606,1
25-Jul-2007,0.8867,1.3743,40.3,119.95,3.6725,2.0522,1
26-Jul-2007,0.8847,1.3722,40.27,120.63,3.6725,2.0482,1
27-Jul-2007,0.8707,1.3651,40.48,118.9,3.6725,2.0317,1
30-Jul-2007,0.8493,1.3659,40.54,118.52,3.6725,2.0241,1
31-Jul-2007,0.8572,1.3707,40.44,118.95,3.6725,2.0313,1
1-Aug-2007,0.8454,1.3663,40.55,118.5,3.6725,2.0244,1
2-Aug-2007,0.8545,1.3664,40.43,118.8,3.6725,2.0311,1
3-Aug-2007,0.8578,1.3694,40.36,119.25,3.6725,2.0356,1
6-Aug-2007,,1.3818,40.45,117.6,3.6725,2.0291,1
7-Aug-2007,0.8586,1.3794,40.37,118.68,3.6725,2.0267,1
8-Aug-2007,0.8565,1.3794,40.58,118.95,3.6725,2.0298,1
9-Aug-2007,0.866,1.3729,40.4,119.68,3.6725,2.0282,1
10-Aug-2007,0.841,1.365,40.67,117.9,3.6725,2.017,1
13-Aug-2007,0.8485,1.3651,40.56,118.22,3.6725,2.0126,1
14-Aug-2007,0.8387,1.3591,40.69,117.93,3.6725,2.0005,1
15-Aug-2007,0.8287,1.3476,,117.4,3.6725,1.9898,1
16-Aug-2007,0.8057,1.3405,41.09,116,3.6725,1.9812,1
17-Aug-2007,0.781,1.3454,41.57,112.4,3.6725,1.9772,1
20-Aug-2007,0.7959,1.3476,,114.4,3.6725,1.9867,1
21-Aug-2007,0.8043,1.3508,41.06,114.73,3.6725,1.9848,1
22-Aug-2007,0.8011,1.3493,41.01,114.38,3.6725,1.9891,1
23-Aug-2007,0.815,1.3574,40.86,115.9,3.6725,2.0062,1
24-Aug-2007,0.8211,1.3615,41.18,116.15,3.6725,2.003,1
27-Aug-2007,0.8325,1.3658,40.98,116.24,3.6725,2.0133,1
28-Aug-2007,0.8232,1.3664,41.12,115.55,3.6725,2.0111,1
29-Aug-2007,0.8077,1.3631,41.24,114.05,3.6725,2.0141,1
30-Aug-2007,0.8152,1.361,41.04,115.75,3.6725,2.0066,1
31-Aug-2007,0.8214,1.3705,40.96,116.2,3.6725,2.0199,1
3-Sep-2007,0.8225,1.3632,40.88,115.98,3.6725,2.0177,1
4-Sep-2007,0.8268,1.358,40.91,115.95,3.6725,2.013,1
5-Sep-2007,0.8237,1.3588,40.94,115.84,3.6725,2.0107,1
6-Sep-2007,0.8233,1.3669,40.85,115.4,3.6725,2.0229,1
7-Sep-2007,,1.3696,40.71,115.1,3.6725,2.0219,1
10-Sep-2007,0.8201,1.3795,40.63,113.2,3.6725,2.0307,1
11-Sep-2007,0.827,1.3824,40.58,113.6,3.6725,2.0308,1
12-Sep-2007,0.8358,1.3885,40.49,114.1,3.6725,2.0349,1
13-Sep-2007,0.8392,1.3897,40.44,114.3,3.6725,2.0261,1
14-Sep-2007,0.8398,1.386,40.45,115,3.6725,2.0131,1
17-Sep-2007,0.8439,1.3877,40.47,,3.6725,1.9977,1
18-Sep-2007,0.8304,1.3867,40.59,114.95,3.6725,1.991,1
19-Sep-2007,0.8524,1.3975,40.26,115.87,3.6725,1.9976,1
20-Sep-2007,0.8596,1.403,39.91,115.9,3.6725,2.0074,1
21-Sep-2007,0.8692,1.4049,39.87,114.95,3.6725,2.0145,1
24-Sep-2007,0.8672,1.4113,39.82,,3.6725,2.0249,1
25-Sep-2007,0.8657,1.4106,39.81,114.7,3.6725,2.0105,1
26-Sep-2007,0.8732,1.4127,39.7,114.82,3.6725,2.0115,1
27-Sep-2007,0.8783,1.418,39.75,115.56,3.6725,2.0241,1
28-Sep-2007,0.8827,1.4179,39.74,115.05,3.6725,2.0313,1
1-Oct-2007,,1.4232,39.73,114.9,3.6725,2.04,1
2-Oct-2007,0.886,1.4165,,115.4,3.6725,2.0382,1
3-Oct-2007,0.888,1.4195,39.79,116,3.6725,2.04,1
4-Oct-2007,,1.4109,39.56,116.64,3.6725,2.0308,1
5-Oct-2007,0.8872,1.4136,39.49,116.45,3.6725,2.0398,1
8-Oct-2007,0.903,1.4089,39.43,,3.6725,2.0376,1
9-Oct-2007,0.8927,1.4037,39.55,117.15,3.6725,2.0294,1
10-Oct-2007,0.8987,1.4146,39.34,117.2,3.6725,2.0447,1
11-Oct-2007,0.8996,1.4199,39.31,117.14,3.6725,2.0389,1
12-Oct-2007,0.8984,1.4173,39.33,117.4,3.6725,2.0266,1
15-Oct-2007,0.9057,1.4226,39.31,117.68,3.6725,2.0432,1
16-Oct-2007,0.8998,1.415,39.31,117.38,3.6725,2.0306,1
17-Oct-2007,0.884,1.42,39.68,116.4,3.6725,2.034,1
18-Oct-2007,0.8934,1.4299,39.47,116.52,3.6725,2.0449,1
19-Oct-2007,0.8936,1.4288,39.79,115.1,3.6725,2.0488,1
22-Oct-2007,0.8882,1.4166,39.79,113.8,3.6725,2.036,1
23-Oct-2007,0.8915,1.4254,39.69,114.58,3.6725,2.041,1
24-Oct-2007,0.8974,1.423,39.57,114.8,3.6725,2.0492,1
25-Oct-2007,0.9021,1.4309,39.54,114.03,3.6725,2.0508,1
26-Oct-2007,0.9119,1.4384,39.51,114.3,3.6725,2.051,1
29-Oct-2007,0.9242,1.4391,39.38,114.17,3.6725,2.061,1
30-Oct-2007,0.9165,1.4407,39.4,114.52,3.6725,2.065,1
31-Oct-2007,0.9216,1.4447,39.32,114.75,3.6725,2.0736,1
1-Nov-2007,0.9305,1.4423,39.32,115.33,3.6725,2.0822,1
2-Nov-2007,0.9168,1.4479,39.37,114.65,3.6725,2.0855,1
5-Nov-2007,0.9204,1.4488,39.32,114.6,3.6725,2.0816,1
6-Nov-2007,0.9224,1.4547,39.29,114.45,3.6725,2.0875,1
7-Nov-2007,0.9376,1.4722,39.27,114,3.6725,2.1008,1
8-Nov-2007,0.9244,1.4666,39.34,112.75,3.6725,2.102,1
9-Nov-2007,0.9285,1.4683,,112.55,3.6725,2.0995,1
12-Nov-2007,0.8924,1.4579,39.33,110.1,3.6725,2.071,1
13-Nov-2007,0.8891,1.4607,39.39,110.05,3.6725,2.0688,1
14-Nov-2007,0.9026,1.47,39.33,111.25,3.6725,2.0664,1
15-Nov-2007,0.9001,1.4639,39.28,111.4,3.6725,2.045,1
16-Nov-2007,0.8856,1.4651,39.35,110.05,3.6725,2.0385,1
19-Nov-2007,0.8932,1.4654,39.29,111,3.6725,2.053,1
20-Nov-2007,0.8836,1.4785,39.34,109.75,3.6725,2.0626,1
21-Nov-2007,0.8867,1.4814,39.39,109,3.6725,2.0591,1
22-Nov-2007,0.8753,1.4829,39.41,108.95,3.6725,2.0644,1
23-Nov-2007,0.8736,1.4809,39.57,,3.6725,2.0595,1
26-Nov-2007,0.8839,1.4845,39.68,108.5,3.6725,2.0692,1
27-Nov-2007,0.8786,1.4874,39.85,108.25,3.6725,2.0695,1
28-Nov-2007,0.8758,1.4747,39.68,108.5,3.6725,2.0638,1
29-Nov-2007,0.883,1.4738,39.77,109.98,3.6725,2.0627,1
30-Nov-2007,0.8865,1.4761,39.67,110.3,3.6725,2.0664,1
3-Dec-2007,0.8797,1.4666,39.56,110.6,3.6725,2.0638,1
4-Dec-2007,0.8742,1.4741,39.43,110.2,3.6725,2.0628,1
5-Dec-2007,0.8706,1.472,39.45,110.25,3.6725,2.0386,1
6-Dec-2007,0.8735,1.4554,39.47,110.96,3.6725,2.025,1
7-Dec-2007,0.8774,1.4649,39.41,111.34,3.6725,2.0334,1
10-Dec-2007,0.8764,1.4718,39.38,111.6,3.6725,2.0413,1
11-Dec-2007,0.8886,1.4672,39.36,111.9,3.6725,2.049,1
12-Dec-2007,0.876,1.4675,39.36,110.9,3.6725,2.044,1
13-Dec-2007,0.8827,1.4683,39.37,111.94,3.6725,2.0438,1
14-Dec-2007,0.8767,1.4509,39.35,112.5,3.6725,2.0246,1
17-Dec-2007,0.8618,1.4393,39.37,113.17,3.6725,2.0178,1
18-Dec-2007,0.8594,1.4416,39.57,113,3.6725,2.0142,1
19-Dec-2007,0.8628,1.4385,39.55,113.25,3.6725,2.0035,1
20-Dec-2007,0.8578,1.4349,39.57,113.3,3.6725,1.9877,1
21-Dec-2007,0.8621,1.438,,113.05,3.6725,1.9864,1
24-Dec-2007,,1.4398,,,3.6725,1.9807,1
26-Dec-2007,,,,114.2,3.6725,,1
27-Dec-2007,0.8756,1.4516,39.43,114.25,3.6725,1.9887,1
28-Dec-2007,0.8734,1.4692,39.44,114,3.6725,1.9998,1
31-Dec-2007,0.8816,1.4721,39.41,,,2.0034,1
2-Jan-2008,0.8797,1.4688,39.43,,3.6725,1.9844,1
3-Jan-2008,0.8832,1.4753,39.45,,,1.9777,1
4-Jan-2008,0.8806,1.4727,39.32,109.15,3.6725,1.9772,1
7-Jan-2008,0.8729,1.4723,39.28,108.98,3.6725,1.9735,1
8-Jan-2008,0.8771,1.4705,39.27,109.26,,1.975,1
9-Jan-2008,0.8821,1.468,39.29,109.65,,1.9641,1
10-Jan-2008,0.884,1.4662,39.29,110.05,,1.961,1
11-Jan-2008,0.8953,1.4792,39.29,109.55,,1.9562,1
14-Jan-2008,0.8952,1.4895,39.29,,3.6725,1.9631,1
15-Jan-2008,0.9002,1.4886,39.27,107.82,3.6725,1.9638,1
16-Jan-2008,0.8845,1.4792,39.27,106.75,3.6725,1.9566,1
17-Jan-2008,0.88,1.4691,39.29,107.05,3.6725,1.9626,1
18-Jan-2008,0.8765,1.4674,39.27,107.1,3.6725,1.9585,1
21-Jan-2008,0.8762,1.4482,39.38,106.7,3.6725,1.9489,1
22-Jan-2008,0.8577,1.4494,39.73,105.9,3.6725,1.954,1
23-Jan-2008,0.8638,1.4574,39.56,107.05,3.6725,1.9543,1
24-Jan-2008,0.8746,1.4663,39.43,106.55,3.6725,1.9624,1
25-Jan-2008,0.8847,1.4705,39.4,107.13,3.6725,1.9778,1
28-Jan-2008,,1.4755,39.47,106.83,3.6725,1.9824,1
29-Jan-2008,0.887,1.4773,39.4,106.8,3.6725,1.9923,1
30-Jan-2008,0.8881,1.481,39.43,106.8,3.6725,1.9939,1
31-Jan-2008,0.8884,1.487,39.39,106.36,3.6725,1.9942,1
1-Feb-2008,0.8951,1.4889,39.36,106.37,3.6725,1.9915,1
4-Feb-2008,0.9046,1.4829,39.38,106.8,3.6725,1.9765,1
5-Feb-2008,0.9069,1.4688,39.43,106.73,3.6725,1.9694,1
6-Feb-2008,0.8957,1.4621,39.6,106.55,3.6725,1.9595,1
7-Feb-2008,0.8925,1.4569,39.48,106.35,3.6725,1.9515,1
8-Feb-2008,0.8951,1.4513,39.55,107.34,3.6725,1.948,1
11-Feb-2008,0.9016,1.4542,39.73,,3.6725,1.9496,1
12-Feb-2008,0.9041,1.4538,39.65,106.94,3.6725,1.9509,1
13-Feb-2008,0.9037,1.4586,39.68,107.18,3.6725,1.9639,1
14-Feb-2008,,1.4626,39.65,108.22,3.6725,1.9687,1
15-Feb-2008,0.9042,1.4674,39.66,107.85,3.6725,1.961,1
18-Feb-2008,0.9132,1.4636,39.66,107.85,3.6725,1.9493,1
19-Feb-2008,0.9195,1.4742,39.87,108.18,3.6725,1.9506,1
20-Feb-2008,0.9154,1.4656,40.15,107.9,3.6725,1.9419,1
21-Feb-2008,0.9183,1.4736,40.07,108.1,3.6725,1.9556,1
22-Feb-2008,0.9203,1.4848,39.98,107.48,3.6725,1.9673,1
25-Feb-2008,0.9237,1.4817,40.05,107.3,3.6725,1.9637,1
26-Feb-2008,0.9284,1.4874,39.91,108.05,3.6725,1.9703,1
27-Feb-2008,0.935,1.5044,39.73,107.06,3.6725,1.9848,1
28-Feb-2008,0.9426,1.5121,39.81,106.3,3.6725,1.9813,1
29-Feb-2008,0.9466,1.5167,39.92,104.73,3.6725,1.9835,1
3-Mar-2008,0.9336,1.5203,40.26,103.05,3.6725,1.9829,1
4-Mar-2008,0.9271,1.5206,40.29,103.4,3.6725,1.9873,1
5-Mar-2008,0.9254,1.5196,40.29,103.4,3.6725,1.9785,1
6-Mar-2008,0.9352,1.5319,,103.78,3.6725,1.9949,1
7-Mar-2008,0.9289,1.5417,40.53,102.84,3.6725,2.0146,1
10-Mar-2008,0.928,1.534,40.67,102,,2.0193,1
11-Mar-2008,0.9197,1.5379,40.47,101.62,,2.0167,1
12-Mar-2008,0.9315,1.5477,40.36,103.05,,2.0163,1
13-Mar-2008,0.9357,1.5577,40.44,100.4,,2.0375,1
14-Mar-2008,0.9434,1.5561,40.45,100.17,,2.0253,1
17-Mar-2008,0.9267,1.577,40.77,97,3.6725,2.0039,1
18-Mar-2008,0.9217,1.5771,40.62,97.2,3.6725,2.0147,1
19-Mar-2008,0.9325,1.5692,40.45,99.55,3.6725,1.9972,1
20-Mar-2008,0.9154,1.5423,,,3.6725,1.9823,1
21-Mar-2008,,,,99.55,,,1
24-Mar-2008,,,40.34,99.84,3.6725,,1
25-Mar-2008,0.9116,1.5569,40.12,100.7,3.6725,1.9938,1
26-Mar-2008,0.9164,1.571,40.14,99.85,3.6725,1.9983,1
27-Mar-2008,0.9205,1.5786,40.15,98.8,3.6725,2.0175,1
28-Mar-2008,0.9225,1.5796,40.1,99.5,3.6725,1.9991,1
31-Mar-2008,0.918,1.5812,39.97,100.1,3.6725,1.9885,1
1-Apr-2008,,1.566,,99.83,3.6725,1.9819,1
2-Apr-2008,0.9079,1.5632,39.98,101.77,3.6725,1.9829,1
3-Apr-2008,0.9141,1.5526,39.95,102.75,3.6725,1.9822,1
4-Apr-2008,0.9117,1.5722,39.97,102.5,3.6725,2.0018,1
7-Apr-2008,0.921,1.5693,39.93,102.4,3.6725,1.9873,1
8-Apr-2008,0.9272,1.5694,40.02,102.3,3.675,1.9709,1
9-Apr-2008,0.9302,1.5726,40.02,102.33,3.6725,1.9686,1
10-Apr-2008,0.9311,1.5875,39.95,101.1,3.6725,1.979,1
11-Apr-2008,0.9318,1.5833,39.94,101.9,3.6725,1.9742,1
14-Apr-2008,0.9228,1.5869,,101.42,3.6725,1.9785,1
15-Apr-2008,0.9294,1.5828,39.96,101.13,3.6725,1.9687,1
16-Apr-2008,0.9272,1.5928,39.96,101.85,3.6725,1.9761,1
17-Apr-2008,0.9379,1.5872,39.94,102,3.6725,1.9813,1
18-Apr-2008,0.9384,1.578,,102.55,3.6725,1.9973,1
21-Apr-2008,0.94,1.5898,,103.9,3.6725,1.9828,1
22-Apr-2008,0.9416,1.5931,39.94,103.05,3.6725,1.9865,1
23-Apr-2008,0.9497,1.594,39.95,103.03,3.6725,1.9903,1
24-Apr-2008,0.9474,1.5769,40.04,103.35,3.6725,1.9756,1
25-Apr-2008,,1.5596,40.18,104.33,3.6725,1.9852,1
28-Apr-2008,0.9369,1.5628,40.14,104.7,3.6725,1.988,1
29-Apr-2008,0.9356,1.5571,40.22,,3.6725,1.9743,1
30-Apr-2008,0.9337,1.554,40.46,104.08,3.6725,1.9668,1
1-May-2008,0.9377,,,103.7,3.6725,1.9857,1
2-May-2008,0.9318,1.5458,40.65,104.63,3.6725,1.9869,1
5-May-2008,0.9405,1.546,40.55,,3.6725,,1
6-May-2008,0.9444,1.5528,40.69,,3.6725,1.9686,1
7-May-2008,0.9463,1.543,41.2,104.86,3.6725,1.9571,1
8-May-2008,0.94,1.5347,41.79,104.82,3.6725,1.9588,1
9-May-2008,0.9417,1.5458,41.38,103.5,3.6725,1.9506,1
12-May-2008,0.9373,1.543,41.68,102.87,3.6725,1.9587,1
13-May-2008,0.9465,1.5473,42.16,103.9,3.6725,1.9475,1
14-May-2008,0.9381,1.5439,42.33,104.83,3.6725,1.9394,1
15-May-2008,0.9336,1.5474,42.4,105.27,3.6725,1.9447,1
16-May-2008,0.9449,1.5498,42.64,104.74,3.6725,1.9486,1
19-May-2008,0.9551,1.5577,,104.1,3.6725,1.9565,1
20-May-2008,0.9586,1.5639,42.67,104.15,3.6725,1.9646,1
21-May-2008,0.9587,1.5753,42.72,103.2,3.6725,1.9662,1
22-May-2008,0.9644,1.5755,43.15,102.85,3.6725,1.9799,1
23-May-2008,0.958,1.5742,42.84,104.13,3.6725,1.9805,1
26-May-2008,0.9615,1.5761,42.56,103.3,3.6725,1.9787,1
27-May-2008,0.9635,1.576,42.89,103.36,3.6725,1.9769,1
28-May-2008,0.9612,1.5656,42.85,104.05,3.6725,1.9756,1
29-May-2008,0.9613,1.5551,42.77,104.85,3.6725,1.9758,1
30-May-2008,0.9559,1.5508,42.59,105.66,3.6725,1.9735,1
2-Jun-2008,0.9522,1.5521,42.24,105.45,3.6725,1.9626,1
3-Jun-2008,,1.5593,42.53,104.25,3.6725,1.9679,1
4-Jun-2008,0.9567,1.5466,42.63,105.15,3.6725,1.9576,1
5-Jun-2008,0.955,1.5402,42.86,105.4,3.6725,1.947,1
6-Jun-2008,0.9593,1.5597,42.79,106.1,3.6725,1.9575,1
9-Jun-2008,,1.5784,42.89,105.25,3.6725,1.9762,1
10-Jun-2008,0.9488,1.5526,42.89,106.7,3.6725,1.9568,1
11-Jun-2008,0.9445,1.5515,42.89,107.43,3.6725,1.9562,1
12-Jun-2008,0.9379,1.5417,42.81,107.28,3.6725,1.9471,1
13-Jun-2008,0.9402,1.5336,42.87,107.9,3.6725,1.9438,1
16-Jun-2008,0.9394,1.5459,42.9,108.25,3.6725,1.9634,1
17-Jun-2008,0.9427,1.5477,42.92,107.85,3.6725,1.9506,1
18-Jun-2008,0.9415,1.5493,42.9,107.9,3.6725,1.95,1
19-Jun-2008,,1.5481,42.93,107.65,3.6725,1.9692,1
20-Jun-2008,0.9517,1.561,42.97,107.88,3.6725,1.9763,1
23-Jun-2008,0.9543,1.5521,42.97,107.36,3.6725,1.9621,1
24-Jun-2008,0.9527,1.5568,42.94,108.1,3.6725,1.9636,1
25-Jun-2008,0.9567,1.5599,42.82,107.81,3.6725,1.9734,1
26-Jun-2008,0.9592,1.5731,42.73,107.97,3.6725,1.9834,1
27-Jun-2008,0.96,1.5748,42.79,106.92,3.6725,1.9866,1
30-Jun-2008,0.9626,1.5764,42.95,106.4,3.6725,1.9917,1
1-Jul-2008,0.9553,1.5775,43.27,106.22,3.6725,1.999,1
2-Jul-2008,0.9599,1.5806,43.34,106,3.6725,1.9855,1
3-Jul-2008,0.9624,1.5885,43.3,106,3.6725,1.9879,1
4-Jul-2008,0.962,1.5671,43.21,106.75,3.6725,1.9816,1
7-Jul-2008,0.9606,1.5651,43.12,107.3,3.6725,1.9679,1
8-Jul-2008,0.9543,1.5687,43.37,107.06,3.6725,1.9729,1
9-Jul-2008,0.9515,1.5715,43.13,107.47,3.6725,1.9736,1
10-Jul-2008,0.9603,1.5708,43.16,106.9,3.6725,1.975,1
11-Jul-2008,0.9602,1.5835,42.72,107.02,3.6725,1.9779,1
14-Jul-2008,0.9682,1.5847,42.82,106.7,3.6725,1.9858,1
15-Jul-2008,0.975,1.599,43.17,105.85,3.6725,2.0117,1
16-Jul-2008,0.9786,1.5888,43.17,104.79,3.6725,2.0043,1
17-Jul-2008,0.9773,1.5849,42.94,104.9,3.6725,2.002,1
18-Jul-2008,0.9724,1.5816,42.78,106.45,3.6725,1.9956,1
21-Jul-2008,0.9754,1.5858,42.71,,3.6725,1.9975,1
22-Jul-2008,0.9754,1.5919,42.71,106.48,3.6725,2.0042,1
23-Jul-2008,0.9687,1.5741,42.33,107.33,3.6725,1.9986,1
24-Jul-2008,0.9587,1.5677,41.96,107.85,3.6725,1.9858,1
25-Jul-2008,0.9584,1.5734,42.23,107.32,3.6725,1.9966,1
28-Jul-2008,0.9541,1.5746,42.3,107.98,3.6725,1.9882,1
29-Jul-2008,0.9583,1.5705,42.54,107.4,3.6725,1.9899,1
30-Jul-2008,0.9478,1.5589,42.47,108.1,3.6725,1.9798,1
31-Jul-2008,0.9434,1.5611,42.49,107.99,3.6725,1.9805,1
1-Aug-2008,0.9374,1.5574,42.37,107.62,3.6725,1.9753,1
4-Aug-2008,,1.5566,42.4,107.55,3.6725,1.9681,1
5-Aug-2008,0.9221,1.5487,42.28,108.2,3.6725,1.9549,1
6-Aug-2008,0.9179,1.5478,42,108.42,3.6725,1.9539,1
7-Aug-2008,0.9109,1.5471,41.89,109.4,3.6725,1.9509,1
8-Aug-2008,0.8953,1.5074,42.2,109.6,3.6725,1.9237,1
11-Aug-2008,0.8855,1.5012,42,109.93,3.6725,1.9217,1
12-Aug-2008,0.8741,1.4907,42.4,110.16,3.6725,1.9026,1
13-Aug-2008,0.8656,1.4903,42.67,108.8,3.6725,1.876,1
14-Aug-2008,0.8703,1.4907,42.82,109.4,,1.8724,1
15-Aug-2008,0.8639,1.4729,,110.3,3.6725,1.8571,1
18-Aug-2008,0.8737,1.4704,43.23,110.17,3.6725,1.8658,1
19-Aug-2008,0.8675,1.4677,,110,3.6725,1.8629,1
20-Aug-2008,0.8721,1.4734,43.72,109.87,3.6725,1.8563,1
21-Aug-2008,0.8729,1.4814,43.58,109.7,3.6725,1.8628,1
22-Aug-2008,0.8803,1.4808,43.38,108.65,3.6725,1.8589,1
25-Aug-2008,0.8633,1.4767,43.58,110.27,3.6725,,1
26-Aug-2008,0.858,1.4598,44.07,109.45,3.6725,1.8335,1
27-Aug-2008,0.8583,1.4767,43.73,109.28,3.6725,1.8463,1
28-Aug-2008,0.8671,1.4771,43.73,109,3.6725,1.8351,1
29-Aug-2008,0.8639,1.4735,43.79,109.1,3.6725,1.8289,1
1-Sep-2008,0.8537,1.4621,44.21,108.5,3.6725,1.8029,1
2-Sep-2008,0.8465,1.4516,44.26,108.25,3.6725,1.7819,1
3-Sep-2008,0.8254,1.4441,,108.9,3.6725,1.7721,1
4-Sep-2008,0.8335,1.4488,44.45,108.1,3.6725,1.7779,1
5-Sep-2008,0.8164,1.4247,44.37,106.75,3.6725,1.7588,1
8-Sep-2008,0.8349,1.4214,44.26,108.5,3.6725,1.7633,1
9-Sep-2008,0.805,1.4144,44.89,107.5,3.6725,1.7652,1
10-Sep-2008,0.8065,1.4094,45.12,107.15,3.6725,1.7566,1
11-Sep-2008,0.7962,1.3934,45.44,107.4,3.6725,1.7504,1
12-Sep-2008,0.8048,1.4066,45.77,107.16,3.6725,1.7696,1
15-Sep-2008,0.8257,1.4151,45.94,,3.6725,1.79,1
16-Sep-2008,0.7905,1.4267,46.63,104.3,3.6725,1.7809,1
17-Sep-2008,0.799,1.4224,46.34,106.2,3.6725,1.7863,1
18-Sep-2008,0.7936,1.4502,46.71,104.55,3.6725,1.8239,1
19-Sep-2008,0.8127,1.4236,46.32,107,3.6725,1.7986,1
22-Sep-2008,0.8315,1.4571,45.4,106.5,3.6725,1.843,1
23-Sep-2008,0.8429,1.4731,45.72,,3.6725,1.8604,1
24-Sep-2008,0.8366,1.469,45.83,105.5,3.6725,1.8552,1
25-Sep-2008,0.8372,1.47,46.25,105.8,3.6725,1.8542,1
26-Sep-2008,0.8311,1.464,46.43,105.9,3.6725,1.84,1
29-Sep-2008,0.828,1.4349,46.94,106.7,3.6725,1.8027,1
30-Sep-2008,0.7996,1.4303,,104.3,3.6725,1.7998,1
1-Oct-2008,0.7962,1.4081,46.96,105.9,3.6725,1.7817,1
2-Oct-2008,0.7908,1.3903,,105.8,3.6725,1.7615,1
3-Oct-2008,0.7804,1.3834,46.88,105.04,3.6725,1.77,1
6-Oct-2008,,1.3634,47.46,103.7,3.6725,1.7572,1
7-Oct-2008,,1.3632,48.01,102.95,3.6725,1.7419,1
8-Oct-2008,0.7051,1.3731,48.74,99.9,3.6725,1.7439,1
9-Oct-2008,,1.3682,,100.5,3.6725,1.7305,1
10-Oct-2008,0.6551,1.3579,48.72,99,3.6725,1.6946,1
13-Oct-2008,0.6602,1.3639,48.14,,3.6725,1.7263,1
14-Oct-2008,0.7083,1.3752,47.71,102.8,3.6725,1.7581,1
15-Oct-2008,0.6983,1.3625,48.43,101.4,3.6725,1.7564,1
16-Oct-2008,0.6681,1.3507,48.86,100.2,3.6725,1.721,1
17-Oct-2008,0.6899,1.3404,48.68,101.6,,1.7296,1
20-Oct-2008,,1.3424,48.83,102.2,3.6725,1.7414,1
21-Oct-2008,0.6949,1.3184,,101.8,3.6725,1.7016,1
22-Oct-2008,0.6662,1.2843,49.29,99.65,3.6725,1.637,1
23-Oct-2008,0.6663,1.281,49.79,97.5,3.6725,1.6231,1
24-Oct-2008,0.6514,1.2596,49.95,95.5,3.6725,1.5545,1
27-Oct-2008,0.6194,1.246,50.09,94,3.6725,1.5392,1
28-Oct-2008,0.6122,1.2526,,93.6,3.6725,1.5743,1
29-Oct-2008,0.6376,1.277,49.77,97.5,3.6725,1.6065,1
30-Oct-2008,0.6849,1.3035,,98.5,3.6725,1.6488,1
31-Oct-2008,0.668,1.2757,49.25,98.3,3.6725,1.6174,1
3-Nov-2008,0.6815,1.2822,48.96,,3.6725,1.6195,1
4-Nov-2008,0.6644,1.282,48.62,99,3.6725,1.587,1
5-Nov-2008,0.6882,1.287,47.18,99.75,3.6725,1.6038,1
6-Nov-2008,0.673,1.277,47.67,97.9,3.6725,1.587,1
7-Nov-2008,0.6724,1.2756,47.76,97.4,3.6725,1.5729,1
10-Nov-2008,0.6869,1.2891,47.32,99,3.6725,1.5788,1
11-Nov-2008,0.673,1.2747,47.59,98,3.6725,1.5585,1
12-Nov-2008,0.6597,1.253,48.79,97.55,3.6725,1.5283,1
13-Nov-2008,0.6393,1.2525,,95.6,3.6725,1.4908,1
14-Nov-2008,0.6568,1.2675,49.46,97.1,3.6725,1.4841,1
17-Nov-2008,0.6472,1.266,48.99,97,3.6725,1.4916,1
18-Nov-2008,0.6462,1.2653,49.68,96.65,3.6725,1.5025,1
19-Nov-2008,0.6441,1.2634,49.74,96.5,3.6725,1.5069,1
20-Nov-2008,0.6351,1.2542,50.52,95,3.6725,1.4844,1
21-Nov-2008,0.6186,1.2602,50.03,94.2,3.6725,1.4987,1
24-Nov-2008,0.631,1.2773,50.09,94.2,3.6725,1.4988,1
25-Nov-2008,0.6429,1.2811,49.97,96.65,3.6725,1.5106,1
26-Nov-2008,0.6458,1.2935,49.85,95,3.6725,1.5334,1
27-Nov-2008,0.6503,1.29,,95.1,3.6725,1.5435,1
28-Nov-2008,0.6572,1.2727,49.84,95.25,3.6725,1.5336,1
1-Dec-2008,0.6481,1.2608,50.09,95.3,3.6725,1.5046,1
2-Dec-2008,0.6408,1.2697,50.52,93.2,3.6725,1.4802,1
3-Dec-2008,0.6454,1.2623,49.9,93.25,3.6725,1.4741,1
4-Dec-2008,0.6442,1.262,49.79,93,3.6725,1.457,1
5-Dec-2008,0.6441,1.2665,49.69,92.5,3.6725,1.4676,1
8-Dec-2008,0.6506,1.2854,49.22,92.8,3.6725,1.4912,1
9-Dec-2008,0.6572,1.2838,,92.8,3.6725,1.4761,1
10-Dec-2008,0.6615,1.2925,49.12,92.6,3.6725,1.4817,1
11-Dec-2008,0.6566,1.3215,48.52,92.4,3.6725,1.4936,1
12-Dec-2008,0.6583,1.334,48.71,89.3,3.6725,1.4935,1
15-Dec-2008,0.6697,1.351,47.94,91,3.6725,1.4963,1
16-Dec-2008,0.6697,1.369,47.82,90.5,3.6725,1.5254,1
17-Dec-2008,0.6994,1.4059,47.33,89,3.6725,1.5436,1
18-Dec-2008,0.7044,1.4616,47.28,87.5,3.6725,1.5505,1
19-Dec-2008,0.6856,1.394,47.08,89.2,3.6725,1.4948,1
22-Dec-2008,0.6817,1.397,47.39,89.98,3.6725,1.4797,1
23-Dec-2008,,1.3978,48.49,,3.6725,1.4779,1
24-Dec-2008,0.6774,1.4005,48.99,90.4,3.6725,1.4762,1
26-Dec-2008,,,47.89,90.4,3.6725,,1
29-Dec-2008,0.6871,1.427,48.76,90.55,3.6725,1.4666,1
30-Dec-2008,0.6914,1.4098,48.5,90.75,3.6725,1.4496,1
31-Dec-2008,0.6928,1.3917,48.45,,3.6725,1.4578,1
2-Jan-2009,0.6968,1.3866,48.89,,3.6725,1.4497,1
5-Jan-2009,0.7111,1.3582,48.37,92,3.6725,1.4503,1
6-Jan-2009,0.7124,1.3332,48.68,93.1,3.6725,1.4597,1
7-Jan-2009,0.7223,1.3595,48.61,93.9,3.6725,1.4941,1
8-Jan-2009,0.7056,1.3617,,92.8,3.6725,1.5067,1
9-Jan-2009,0.707,1.3684,48.92,91.15,3.6725,1.529,1
12-Jan-2009,0.6909,1.3394,48.6,,3.6725,1.4962,1
13-Jan-2009,0.6776,1.3262,48.91,89.45,3.6725,1.4595,1
14-Jan-2009,0.6737,1.3173,48.7,89.5,3.6725,1.4535,1
15-Jan-2009,0.6581,1.3085,49.08,89.2,3.6725,1.4605,1
16-Jan-2009,0.6731,1.327,48.77,90.3,3.6725,1.4927,1
19-Jan-2009,0.681,1.3182,48.56,91.03,3.6725,1.4646,1
20-Jan-2009,0.6601,1.293,48.99,90.4,3.6725,1.3925,1
21-Jan-2009,0.6536,1.291,49.12,89.9,3.6725,1.376,1
22-Jan-2009,0.659,1.2984,48.93,89.15,3.6725,1.3755,1
23-Jan-2009,0.6518,1.2795,49.19,88.55,3.6725,1.3586,1
26-Jan-2009,,1.299,,88.88,3.6725,1.3862,1
27-Jan-2009,0.6633,1.3174,48.85,89.45,3.6725,1.4056,1
28-Jan-2009,0.6664,1.326,48.87,89.1,3.6725,1.431,1
29-Jan-2009,0.6602,1.3111,48.9,90.42,3.6725,1.4328,1
30-Jan-2009,0.6438,1.2816,49.02,89.6,3.6725,1.4302,1
2-Feb-2009,0.632,1.276,49.01,89.75,3.6725,1.4132,1
3-Feb-2009,0.6384,1.2849,48.8,89.7,3.6725,1.4245,1
4-Feb-2009,0.6477,1.2818,48.65,89.4,3.6725,1.4381,1
5-Feb-2009,0.6437,1.2829,48.82,89.4,3.6725,1.4497,1
6-Feb-2009,0.6521,1.2796,48.73,90.92,3.6725,1.4659,1
9-Feb-2009,0.6695,1.3008,48.6,91.55,3.6725,1.4907,1
10-Feb-2009,0.6686,1.2967,48.7,91.4,3.6725,1.4792,1
11-Feb-2009,0.6551,1.2938,48.82,,3.6725,1.4353,1
12-Feb-2009,0.658,1.2833,48.72,90,3.6725,1.4195,1
13-Feb-2009,0.6574,1.2823,48.72,91,3.6725,1.4517,1
16-Feb-2009,0.6516,1.2765,48.72,91.6,3.6725,1.4257,1
17-Feb-2009,0.6428,1.2634,49.16,92.5,3.6725,1.4242,1
18-Feb-2009,0.6392,1.2596,49.85,92.27,3.6725,1.422,1
19-Feb-2009,0.6431,1.2705,49.85,93.65,3.6725,1.4397,1
20-Feb-2009,0.6394,1.2591,,94.05,3.6725,1.4317,1
23-Feb-2009,0.6492,1.2798,,93,3.6725,1.4633,1
24-Feb-2009,0.6456,1.2763,49.89,95.1,3.6725,1.4523,1
25-Feb-2009,0.6513,1.2795,49.82,96.9,3.6725,1.4372,1
26-Feb-2009,0.6502,1.2782,50.41,97.8,3.6725,1.4256,1
27-Feb-2009,0.6454,1.2644,50.73,97.55,3.6725,1.4195,1
2-Mar-2009,0.6326,1.2596,51.75,97.5,3.6725,1.4123,1
3-Mar-2009,0.639,1.2615,51.66,97.45,3.6725,1.4014,1
4-Mar-2009,0.6326,1.2555,51.93,98.47,3.6725,1.4085,1
5-Mar-2009,0.6433,1.2555,52.06,99.25,3.6725,1.4105,1
6-Mar-2009,0.6428,1.2658,51.51,98.15,3.6725,1.4235,1
9-Mar-2009,0.6397,1.2565,51.8,98.2,3.6725,1.3864,1
10-Mar-2009,0.6384,1.2783,,98.9,3.6725,1.3848,1
11-Mar-2009,0.6418,1.2786,,98.58,3.6725,1.3817,1
12-Mar-2009,0.6482,1.2782,51.7,96.3,3.6725,1.38,1
13-Mar-2009,0.6532,1.2905,51.67,97.6,3.6725,1.4032,1
16-Mar-2009,0.6564,1.3042,51.58,98.2,3.6725,1.4179,1
17-Mar-2009,0.6609,1.2942,51.25,98.45,3.6725,1.4027,1
18-Mar-2009,0.6613,1.313,51.35,98.5,3.6725,1.3877,1
19-Mar-2009,0.6754,1.3671,50.77,95.4,3.6725,1.446,1
20-Mar-2009,0.6884,1.3549,50.14,,3.6725,1.4412,1
23-Mar-2009,0.6966,1.3558,50.52,96.2,3.6725,1.4614,1
24-Mar-2009,0.7045,1.3507,50.31,97.85,3.6725,1.473,1
25-Mar-2009,0.6974,1.3494,50.83,97.8,3.6725,1.4569,1
26-Mar-2009,0.6983,1.3607,,97.77,3.6725,1.4569,1
27-Mar-2009,0.6996,1.3295,,98.5,3.6725,1.4288,1
30-Mar-2009,0.6833,1.3193,51.08,98.15,3.6725,1.4165,1
31-Mar-2009,0.6873,1.3308,50.95,98.1,3.6725,1.434,1
1-Apr-2009,0.6883,1.3246,,98.85,3.6725,1.4397,1
2-Apr-2009,0.7033,1.3392,50.3,98.75,3.6725,1.4677,1
3-Apr-2009,0.7141,1.3425,,100,3.6725,1.4746,1
6-Apr-2009,0.7176,1.3496,50,100.8,3.6725,1.491,1
7-Apr-2009,0.7126,1.3255,,100.6,3.6725,1.462,1
8-Apr-2009,0.7055,1.3231,50.53,100.4,3.6725,1.471,1
9-Apr-2009,0.7112,1.3273,49.91,99.8,3.6725,1.4673,1
10-Apr-2009,,,,100.65,3.6725,,1
13-Apr-2009,,,49.86,100.4,3.6725,,1
14-Apr-2009,0.7282,1.3276,,99.85,3.6725,1.4904,1
15-Apr-2009,0.7177,1.3173,49.88,98.8,3.6725,1.5016,1
16-Apr-2009,0.7253,1.3196,49.49,99.45,3.6725,1.4846,1
17-Apr-2009,0.7199,1.3058,49.71,99.7,3.6725,1.4798,1
20-Apr-2009,0.7184,1.2966,49.95,98.85,3.6725,1.4575,1
21-Apr-2009,0.7024,1.2932,50.36,98.05,3.6725,1.4537,1
22-Apr-2009,0.7053,1.2947,50.2,98.2,3.6725,1.4631,1
23-Apr-2009,0.7084,1.305,50.22,97.82,3.6725,1.453,1
24-Apr-2009,0.712,1.3232,49.94,97.8,3.6725,1.4616,1
27-Apr-2009,0.7129,1.3125,49.98,96.7,3.6725,1.4575,1
28-Apr-2009,0.7014,1.2992,50.44,96,3.6725,1.4577,1
29-Apr-2009,0.7127,1.3266,50.22,,3.6725,1.4774,1
30-Apr-2009,0.7265,1.3275,50.22,97.6,3.6725,1.4824,1
1-May-2009,0.7274,,,99.1,3.6725,1.493,1
4-May-2009,0.7354,1.3223,49.68,,3.6725,,1
5-May-2009,0.7407,1.3403,49.65,,3.6725,1.5087,1
6-May-2009,0.7376,1.3322,49.5,,3.6725,1.5092,1
7-May-2009,0.7535,1.3363,49.46,98.7,3.6725,1.5151,1
8-May-2009,0.7556,1.3425,49.25,99.3,3.6725,1.5042,1
11-May-2009,0.7668,1.3574,49.23,98.5,3.6725,1.5109,1
12-May-2009,0.7599,1.3683,49.59,97.3,3.6725,1.5282,1
13-May-2009,0.7691,1.3623,49.34,96.2,3.6725,1.5171,1
14-May-2009,0.7523,1.3563,49.83,95.5,3.6725,1.5074,1
15-May-2009,0.7591,1.3518,49.55,96.03,3.6725,1.5172,1
18-May-2009,0.7511,1.3494,48.17,94.85,3.6725,1.524,1
19-May-2009,0.7663,1.3612,47.49,96.4,3.6725,1.5497,1
20-May-2009,0.7695,1.369,47.71,95.92,3.6725,1.5494,1
21-May-2009,0.7754,1.3771,47.4,94.5,3.6725,1.5658,1
22-May-2009,0.7777,1.3972,47.19,94.15,3.6725,1.5889,1
25-May-2009,0.7811,1.401,47.22,94.5,3.6725,,1
26-May-2009,0.7806,1.3908,47.63,94.7,3.6725,1.5816,1
27-May-2009,0.7856,1.3901,47.67,95.4,3.6725,1.6021,1
28-May-2009,0.7779,1.3856,47.83,95.93,3.6725,1.5961,1
29-May-2009,0.7912,1.4098,47.29,96.5,3.6725,1.6153,1
1-Jun-2009,0.805,1.422,46.99,94.9,3.6725,1.6384,1
2-Jun-2009,0.809,1.4238,47.14,96.3,3.6725,1.6452,1
3-Jun-2009,0.8259,1.4207,46.84,95.65,3.6725,1.6555,1
4-Jun-2009,0.8003,1.4095,47.16,96.15,3.6725,1.6383,1
5-Jun-2009,0.8041,1.4177,47.08,96.75,3.6725,1.6094,1
8-Jun-2009,,1.3866,47.38,98.42,3.6725,1.5848,1
9-Jun-2009,0.7887,1.3959,47.59,98.1,3.6725,1.61,1
10-Jun-2009,0.8087,1.4102,47.27,97.6,3.6725,1.636,1
11-Jun-2009,0.8094,1.3969,47.42,98.02,3.6725,1.6441,1
12-Jun-2009,0.8143,1.4004,47.41,97.75,3.6725,1.6469,1
15-Jun-2009,0.8035,1.385,47.94,98.22,3.6725,1.6335,1
16-Jun-2009,0.7929,1.389,47.76,96.85,3.6725,1.6414,1
17-Jun-2009,0.7949,1.384,47.91,96.45,3.6725,1.6234,1
18-Jun-2009,0.7938,1.392,48.06,95.75,3.6725,1.623,1
19-Jun-2009,0.8029,1.3932,48.13,96.6,3.6725,1.6436,1
22-Jun-2009,0.8014,1.3858,48.39,96,3.6725,1.6437,1
23-Jun-2009,0.7806,1.3978,48.91,95.2,3.6725,1.6292,1
24-Jun-2009,0.7958,1.4029,48.53,95.41,3.6725,1.6574,1
25-Jun-2009,0.7994,1.394,48.53,96.2,3.6725,1.626,1
26-Jun-2009,0.8048,1.4096,48.51,95.76,3.6725,1.647,1
29-Jun-2009,0.8005,1.4058,48.2,95.35,3.6725,1.6546,1
30-Jun-2009,0.8114,1.4134,47.87,95.95,3.6725,1.656,1
1-Jul-2009,0.8037,1.4096,48.09,96.8,3.6725,1.6435,1
2-Jul-2009,0.804,1.4049,,96.58,3.6725,1.637,1
3-Jul-2009,0.7971,1.4009,47.99,95.8,3.6725,1.6312,1
6-Jul-2009,0.795,1.3897,48.22,95.45,3.6725,1.6116,1
7-Jul-2009,0.7966,1.4019,48.52,95.32,3.6725,1.6213,1
8-Jul-2009,0.7869,1.3901,48.92,94.6,3.6725,1.606,1
9-Jul-2009,0.7791,1.399,48.92,93.25,3.6725,1.618,1
10-Jul-2009,0.7815,1.3901,48.69,93.08,3.6725,1.6195,1
13-Jul-2009,0.7745,1.3975,49.4,92.6,3.6725,1.6094,1
14-Jul-2009,0.7855,1.3991,48.84,93.05,3.6725,1.6306,1
15-Jul-2009,0.7946,1.4089,48.72,93.56,3.6725,1.6391,1
16-Jul-2009,0.7982,1.413,48.74,94.32,3.6725,1.6429,1
17-Jul-2009,0.8009,1.409,48.69,93.65,3.6725,1.628,1
20-Jul-2009,0.807,1.4217,48.43,,3.6725,1.6518,1
21-Jul-2009,0.8133,1.4223,48.27,94,3.6725,1.6404,1
22-Jul-2009,0.8154,1.4191,48.37,93.5,3.6725,1.6398,1
23-Jul-2009,0.8179,1.4229,48.44,94.2,3.6725,1.6486,1
24-Jul-2009,0.8156,1.4227,48.38,94.7,3.6725,1.6468,1
27-Jul-2009,0.8212,1.4269,48.21,94.85,3.6725,1.6461,1
28-Jul-2009,0.8304,1.4229,48.21,95.07,3.6725,1.6505,1
29-Jul-2009,0.8243,1.4104,48.47,94.2,3.6725,1.6381,1
30-Jul-2009,0.8201,1.4053,48.49,95,3.6725,1.6489,1
31-Jul-2009,0.8281,1.4138,48.16,95.33,3.6725,1.6566,1
3-Aug-2009,,1.4303,47.87,94.73,3.6725,1.6839,1
4-Aug-2009,0.8427,1.4384,47.54,95.22,3.6725,1.6929,1
5-Aug-2009,0.8413,1.441,47.67,95,3.6725,1.6991,1
6-Aug-2009,0.8437,1.437,47.58,95.15,3.6725,1.6972,1
7-Aug-2009,0.8385,1.4357,47.86,95.4,3.6725,1.6743,1
10-Aug-2009,0.8399,1.4202,47.81,97.25,3.6725,1.663,1
11-Aug-2009,0.8348,1.4166,47.94,96.7,3.6725,1.6469,1
12-Aug-2009,0.8232,1.417,48.35,95.52,3.6725,1.6458,1
13-Aug-2009,0.8366,1.4293,48.14,96.1,3.6725,1.6624,1
14-Aug-2009,0.843,1.4294,48.27,95.3,3.6725,1.6549,1
17-Aug-2009,0.8213,1.4072,,94.6,3.6725,1.628,1
18-Aug-2009,0.8242,1.4101,48.74,94.75,3.6725,1.6465,1
19-Aug-2009,0.8246,1.4112,,94.6,3.6725,1.6394,1
20-Aug-2009,0.8309,1.4243,48.7,94.38,3.6725,1.6473,1
21-Aug-2009,0.8254,1.433,48.74,93.9,3.6725,1.6575,1
24-Aug-2009,0.8392,1.4323,48.5,94.65,3.6725,1.6497,1
25-Aug-2009,0.8351,1.4324,48.79,94,3.6725,1.636,1
26-Aug-2009,0.8369,1.427,48.83,94,3.6725,1.628,1
27-Aug-2009,0.828,1.4268,48.98,93.9,3.6725,1.618,1
28-Aug-2009,0.8398,1.4364,48.87,93.75,3.6725,1.6325,1
31-Aug-2009,0.8393,1.4272,48.88,92.7,3.6725,,1
1-Sep-2009,0.842,1.4314,48.73,93.1,3.6725,1.6207,1
2-Sep-2009,0.8321,1.422,49.06,92.87,3.6725,1.6227,1
3-Sep-2009,0.8361,1.4335,48.88,92.25,3.6725,1.6384,1
4-Sep-2009,0.8401,1.4262,48.89,92.63,3.6725,1.6367,1
7-Sep-2009,0.8518,1.433,48.75,93.15,3.6725,1.6436,1
8-Sep-2009,0.8566,1.4473,48.65,92.9,3.6725,1.6554,1
9-Sep-2009,0.8601,1.4522,48.47,92.37,3.6725,1.6503,1
10-Sep-2009,0.8608,1.4545,48.37,92.2,3.6725,1.6538,1
11-Sep-2009,0.8649,1.4594,48.51,91.4,3.6725,1.6696,1
14-Sep-2009,0.8567,1.4561,48.7,90.4,3.6725,1.6531,1
15-Sep-2009,0.8621,1.4611,48.57,91.03,3.6725,1.6488,1
16-Sep-2009,0.8662,1.4671,48.36,90.97,3.6725,1.6516,1
17-Sep-2009,0.8765,1.4712,47.97,91.15,3.6725,1.6538,1
18-Sep-2009,0.8702,1.4705,48.18,91.2,3.6725,1.6366,1
21-Sep-2009,0.864,1.4658,,,3.6725,1.6194,1
22-Sep-2009,0.8687,1.478,48.17,,3.6725,1.6339,1
23-Sep-2009,0.8758,1.4783,47.96,,3.6725,1.6437,1
24-Sep-2009,0.8726,1.4768,48.1,91.28,3.6725,1.6195,1
25-Sep-2009,0.8693,1.467,47.98,90.7,3.6725,1.6014,1
28-Sep-2009,0.8622,1.465,,88.9,3.6725,1.5845,1
29-Sep-2009,0.8755,1.4549,48.04,90.1,3.6725,1.5965,1
30-Sep-2009,0.8801,1.4643,,89.77,3.6725,1.6113,1
1-Oct-2009,0.8789,1.4539,47.86,89.82,3.6725,1.5977,1
2-Oct-2009,0.8698,1.4537,,89.5,3.6725,1.5847,1
5-Oct-2009,,1.4616,47.53,89.8,3.6725,1.5944,1
6-Oct-2009,0.8848,1.4722,47.16,89.1,3.6725,1.5917,1
7-Oct-2009,0.8904,1.4694,46.82,88.9,3.6725,1.5885,1
8-Oct-2009,0.9016,1.4763,46.28,88.45,3.6725,1.6079,1
9-Oct-2009,0.9048,1.475,46.5,89.2,3.6725,1.5983,1
12-Oct-2009,0.9027,1.4765,46.58,,3.6725,1.5799,1
13-Oct-2009,0.9073,1.4864,,90.02,3.6725,1.5808,1
14-Oct-2009,0.9133,1.4881,46.16,89.3,3.6725,1.5996,1
15-Oct-2009,0.9223,1.4864,45.91,89.4,3.6725,1.627,1
16-Oct-2009,0.9222,1.4869,46.27,90.9,3.6725,1.6284,1
19-Oct-2009,0.9178,1.4918,,90.9,3.6725,1.6287,1
20-Oct-2009,0.9289,1.4971,46.04,90.4,3.6725,1.6411,1
21-Oct-2009,0.9228,1.4921,46.44,90.81,3.6725,1.657,1
22-Oct-2009,0.9251,1.5,46.66,91.15,3.6725,1.6538,1
23-Oct-2009,0.9288,1.502,46.45,91.65,3.6725,1.6409,1
26-Oct-2009,0.9244,1.5019,46.58,91.87,3.6725,1.6325,1
27-Oct-2009,0.9189,1.4874,46.83,92.07,3.6725,1.6394,1
28-Oct-2009,0.9092,1.4785,47.15,91.15,3.6725,1.631,1
29-Oct-2009,0.8985,1.4788,47.52,90.3,3.6725,1.6462,1
30-Oct-2009,0.9161,1.48,46.96,91.38,3.6725,1.652,1
2-Nov-2009,0.9035,1.4772,,90,3.6725,1.6361,1
3-Nov-2009,0.9016,1.4658,47.04,,3.6725,1.6279,1
4-Nov-2009,0.9028,1.4761,47.13,90.18,3.6725,1.6519,1
5-Nov-2009,0.9054,1.4867,47.13,90.47,3.6725,1.6504,1
6-Nov-2009,0.9133,1.4862,46.82,90.7,3.6725,1.6607,1
9-Nov-2009,0.9264,1.4984,46.58,90.12,3.6725,1.6796,1
10-Nov-2009,0.9279,1.4966,46.53,89.96,3.6725,1.6672,1
11-Nov-2009,0.9304,1.5037,46.57,89.6,3.6725,1.6664,1
12-Nov-2009,0.9338,1.4922,46.5,89.95,3.6725,1.657,1
13-Nov-2009,0.9254,1.4868,46.5,90.23,3.6725,1.6702,1
16-Nov-2009,0.9349,1.4965,46.09,89.57,3.6725,1.6698,1
17-Nov-2009,0.9346,1.4875,46.25,89.05,3.6725,1.6781,1
18-Nov-2009,0.9286,1.4957,46.26,89.25,3.6725,1.6804,1
19-Nov-2009,0.9235,1.4863,46.41,89.31,3.6725,1.6628,1
20-Nov-2009,0.9206,1.4815,46.58,88.9,3.6725,1.6501,1
23-Nov-2009,0.9196,1.4968,46.49,,3.6725,1.6609,1
24-Nov-2009,0.922,1.4969,46.6,88.88,3.6725,1.6538,1
25-Nov-2009,0.9259,1.5083,46.34,88.35,3.6725,1.6708,1
26-Nov-2009,0.9224,1.5071,46.27,87.35,3.6725,1.6549,1
27-Nov-2009,0.9043,1.4918,46.81,86,3.6725,1.6374,1
30-Nov-2009,0.9178,1.5023,46.48,86.75,3.6725,1.6473,1
1-Dec-2009,0.9136,1.5074,46.45,86.9,3.6725,1.6564,1
2-Dec-2009,0.927,1.509,46.27,87,3.6725,1.6682,1
3-Dec-2009,0.9287,1.512,46.22,87.7,3.6725,1.664,1
4-Dec-2009,0.9237,1.5068,46.25,88.2,3.6725,1.6647,1
7-Dec-2009,0.9154,1.4787,46.44,90,3.6725,1.6343,1
8-Dec-2009,0.9133,1.4774,46.67,89,3.6725,1.629,1
9-Dec-2009,0.9059,1.4768,46.77,88.4,3.6725,1.6314,1
10-Dec-2009,0.9136,1.473,46.72,87.85,3.6725,1.6306,1
11-Dec-2009,0.9155,1.4757,46.52,88.73,3.6725,1.6287,1
14-Dec-2009,0.9103,1.4647,46.66,88.5,3.6725,1.6229,1
15-Dec-2009,0.9138,1.4541,46.64,88.7,3.6725,1.6231,1
16-Dec-2009,0.8993,1.456,46.68,89.6,3.6725,1.6362,1
17-Dec-2009,0.8894,1.4343,46.78,90.1,3.6725,1.6133,1
18-Dec-2009,0.8891,1.4337,46.85,89.65,3.6725,1.6196,1
21-Dec-2009,0.8872,1.4368,46.8,90.4,3.6725,1.6123,1
22-Dec-2009,0.8793,1.4279,46.8,91.37,3.6725,1.6021,1
23-Dec-2009,0.876,1.4276,46.85,,3.6725,1.5951,1
24-Dec-2009,0.8816,1.4398,46.76,91.67,3.6725,1.6,1
28-Dec-2009,,1.4405,,91.55,3.6725,,1
29-Dec-2009,0.888,1.4433,46.69,91.73,3.6725,1.6,1
30-Dec-2009,0.8904,1.4338,46.73,92.06,3.6725,1.5852,1
31-Dec-2009,0.8969,1.4406,46.68,,3.6725,1.6195,1
4-Jan-2010,0.897,1.4389,46.51,93.05,3.6725,1.6223,1
5-Jan-2010,0.9133,1.4442,46.2,91.75,3.6725,1.6014,1
6-Jan-2010,0.9138,1.435,46.12,91.6,3.6725,1.5984,1
7-Jan-2010,0.9225,1.4304,45.87,92.2,3.6725,1.5912,1
8-Jan-2010,0.9154,1.4273,45.8,93.3,3.6725,1.6007,1
11-Jan-2010,0.9309,1.4528,45.36,,3.6725,1.6176,1
12-Jan-2010,0.9272,1.4481,45.4,92.25,3.6725,1.6141,1
13-Jan-2010,0.9238,1.4563,45.68,91.12,3.6725,1.6277,1
14-Jan-2010,0.9296,1.4486,45.48,91.75,3.6725,1.627,1
15-Jan-2010,0.9272,1.4374,45.67,91.1,3.6725,1.6288,1
18-Jan-2010,0.9224,1.4369,45.66,90.9,3.6725,1.6337,1
19-Jan-2010,0.9237,1.4279,45.62,90.5,3.6725,1.6338,1
20-Jan-2010,0.9174,1.4132,45.95,91.15,3.6725,1.6275,1
21-Jan-2010,0.9136,1.4064,45.97,91.55,3.6725,1.6153,1
22-Jan-2010,0.9029,1.4135,46.17,89.95,3.6725,1.6177,1
25-Jan-2010,0.9069,1.4151,46.18,90.09,3.6725,1.6148,1
26-Jan-2010,,1.4085,,90.4,3.6725,1.6117,1
27-Jan-2010,0.902,1.4072,46.29,89.2,3.6725,1.6226,1
28-Jan-2010,0.901,1.3999,46.31,90.31,3.6725,1.6244,1
29-Jan-2010,0.8909,1.3966,46.37,89.85,3.6725,1.6138,1
1-Feb-2010,0.8831,1.3913,46.34,90.2,3.6725,1.5879,1
2-Feb-2010,0.8802,1.3937,46.25,90.82,3.6725,1.594,1
3-Feb-2010,0.8849,1.3984,46.04,90.4,3.6725,1.598,1
4-Feb-2010,0.8805,1.3847,46.09,90.9,3.6725,1.5818,1
5-Feb-2010,0.8675,1.3691,46.56,89.67,3.6725,1.5721,1
8-Feb-2010,0.8662,1.3675,46.81,89.4,3.6725,1.557,1
9-Feb-2010,0.8678,1.376,46.68,89.38,3.6725,1.5579,1
10-Feb-2010,0.8751,1.374,46.56,89.8,3.6725,1.5658,1
11-Feb-2010,0.8886,1.3718,46.46,,3.6725,1.5633,1
12-Feb-2010,0.889,1.3572,,89.68,3.6725,1.5615,1
15-Feb-2010,0.8874,1.3607,46.38,90.17,3.6725,1.5705,1
16-Feb-2010,0.8937,1.3649,46.18,89.8,3.6725,1.5698,1
17-Feb-2010,0.9016,1.3726,46.02,90.32,3.6725,1.5767,1
18-Feb-2010,0.8954,1.3567,46.22,91.08,3.6725,1.5594,1
19-Feb-2010,0.8909,1.3519,46.47,91.9,3.6725,1.5384,1
22-Feb-2010,0.9012,1.3626,46.16,91.64,3.6725,1.5472,1
23-Feb-2010,0.9011,1.3577,46.13,91.1,3.6725,1.5407,1
24-Feb-2010,0.893,1.3547,46.25,90.23,3.6725,1.5449,1
25-Feb-2010,0.8883,1.3489,46.36,89.65,3.6725,1.5306,1
26-Feb-2010,0.8899,1.357,46.23,89.25,3.6725,1.5223,1
1-Mar-2010,0.8975,1.3525,,89,3.6725,1.4876,1
2-Mar-2010,0.8988,1.3548,46.02,89.3,3.6725,1.497,1
3-Mar-2010,0.905,1.3641,45.9,88.7,3.6725,1.5052,1
4-Mar-2010,0.9021,1.3668,45.82,88.45,3.6725,1.507,1
5-Mar-2010,0.9007,1.3582,45.78,89.25,3.6725,1.5038,1
8-Mar-2010,0.9112,1.3662,45.43,90.43,3.6725,1.5116,1
9-Mar-2010,0.9094,1.3557,45.54,90,3.6725,1.4958,1
10-Mar-2010,0.9158,1.361,45.41,90.02,3.6725,1.4937,1
11-Mar-2010,0.9143,1.3657,45.47,90.45,3.6725,1.5033,1
12-Mar-2010,0.9159,1.3765,45.45,90.63,3.6725,1.5161,1
15-Mar-2010,0.9138,1.3705,45.58,90.7,3.6725,1.5043,1
16-Mar-2010,0.9152,1.3723,,90.25,3.6725,1.5137,1
17-Mar-2010,0.9189,1.3756,45.41,90.43,3.6725,1.5333,1
18-Mar-2010,0.922,1.366,45.49,90.17,3.6725,1.5273,1
19-Mar-2010,0.9215,1.3548,45.48,90.46,3.6725,1.5155,1
22-Mar-2010,0.9145,1.3471,45.49,,3.6725,1.4982,1
23-Mar-2010,0.9176,1.3519,45.56,90.3,3.6725,1.4991,1
24-Mar-2010,0.9175,1.3338,,90.45,3.6725,1.4958,1
25-Mar-2010,0.9115,1.3356,45.63,91.82,3.6725,1.4941,1
26-Mar-2010,0.9102,1.3353,45.34,92.5,3.6725,1.4869,1
29-Mar-2010,0.9082,1.3471,45.08,92.65,3.6725,1.4971,1
30-Mar-2010,0.9188,1.3482,44.94,92.18,3.6725,1.5085,1
31-Mar-2010,0.9159,1.3479,45.14,93.25,3.6725,1.515,1
1-Apr-2010,0.9164,1.3468,,93.4,3.6725,1.5232,1
2-Apr-2010,,,,93.75,3.6725,,1
5-Apr-2010,,,44.73,94.4,3.6725,,1
6-Apr-2010,0.9225,1.3396,44.45,94.06,3.6725,1.5177,1
7-Apr-2010,0.9266,1.334,44.42,93.75,3.6725,1.5155,1
8-Apr-2010,0.9275,1.3296,44.69,93.37,3.6725,1.5222,1
9-Apr-2010,0.9275,1.3384,44.35,93.55,3.6725,1.5359,1
12-Apr-2010,0.9323,1.3585,44.35,93.15,3.6725,1.5423,1
13-Apr-2010,0.9246,1.3583,44.62,92.77,3.6725,1.5422,1
14-Apr-2010,0.9324,1.3615,,93.24,3.6725,1.542,1
15-Apr-2010,0.9341,1.3544,44.38,93.4,3.6725,1.5412,1
16-Apr-2010,0.9304,1.3535,44.49,92.71,3.6725,1.5459,1
19-Apr-2010,0.9195,1.3432,44.6,92.09,3.6725,1.523,1
20-Apr-2010,0.927,1.3486,44.61,92.6,3.6725,1.5407,1
21-Apr-2010,0.9329,1.3373,44.41,93.18,3.6725,1.5383,1
22-Apr-2010,0.9272,1.3339,44.45,92.85,3.6725,1.5401,1
23-Apr-2010,0.9212,1.3311,44.54,93.4,3.6725,1.5366,1
26-Apr-2010,,1.3321,44.33,94.23,3.6725,1.544,1
27-Apr-2010,0.925,1.329,44.45,93.81,3.6725,1.5343,1
28-Apr-2010,0.9212,1.3245,44.6,93.15,3.6725,1.5188,1
29-Apr-2010,0.9251,1.3256,44.57,,3.6725,1.5234,1
30-Apr-2010,0.93,1.3315,44.44,94.06,3.6725,1.5328,1
3-May-2010,0.925,1.3238,44.56,,3.6725,,1
4-May-2010,0.9208,1.3089,44.56,,3.6725,1.5187,1
5-May-2010,0.91,1.2924,44.87,,3.6725,1.5154,1
6-May-2010,0.905,1.2727,45.4,93.85,3.6725,1.507,1
7-May-2010,0.8879,1.2746,45.58,91.8,3.6725,1.472,1
10-May-2010,0.9034,1.2969,44.96,92.7,3.6725,1.5008,1
11-May-2010,0.8963,1.2698,45.14,92.7,3.6725,1.4751,1
12-May-2010,0.8924,1.2686,45.33,92.8,3.6725,1.4905,1
13-May-2010,0.9008,1.2587,44.99,93.2,3.6725,1.4769,1
14-May-2010,0.8944,1.2492,45.1,92.75,3.6725,1.4547,1
17-May-2010,0.877,1.2349,45.72,92.15,3.6725,1.4395,1
18-May-2010,0.8743,1.2428,45.55,92.48,3.6725,1.4434,1
19-May-2010,0.8561,1.227,46,91.9,3.6725,1.4243,1
20-May-2010,0.8311,1.2334,46.75,91.7,3.6725,1.4315,1
21-May-2010,0.8305,1.2497,46.95,90.1,3.6725,1.4353,1
24-May-2010,0.8265,1.236,46.67,90.25,3.6725,1.4366,1
25-May-2010,0.8178,1.2223,47.4,90.1,3.6725,1.432,1
26-May-2010,0.8226,1.2309,47.57,90.2,3.6725,1.4417,1
27-May-2010,0.8326,1.2255,,90.03,3.6725,1.457,1
28-May-2010,0.8524,1.2384,46.54,91.3,3.6725,1.458,1
1-Jun-2010,0.8385,1.2155,46.69,91,3.6725,1.4504,1
2-Jun-2010,0.8309,1.2218,47.19,91.45,3.6725,1.4667,1
3-Jun-2010,0.8499,1.2268,46.52,92.2,3.6725,1.4674,1
4-Jun-2010,0.844,1.206,46.67,92.75,3.6725,1.4657,1
7-Jun-2010,0.8156,1.1959,47.28,91.25,3.6725,1.4503,1
8-Jun-2010,0.8198,1.1942,46.95,91.8,3.6725,1.4423,1
9-Jun-2010,0.8227,1.201,46.98,91.5,3.6725,1.4493,1
10-Jun-2010,0.8385,1.2045,46.98,91.2,3.6725,1.4612,1
11-Jun-2010,0.8449,1.2127,46.82,91.56,3.6725,1.464,1
14-Jun-2010,,1.2249,46.57,91.88,3.6725,1.4729,1
15-Jun-2010,0.8564,1.2258,46.73,91.55,3.6725,1.4741,1
16-Jun-2010,0.8645,1.2277,46.35,91.47,3.6725,1.4812,1
17-Jun-2010,0.8606,1.2363,46.5,91.3,3.6725,1.4835,1
18-Jun-2010,0.8691,1.2372,46.14,90.88,3.6725,1.4819,1
21-Jun-2010,0.8828,1.2391,45.64,90.75,3.6725,1.4853,1
22-Jun-2010,0.8759,1.2258,46.04,90.95,3.6725,1.4732,1
23-Jun-2010,0.8698,1.2271,46.31,90.5,3.6725,1.4917,1
24-Jun-2010,0.8731,1.2262,46.24,89.9,3.6725,1.4983,1
25-Jun-2010,0.8626,1.2294,46.54,89.68,3.6725,1.4904,1
28-Jun-2010,0.875,1.2339,46.16,89.33,3.6725,1.5051,1
29-Jun-2010,0.8643,1.2198,46.52,88.77,3.6725,1.5054,1
30-Jun-2010,0.8523,1.2271,46.6,88.6,3.6725,1.5025,1
1-Jul-2010,0.8366,1.2328,,88.48,3.6725,1.4973,1
2-Jul-2010,0.8448,1.2548,46.68,87.98,3.6725,1.519,1
5-Jul-2010,,,,,,,1
6-Jul-2010,0.8419,1.2579,46.8,87.5,3.6725,1.5193,1
7-Jul-2010,0.848,1.2567,47.08,87.5,3.6725,1.5131,1
8-Jul-2010,0.8725,1.266,46.85,88.35,3.6725,1.5132,1
9-Jul-2010,0.877,1.2637,46.75,88.55,,1.5165,1
12-Jul-2010,0.8732,1.2572,46.73,89.08,3.6725,1.5009,1
13-Jul-2010,0.8721,1.2569,46.93,88.72,3.6725,1.5076,1
14-Jul-2010,0.8815,1.2703,46.63,88.95,3.6725,1.5271,1
15-Jul-2010,0.8803,1.2828,46.74,88.2,3.6725,1.535,1
16-Jul-2010,0.8757,1.3,46.8,87.21,3.6725,1.536,1
19-Jul-2010,0.8687,1.2957,47.08,,3.6725,1.5282,1
20-Jul-2010,0.878,1.2844,47.1,87,3.6725,1.5171,1
21-Jul-2010,0.8822,1.2817,47.25,87.25,3.6725,1.5273,1
22-Jul-2010,0.8776,1.285,47.33,86.5,3.6725,1.5283,1
23-Jul-2010,0.8919,1.2897,47,86.9,3.6725,1.5439,1
26-Jul-2010,0.8954,1.2931,46.86,87.63,3.6725,1.5485,1
27-Jul-2010,0.9019,1.3033,46.76,86.94,3.6725,1.5521,1
28-Jul-2010,0.895,1.2992,46.57,87.7,3.6725,1.5585,1
29-Jul-2010,0.8973,1.3069,46.63,87.2,3.6725,1.5645,1
30-Jul-2010,0.8986,1.3028,46.46,86.5,3.6725,1.5576,1
2-Aug-2010,,1.3073,46.19,86.57,3.6725,1.5808,1
3-Aug-2010,0.9083,1.3221,46.22,86.4,3.6725,1.5956,1
4-Aug-2010,0.9108,1.3206,46.22,85.5,3.6725,1.5933,1
5-Aug-2010,0.9159,1.3184,46.23,86.15,3.6725,1.5914,1
6-Aug-2010,0.9164,1.3176,46.02,86.08,3.6725,1.5869,1
9-Aug-2010,0.9183,1.3253,46.07,85.43,3.6725,1.5963,1
10-Aug-2010,0.9119,1.3133,46.3,85.77,3.6725,1.5746,1
11-Aug-2010,0.9049,1.3016,46.54,85.35,3.6725,1.5693,1
12-Aug-2010,0.8994,1.279,46.94,85.4,3.6725,1.5598,1
13-Aug-2010,0.9026,1.2799,46.58,86.1,3.6725,1.5591,1
16-Aug-2010,0.8924,1.282,46.78,85.82,,1.5585,1
17-Aug-2010,0.9015,1.286,46.68,85.3,3.6725,1.563,1
18-Aug-2010,0.9013,1.288,46.64,85.47,3.6725,1.5639,1
19-Aug-2010,0.8979,1.2836,,85.75,3.6725,1.5628,1
20-Aug-2010,0.89,1.2711,,85.37,3.6725,1.5482,1
23-Aug-2010,0.8907,1.2704,46.61,85.36,3.6725,1.5557,1
24-Aug-2010,0.8894,1.2611,46.79,84.95,3.6725,1.5405,1
25-Aug-2010,0.8837,1.2613,46.93,84.4,3.6725,1.5422,1
26-Aug-2010,0.8882,1.2693,46.81,84.77,3.6725,1.5536,1
27-Aug-2010,0.8874,1.2713,46.86,84.35,3.6725,1.5518,1
30-Aug-2010,0.8982,1.27,46.84,85.88,3.6725,,1
31-Aug-2010,0.8918,1.268,47.08,84.25,3.6725,1.5404,1
1-Sep-2010,0.9,1.28,46.87,84.4,3.6725,1.5394,1
2-Sep-2010,0.9069,1.2818,46.78,84.15,3.6725,1.5399,1
3-Sep-2010,0.9081,1.2834,46.67,84.35,3.6725,1.54,1
7-Sep-2010,0.9136,1.2744,46.71,84.21,3.6725,1.5367,1
8-Sep-2010,0.9138,1.2697,46.7,83.61,3.6725,1.5449,1
9-Sep-2010,0.921,1.2715,46.56,83.98,3.6725,1.5413,1
10-Sep-2010,0.9235,1.2725,,84.1,3.6725,1.5456,1
13-Sep-2010,0.9298,1.2801,46.31,84.15,3.6725,1.5397,1
14-Sep-2010,0.9331,1.285,46.37,83.4,3.6725,1.5404,1
15-Sep-2010,0.9378,1.2989,46.37,85,3.6725,1.551,1
16-Sep-2010,0.934,1.3078,46.3,85.4,3.6725,1.5614,1
17-Sep-2010,0.9448,1.306,45.97,85.8,3.6725,1.566,1
20-Sep-2010,0.9444,1.3074,45.61,,3.6725,1.5609,1
21-Sep-2010,0.9456,1.312,45.73,85.55,3.6725,1.5518,1
22-Sep-2010,0.9559,1.3364,45.53,84.85,3.6725,1.5659,1
23-Sep-2010,0.9568,1.3323,45.59,,3.6725,1.5687,1
24-Sep-2010,0.9504,1.3412,45.54,84.55,3.6725,1.5706,1
27-Sep-2010,0.9581,1.3477,45.04,84.27,3.6725,1.5845,1
28-Sep-2010,0.9589,1.346,45.13,84.2,3.6725,1.5858,1
29-Sep-2010,0.9675,1.3611,44.92,83.95,3.6725,1.5796,1
30-Sep-2010,0.9667,1.3648,,83.4,3.6725,1.5914,1
1-Oct-2010,0.9657,1.3726,44.68,83.5,3.6725,1.5823,1
4-Oct-2010,,1.3705,44.37,83.33,3.6725,1.5826,1
5-Oct-2010,0.9586,1.378,44.72,83.8,3.6725,1.587,1
6-Oct-2010,0.9711,1.3856,44.3,83.18,3.6725,1.5888,1
7-Oct-2010,0.9832,1.397,44.28,82.95,3.6725,1.5934,1
8-Oct-2010,0.9835,1.3874,44.38,82.37,3.6725,1.5874,1
12-Oct-2010,0.9786,1.3833,44.74,81.94,3.6725,1.5847,1
13-Oct-2010,0.9867,1.3958,44.5,81.8,3.6725,1.5849,1
14-Oct-2010,0.995,1.4101,44.18,81.2,3.6725,1.601,1
15-Oct-2010,0.9914,1.4089,44.03,81.58,3.6725,1.6046,1
18-Oct-2010,0.9854,1.3896,44.26,81.3,3.6725,1.5895,1
19-Oct-2010,0.9868,1.3859,44.46,81.3,3.6725,1.5794,1
20-Oct-2010,0.9757,1.3861,44.29,81.38,3.6725,1.5716,1
21-Oct-2010,0.9822,1.4016,44.36,81.1,3.6725,1.5776,1
22-Oct-2010,0.9835,1.3934,44.46,81.19,3.6725,1.5699,1
25-Oct-2010,0.9934,1.4031,44.36,80.75,3.6725,1.5743,1
26-Oct-2010,0.9909,1.3912,44.43,80.8,3.6725,1.5878,1
27-Oct-2010,0.9739,1.3803,44.52,81.65,3.6725,1.5849,1
28-Oct-2010,0.9755,1.3857,44.49,81.64,3.6725,1.5879,1
29-Oct-2010,0.9761,1.3857,44.54,80.58,3.6725,1.5922,1
1-Nov-2010,0.9881,1.3926,44.42,80.65,3.6725,1.6066,1
2-Nov-2010,0.9974,1.4018,44.43,80.56,3.6725,1.5981,1
3-Nov-2010,0.9973,1.4014,44.36,,3.6725,1.6147,1
4-Nov-2010,1.0059,1.4244,44.32,80.82,3.6725,1.6177,1
5-Nov-2010,1.0153,1.4084,,80.8,3.6725,1.6244,1
8-Nov-2010,1.0132,1.3917,44.26,81.22,3.6725,1.6126,1
9-Nov-2010,1.0115,1.3945,44.4,80.95,3.6725,1.6175,1
10-Nov-2010,1.0038,1.377,44.39,81.75,3.6725,1.608,1
11-Nov-2010,1.0045,1.37,44.25,82.22,3.6725,1.6129,1
12-Nov-2010,0.9935,1.3711,44.64,82.4,3.6725,1.6055,1
15-Nov-2010,0.9855,1.3626,45.14,82.72,3.6725,1.6056,1
16-Nov-2010,0.9864,1.3612,45.22,83.06,3.6725,1.5987,1
17-Nov-2010,0.9763,1.3481,,83.4,3.6725,1.5881,1
18-Nov-2010,0.9844,1.3647,45.45,83.24,3.6725,1.5992,1
19-Nov-2010,0.9857,1.3674,45.26,83.55,3.6725,1.6058,1
22-Nov-2010,0.993,1.3647,45.29,83.45,3.6725,1.6005,1
23-Nov-2010,0.9854,1.3496,45.61,,3.6725,1.5933,1
24-Nov-2010,0.9789,1.3339,45.66,83.22,3.6725,1.5767,1
26-Nov-2010,,,,,,,1
29-Nov-2010,0.9634,1.3146,45.81,84.1,3.6725,1.559,1
30-Nov-2010,0.9618,1.2998,46.04,84.15,3.6725,1.5528,1
1-Dec-2010,0.9571,1.3115,45.7,83.64,3.6725,1.5602,1
2-Dec-2010,0.9639,1.3155,45.37,84.1,3.6725,1.5587,1
3-Dec-2010,0.9758,1.3246,45.09,83.7,3.6725,1.5627,1
6-Dec-2010,0.9877,1.328,44.85,82.88,3.6725,1.5666,1
7-Dec-2010,0.9904,1.3363,44.84,82.6,3.6725,1.5787,1
8-Dec-2010,0.9796,1.32,45.12,83.9,3.6725,1.5781,1
9-Dec-2010,0.9869,1.3214,45.17,83.85,3.6725,1.5738,1
10-Dec-2010,0.9853,1.3244,45.22,83.72,3.6725,1.5843,1
13-Dec-2010,0.9843,1.3267,,84.12,3.6725,1.5759,1
14-Dec-2010,0.995,1.3435,45.01,83.46,3.6725,1.5855,1
15-Dec-2010,0.9958,1.336,45.32,83.85,3.6725,1.5668,1
16-Dec-2010,0.9864,1.3238,45.39,84.26,3.6725,1.5614,1
17-Dec-2010,0.9909,1.326,,83.89,3.6725,1.557,1
20-Dec-2010,0.988,1.3147,45.38,83.88,3.6725,1.5559,1
21-Dec-2010,0.9964,1.3155,45.26,83.68,3.6725,1.5472,1
22-Dec-2010,0.9973,1.3112,45.13,83.77,3.6725,1.5455,1
23-Dec-2010,1.0013,1.3064,45.02,,3.6725,1.5383,1
27-Dec-2010,,1.3136,45.15,82.95,3.6725,,1
28-Dec-2010,,1.3195,45.17,82.51,3.6725,,1
29-Dec-2010,1.0106,1.3136,45.12,82.3,3.6725,1.5396,1
30-Dec-2010,1.017,1.328,44.9,81.45,3.6725,1.5435,1
3-Jan-2011,,1.3348,44.67,,3.6725,,1
4-Jan-2011,1.0099,1.3421,44.84,82.1,3.6725,1.5608,1
5-Jan-2011,1.0014,1.3213,45.2,82.03,3.6725,1.5594,1
6-Jan-2011,0.9967,1.3091,45.31,83.22,3.6725,1.5484,1
7-Jan-2011,0.9933,1.2961,45.37,83.33,3.6725,1.5444,1
10-Jan-2011,0.9958,1.2903,45.44,,3.6725,1.5518,1
11-Jan-2011,0.9846,1.2948,45.32,83.08,,1.5574,1
12-Jan-2011,0.9848,1.2973,45.16,83.31,3.6725,1.5603,1
13-Jan-2011,0.9947,1.3199,45.13,83.09,3.6725,1.5769,1
14-Jan-2011,0.9964,1.3349,45.3,82.75,3.6725,1.5848,1
18-Jan-2011,0.9939,1.3371,45.53,82.51,3.6725,1.5993,1
19-Jan-2011,1.0033,1.3506,45.38,82.23,3.6725,1.5993,1
20-Jan-2011,0.9966,1.3472,45.58,82.15,3.6725,1.599,1
21-Jan-2011,0.9861,1.3521,45.7,83.03,3.6725,1.5929,1
24-Jan-2011,0.9881,1.3571,45.58,82.77,3.6725,1.5942,1
25-Jan-2011,0.9959,1.3596,45.53,82.43,3.6725,1.5789,1
26-Jan-2011,,1.3681,,82.05,3.6725,1.5859,1
27-Jan-2011,0.9964,1.3716,45.57,82.15,3.6725,1.5961,1
28-Jan-2011,0.9894,1.371,45.74,82.72,3.6725,1.5924,1
31-Jan-2011,0.9924,1.3692,45.95,82.05,3.6725,1.5891,1
1-Feb-2011,1.0037,1.3755,45.81,82.02,3.6725,1.611,1
2-Feb-2011,1.0125,1.3803,45.63,81.5,3.6725,1.6202,1
3-Feb-2011,1.0105,1.3745,45.63,81.64,3.6725,1.6215,1
4-Feb-2011,1.0186,1.3631,45.64,81.58,3.6725,1.6119,1
7-Feb-2011,1.0135,1.3553,45.59,82.23,3.6725,1.6104,1
8-Feb-2011,1.0146,1.3635,45.39,82.29,3.6725,1.6122,1
9-Feb-2011,1.0133,1.3647,45.33,82.35,3.6725,1.606,1
10-Feb-2011,1.0074,1.3604,45.58,82.53,3.6725,1.6056,1
11-Feb-2011,0.9991,1.3524,45.76,,3.6725,1.5987,1
14-Feb-2011,1.004,1.344,45.5,83.19,3.6725,1.6001,1
15-Feb-2011,1.0043,1.351,45.45,83.28,3.6725,1.612,1
16-Feb-2011,0.9998,1.351,,83.75,3.6725,1.6062,1
17-Feb-2011,1.0035,1.356,45.38,83.58,3.6725,1.6117,1
18-Feb-2011,1.0126,1.3627,45.18,83.28,3.6725,1.6205,1
22-Feb-2011,1.0037,1.3667,45.2,83.07,3.6725,1.615,1
23-Feb-2011,1.0019,1.3731,45.2,82.85,3.6725,1.6244,1
24-Feb-2011,1.0075,1.3773,45.37,82.17,3.6725,1.6155,1
25-Feb-2011,1.0134,1.3762,45.37,81.95,3.6725,1.6096,1
28-Feb-2011,1.0163,1.3834,45.18,81.7,3.6725,1.6234,1
1-Mar-2011,1.0156,1.3825,45.12,81.93,3.6725,1.6277,1
2-Mar-2011,1.0092,1.3809,,81.93,3.6725,1.6316,1
3-Mar-2011,1.0153,1.385,44.96,81.84,3.6725,1.6277,1
4-Mar-2011,1.0139,1.3957,44.99,82.34,3.6725,1.629,1
7-Mar-2011,1.0127,1.4028,45.13,82.37,3.6725,1.632,1
8-Mar-2011,1.0123,1.3898,45.03,82.25,3.6725,1.6186,1
9-Mar-2011,1.0068,1.3928,45.02,82.85,3.6725,1.6222,1
10-Mar-2011,1.005,1.3817,45.11,82.82,3.6725,1.6172,1
11-Mar-2011,1.0032,1.3773,45.21,82.82,3.6725,1.5994,1
14-Mar-2011,1.0076,1.3948,45.15,82.2,3.6725,1.6105,1
15-Mar-2011,0.9964,1.3884,45.27,81.85,3.6725,1.6017,1
16-Mar-2011,0.991,1.3951,45.18,80.83,3.6725,1.6082,1
17-Mar-2011,0.9794,1.4004,45.24,79.2,3.6725,1.6129,1
18-Mar-2011,0.9936,1.413,45.09,81.3,3.6725,1.6161,1
21-Mar-2011,1.0018,1.4194,45.05,,3.6725,1.6266,1
22-Mar-2011,,1.4211,44.97,80.9,3.6725,1.6376,1
23-Mar-2011,1.0101,1.4136,44.96,81.05,3.6725,1.627,1
24-Mar-2011,1.0129,1.4128,44.77,80.96,3.6725,1.6183,1
25-Mar-2011,1.0207,1.4115,44.65,81,3.6725,1.6104,1
28-Mar-2011,1.026,1.4032,44.78,81.73,3.6725,1.5977,1
29-Mar-2011,1.0256,1.4066,44.67,81.7,3.6725,1.5985,1
30-Mar-2011,1.0325,1.409,44.77,82.46,3.6725,1.6052,1
31-Mar-2011,1.0334,1.4207,44.65,83.13,3.6725,1.6092,1
1-Apr-2011,1.0345,1.4141,,83.46,3.6725,1.6046,1
4-Apr-2011,1.0385,1.424,,84.16,3.6725,1.6141,1
5-Apr-2011,1.0328,1.4166,,84.31,3.6725,1.6232,1
6-Apr-2011,1.0356,1.43,44.2,85.3,3.6725,1.6314,1
7-Apr-2011,1.0465,1.4283,44.22,85.3,3.6725,1.634,1
8-Apr-2011,1.0522,1.4401,,85.13,3.6725,1.6347,1
11-Apr-2011,1.0564,1.4434,44.2,84.7,3.6725,1.6356,1
12-Apr-2011,1.0438,1.447,,83.9,3.6725,1.6262,1
13-Apr-2011,1.0478,1.4493,44.48,83.95,3.6725,1.6271,1
14-Apr-2011,1.0534,1.4401,,83.48,3.6725,1.6297,1
15-Apr-2011,1.0524,1.445,44.52,83.65,3.6725,1.6348,1
18-Apr-2011,1.0563,1.4275,44.27,82.95,3.6725,1.6273,1
19-Apr-2011,1.0463,1.4302,44.68,82.45,3.6725,1.6294,1
20-Apr-2011,1.0583,1.4515,44.38,82.82,3.6725,1.6375,1
21-Apr-2011,1.0769,1.4584,44.3,82,3.6725,1.6552,1
22-Apr-2011,,,,81.85,3.6725,,1
25-Apr-2011,,,44.45,82.19,3.6725,,1
26-Apr-2011,,1.4617,44.59,81.78,3.6725,1.6493,1
27-Apr-2011,1.0835,1.4668,44.4,81.5,3.6725,1.6578,1
28-Apr-2011,1.0925,1.4794,44.33,82.06,3.6725,1.6655,1
29-Apr-2011,1.09,1.486,44.38,,3.6725,,1
2-May-2011,1.0939,1.4837,44.3,81.5,3.6725,,1
3-May-2011,1.0919,1.478,44.34,,3.6725,1.6483,1
4-May-2011,1.0829,1.4882,44.59,,3.6725,1.6512,1
5-May-2011,1.0741,1.4814,44.57,,3.6725,1.6501,1
6-May-2011,1.0698,1.4501,44.78,80.5,3.6725,1.6432,1
9-May-2011,1.0767,1.4397,44.7,80.6,3.6725,1.6368,1
10-May-2011,1.0749,1.4358,44.73,80.3,3.6725,1.6335,1
11-May-2011,1.0866,1.4357,44.69,80.9,3.6725,1.6476,1
12-May-2011,1.0617,1.4153,44.79,81.1,3.6725,1.6256,1
13-May-2011,1.067,1.428,44.91,80.95,3.6725,1.6259,1
16-May-2011,1.0554,1.4143,45.07,81,3.6725,1.6173,1
17-May-2011,1.0606,1.4171,,81.4,3.6725,1.6262,1
18-May-2011,1.0631,1.4227,45.08,81.4,3.6725,1.6171,1
19-May-2011,1.0641,1.4265,44.98,81.66,3.6725,1.62,1
20-May-2011,1.0665,1.4237,44.93,81.68,3.6725,1.6233,1
23-May-2011,1.0557,1.402,45.28,81.98,3.6725,1.6125,1
24-May-2011,1.0547,1.4089,45.25,81.81,3.6725,1.6166,1
25-May-2011,1.0462,1.4069,45.38,82,3.6725,1.6229,1
26-May-2011,1.0611,1.4168,45.29,82,3.6725,1.631,1
27-May-2011,1.0684,1.4265,45.21,81,3.6725,1.6412,1
31-May-2011,1.0709,1.4385,45.03,80.85,3.6725,1.6503,1
1-Jun-2011,1.0748,1.4408,44.89,81.35,3.6725,1.6417,1
2-Jun-2011,1.0621,1.446,44.94,80.95,3.6725,1.6381,1
3-Jun-2011,1.0666,1.4488,44.85,80.66,3.6725,1.6308,1
6-Jun-2011,1.0741,1.4596,44.72,80.25,3.6725,1.641,1
7-Jun-2011,1.0681,1.4652,44.74,80.22,3.6725,1.643,1
8-Jun-2011,1.0671,1.4608,44.61,79.95,3.6725,1.6372,1
9-Jun-2011,1.0581,1.4614,44.72,80.05,3.6725,1.6408,1
10-Jun-2011,1.0598,1.4486,44.72,80.08,,1.6289,1
13-Jun-2011,,1.4354,44.87,80.53,3.6725,1.6286,1
14-Jun-2011,1.0636,1.4448,44.77,80.2,3.6725,1.6406,1
15-Jun-2011,1.0707,1.4292,44.68,80.57,3.6725,1.626,1
16-Jun-2011,1.0527,1.4088,44.9,80.95,3.6725,1.6128,1
17-Jun-2011,1.0522,1.427,44.93,80.62,3.6725,1.6183,1
20-Jun-2011,1.0543,1.4235,44.99,80.2,3.6725,1.6169,1
21-Jun-2011,1.0562,1.4373,44.91,80.2,3.6725,1.6199,1
22-Jun-2011,1.0593,1.4397,44.82,80.26,3.6725,1.6126,1
23-Jun-2011,1.055,1.4212,44.93,80.47,3.6725,1.5985,1
24-Jun-2011,1.054,1.422,44.94,80.5,3.6725,1.601,1
27-Jun-2011,1.0425,1.4205,45.1,80.7,3.6725,1.5989,1
28-Jun-2011,1.0445,1.4261,45.05,80.77,3.6725,1.5949,1
29-Jun-2011,1.0564,1.4425,44.94,81.06,3.6725,1.6018,1
30-Jun-2011,1.0739,1.4453,44.72,80.72,3.6725,1.6008,1
1-Jul-2011,1.0715,1.4488,44.5855,80.84,3.6725,1.6019,1
5-Jul-2011,1.0675,1.4461,44.5,80.85,3.6725,1.6111,1
6-Jul-2011,1.073,1.4318,44.38,80.85,3.6725,1.6012,1
7-Jul-2011,1.0731,1.4247,44.42,80.93,3.6725,1.5985,1
8-Jul-2011,1.0773,1.4242,44.33,81.28,3.6725,1.5965,1
11-Jul-2011,1.0719,1.4056,44.37,80.76,3.6725,1.5951,1
12-Jul-2011,1.0606,1.3975,44.69,80.16,3.6725,1.5805,1
13-Jul-2011,1.0643,1.4073,44.59,79.43,3.6725,1.5945,1
14-Jul-2011,1.0729,1.4202,44.53,79,3.6725,1.6121,1
15-Jul-2011,1.0703,1.4146,44.53,79.13,3.6725,1.6111,1
18-Jul-2011,1.0603,1.4045,44.57,,3.6725,1.6074,1
19-Jul-2011,1.0615,1.416,44.59,79.04,3.6725,1.6117,1
20-Jul-2011,1.0714,1.4207,44.46,79.15,3.6725,1.6139,1
21-Jul-2011,1.0737,1.4222,44.43,78.81,3.6725,1.6171,1
22-Jul-2011,1.0849,1.4391,44.38,78.6,3.6725,1.6308,1
25-Jul-2011,1.0823,1.438,44.42,78.38,3.6725,1.6278,1
26-Jul-2011,1.0924,1.4471,44.29,78,3.6725,1.6402,1
27-Jul-2011,1.1052,1.4446,43.95,77.84,3.6725,1.6387,1
28-Jul-2011,1.1055,1.426,44.13,77.95,3.6725,1.6322,1
29-Jul-2011,1.0954,1.426,44.16,77.55,3.6725,1.6273,1
1-Aug-2011,,1.4415,44.05,77.8,3.6725,1.6423,1
2-Aug-2011,1.0924,1.417,44.23,77.45,3.6725,1.6279,1
3-Aug-2011,1.0745,1.43,44.38,77.25,3.6725,1.6398,1
4-Aug-2011,1.0657,1.4229,44.42,79.47,3.6725,1.6334,1
5-Aug-2011,1.0476,1.4155,44.8,79.3,3.6725,1.6294,1
8-Aug-2011,1.0308,1.4225,44.96,78.1,3.6725,1.6421,1
9-Aug-2011,1.0176,1.4267,45.17,77.25,3.6725,1.6364,1
10-Aug-2011,1.0345,1.4367,45.21,77.05,3.6725,1.6254,1
11-Aug-2011,1.027,1.4143,45.27,76.7,3.6725,1.6168,1
12-Aug-2011,1.029,1.425,45.37,76.98,3.6725,1.6281,1
15-Aug-2011,1.0429,1.4309,,77,3.6725,1.6311,1
16-Aug-2011,1.0467,1.436,45.25,76.85,3.6725,1.6377,1
17-Aug-2011,1.049,1.4477,45.37,76.7,3.6725,1.6449,1
18-Aug-2011,1.0505,1.4369,45.61,76.65,3.6725,1.6497,1
19-Aug-2011,1.0338,1.4385,,76.54,3.6725,1.651,1
22-Aug-2011,1.0393,1.4413,45.95,76.8,3.6725,1.6494,1
23-Aug-2011,1.0461,1.4462,45.69,76.79,3.6725,1.6524,1
24-Aug-2011,1.0481,1.4433,45.77,76.78,3.6725,1.6512,1
25-Aug-2011,1.0437,1.4424,46.13,76.98,3.6725,1.6366,1
26-Aug-2011,1.0488,1.4402,46.05,77.42,3.6725,1.6318,1
29-Aug-2011,1.0623,1.4487,45.87,76.74,3.6725,,1
30-Aug-2011,1.0675,1.4402,46.02,76.89,3.6725,1.6323,1
31-Aug-2011,1.0691,1.445,,76.59,3.6725,1.6286,1
1-Sep-2011,1.0703,1.4285,,76.95,3.6725,1.6204,1
2-Sep-2011,1.0702,1.4255,45.9,76.87,3.6725,1.6215,1
6-Sep-2011,1.0509,1.4099,46.13,76.81,3.6725,1.6098,1
7-Sep-2011,1.0596,1.4036,46.02,77.2,3.6725,1.5982,1
8-Sep-2011,1.0596,1.4044,46.18,77.37,3.6725,1.5967,1
9-Sep-2011,1.0614,1.3817,46.38,77.54,3.6725,1.5947,1
12-Sep-2011,1.0339,1.3656,46.97,77.5,3.6725,1.586,1
13-Sep-2011,1.0343,1.3645,47.1,77.04,3.6725,1.5824,1
14-Sep-2011,1.0215,1.3729,47.81,76.92,3.6725,1.5789,1
15-Sep-2011,1.0215,1.3795,47.84,76.72,3.6725,1.5835,1
16-Sep-2011,1.0345,1.376,47.47,76.8,3.6725,1.5816,1
19-Sep-2011,1.0223,1.3641,47.79,,3.6725,1.5733,1
20-Sep-2011,1.0191,1.371,48.22,76.52,3.6725,1.5703,1
21-Sep-2011,1.0278,1.3636,47.89,76.35,3.6725,1.5662,1
22-Sep-2011,1.0027,1.3448,48.82,76.77,3.6725,1.5414,1
23-Sep-2011,0.976,1.343,49.67,,3.6725,1.543,1
26-Sep-2011,0.9672,1.35,49.62,76.62,3.6725,1.5518,1
27-Sep-2011,0.9889,1.3579,49.18,76.3,3.6725,1.5573,1
28-Sep-2011,0.9853,1.3631,48.91,76.54,3.6725,1.5674,1
29-Sep-2011,0.9808,1.3615,48.93,76.53,3.6725,1.5641,1
30-Sep-2011,0.9781,1.3503,,76.63,3.6725,1.5595,1
3-Oct-2011,,1.3327,49.42,77,3.6725,1.5521,1
4-Oct-2011,0.95,1.3181,49.23,76.69,3.6725,1.5377,1
5-Oct-2011,0.9544,1.3337,49.19,76.7,3.6725,1.547,1
6-Oct-2011,0.9641,1.3269,,76.74,3.6725,1.5474,1
7-Oct-2011,0.9782,1.3434,49.14,76.7,,1.5521,1
11-Oct-2011,0.9972,1.3607,49.03,76.69,3.6725,1.5647,1
12-Oct-2011,0.9915,1.3766,49.24,76.71,3.6725,1.5765,1
13-Oct-2011,1.0199,1.3727,49.02,77.08,3.6725,1.5716,1
14-Oct-2011,1.0192,1.3807,49.07,76.96,3.6725,1.5768,1
17-Oct-2011,1.0302,1.3776,48.89,77.27,3.6725,1.5748,1
18-Oct-2011,1.0202,1.3676,49.14,76.83,3.6725,1.5741,1
19-Oct-2011,1.0317,1.3828,49.18,76.75,3.6725,1.5801,1
20-Oct-2011,1.0177,1.3807,,76.84,3.6725,1.5789,1
21-Oct-2011,1.0216,1.3798,50.07,76.76,3.6725,1.5821,1
24-Oct-2011,1.0398,1.3856,49.87,76.25,3.6725,1.5926,1
25-Oct-2011,1.047,1.3918,49.66,76.12,3.6725,1.6016,1
26-Oct-2011,1.0376,1.3927,,76.03,3.6725,1.599,1
27-Oct-2011,1.0489,1.4038,,76.26,3.6725,1.6018,1
28-Oct-2011,1.0664,1.416,48.82,75.86,3.6725,1.6108,1
31-Oct-2011,1.0509,1.4001,48.87,79.2,3.6725,1.6024,1
1-Nov-2011,1.0455,1.3627,49.08,78.1,3.6725,1.5903,1
2-Nov-2011,1.0355,1.3809,49.25,78.12,3.6725,1.5991,1
3-Nov-2011,1.0249,1.3773,49.37,,3.6725,1.6017,1
4-Nov-2011,1.0383,1.3773,49.08,78.1,3.6725,1.6024,1
7-Nov-2011,1.0369,1.3742,,78.14,3.6725,1.6054,1
8-Nov-2011,1.0325,1.3788,49.38,78.05,3.6725,1.6056,1
9-Nov-2011,1.0355,1.3633,49.78,77.57,3.6725,1.5968,1
10-Nov-2011,1.0146,1.3616,,77.79,3.6725,1.5911,1
11-Nov-2011,1.016,1.365,50.28,77.55,3.6725,1.5922,1
14-Nov-2011,1.0297,1.3659,50.08,77.13,3.6725,1.5943,1
15-Nov-2011,1.0169,1.3532,50.56,77.1,3.6725,1.5866,1
16-Nov-2011,1.0086,1.3484,50.9,77.09,3.6725,1.5771,1
17-Nov-2011,1.01,1.348,50.72,77.04,3.6725,1.5747,1
18-Nov-2011,0.9997,1.3576,51.35,76.97,3.6725,1.5882,1
21-Nov-2011,0.9979,1.3458,51.72,76.83,3.6725,1.5658,1
22-Nov-2011,0.9842,1.3535,52.7,76.97,3.6725,1.5655,1
23-Nov-2011,0.9771,1.3387,52.1,,3.6725,1.5583,1
28-Nov-2011,0.9837,1.3348,51.98,77.63,3.6725,1.5574,1
29-Nov-2011,0.9932,1.3336,51.93,78.2,3.6725,1.5621,1
30-Nov-2011,1.0021,1.3418,52.17,78.05,3.6725,1.5608,1
1-Dec-2011,1.0256,1.3492,51.65,77.68,3.6725,1.571,1
2-Dec-2011,1.0223,1.3511,51.35,77.78,3.6725,1.5692,1
5-Dec-2011,1.0214,1.3442,51.39,78,3.6725,1.5636,1
6-Dec-2011,1.0176,1.3394,,77.77,3.6725,1.5628,1
7-Dec-2011,1.0266,1.3377,51.45,77.72,3.6725,1.5603,1
8-Dec-2011,1.0269,1.341,51.78,77.65,3.6725,1.5707,1
9-Dec-2011,1.0131,1.3384,52.23,77.7,3.6725,1.5713,1
12-Dec-2011,1.0166,1.3251,52.42,77.65,3.6725,1.5606,1
13-Dec-2011,1.0093,1.3181,53.4,77.94,3.6725,1.5614,1
14-Dec-2011,1.0017,1.2993,53.58,77.97,3.6725,1.5495,1
15-Dec-2011,0.9895,1.3019,54.24,78.07,3.6725,1.55,1
16-Dec-2011,0.9985,1.3064,52.81,77.88,3.6725,1.5528,1
19-Dec-2011,0.9909,1.3039,52.96,77.89,3.6725,1.5504,1
20-Dec-2011,0.9938,1.3074,,78.01,3.6725,1.5635,1
21-Dec-2011,1.0138,1.3054,52.68,77.87,3.6725,1.5678,1
22-Dec-2011,1.0082,1.3047,52.78,78.12,3.6725,1.5686,1
23-Dec-2011,1.017,1.3057,52.72,,3.6725,1.5678,1
27-Dec-2011,,1.3069,52.89,77.92,3.6725,,1
28-Dec-2011,1.0156,1.3074,53.21,77.81,3.6725,1.5671,1
29-Dec-2011,1.0101,1.2889,53.36,77.76,3.6725,1.5371,1
30-Dec-2011,1.0156,1.2939,53.27,77.72,3.6725,1.5461,1
3-Jan-2012,1.0294,1.3014,53.23,,3.6725,1.5611,1
4-Jan-2012,1.0353,1.2948,53.14,76.66,3.6725,1.5596,1
5-Jan-2012,1.0323,1.2832,52.78,76.73,3.6725,1.552,1
6-Jan-2012,1.0221,1.2776,52.78,77.19,3.6725,1.5498,1
9-Jan-2012,1.017,1.2728,52.73,,3.6725,1.5442,1
10-Jan-2012,1.0311,1.2808,52.23,76.87,3.6725,1.5462,1
11-Jan-2012,1.0284,1.2718,51.75,76.92,3.6725,1.5387,1
12-Jan-2012,1.0296,1.2736,51.83,76.91,3.6725,1.5351,1
13-Jan-2012,1.032,1.2771,51.43,76.79,3.6725,1.5328,1
17-Jan-2012,1.0377,1.279,51.07,76.83,3.6725,1.5372,1
18-Jan-2012,1.04,1.2831,50.67,76.69,3.6725,1.537,1
19-Jan-2012,1.0395,1.2911,50.29,76.76,3.6725,1.544,1
20-Jan-2012,1.0401,1.2902,50.33,77.12,3.6725,1.5466,1
23-Jan-2012,1.049,1.3017,50.24,77.02,3.6725,1.5568,1
24-Jan-2012,1.0494,1.3003,49.97,76.99,3.6725,1.5563,1
25-Jan-2012,1.0513,1.2942,50.02,77.95,3.6725,1.5573,1
26-Jan-2012,,1.3145,,77.76,3.6725,1.568,1
27-Jan-2012,1.0615,1.3145,49.65,77.38,3.6725,1.5705,1
30-Jan-2012,1.0589,1.311,49.5,76.68,3.6725,1.5702,1
31-Jan-2012,1.0637,1.3176,49.68,76.36,3.6725,1.5789,1
1-Feb-2012,1.061,1.3175,49.53,76.2,3.6725,1.5782,1
2-Feb-2012,1.0715,1.3094,49.13,76.14,3.6725,1.583,1
3-Feb-2012,1.0682,1.316,48.96,76.19,3.6725,1.5824,1
6-Feb-2012,1.0718,1.3042,48.68,76.75,3.6725,1.5766,1
7-Feb-2012,1.0778,1.3113,48.92,76.71,3.6725,1.5815,1
8-Feb-2012,1.0792,1.3274,49.07,76.95,3.6725,1.5878,1
9-Feb-2012,1.08,1.3288,49.29,77.16,3.6725,1.5831,1
10-Feb-2012,1.0713,1.3189,49.64,77.64,3.6725,1.5826,1
13-Feb-2012,1.074,1.3254,49.32,77.63,3.6725,1.5797,1
14-Feb-2012,1.0678,1.3169,49.33,77.9,3.6725,1.5745,1
15-Feb-2012,1.0737,1.3092,49.25,78.51,3.6725,1.5705,1
16-Feb-2012,1.0683,1.2982,,78.43,3.6725,1.5681,1
17-Feb-2012,1.0772,1.3159,49.21,79.07,3.6725,1.5829,1
21-Feb-2012,1.0724,1.3222,49.08,79.73,3.6725,1.5802,1
22-Feb-2012,1.0652,1.323,49.25,80.04,3.6725,1.57,1
23-Feb-2012,1.0646,1.33,49.25,80.19,3.6725,1.5715,1
24-Feb-2012,1.0738,1.3412,49.07,80.55,3.6725,1.5801,1
27-Feb-2012,1.0689,1.3388,49.05,81.15,3.6725,1.5866,1
28-Feb-2012,1.0777,1.3454,49.14,80.25,3.6725,1.585,1
29-Feb-2012,1.0816,1.3443,48.94,80.65,3.6725,1.5943,1
1-Mar-2012,1.0763,1.3312,49.15,81.2,3.6725,1.5947,1
2-Mar-2012,1.0793,1.3217,49.35,81.48,3.6725,1.5902,1
5-Mar-2012,1.0717,1.322,49.8,81.58,3.6725,1.5816,1
6-Mar-2012,1.0614,1.3153,50.03,81.41,3.6725,1.5771,1
7-Mar-2012,1.0539,1.312,50.57,80.72,3.6725,1.5732,1
8-Mar-2012,1.0602,1.3242,,81.3,3.6725,1.5804,1
9-Mar-2012,1.0658,1.3191,50.02,81.62,3.6725,1.5795,1
12-Mar-2012,1.0533,1.3119,49.94,82.24,3.6725,1.5639,1
13-Mar-2012,1.0553,1.3057,49.85,82.35,3.6725,1.565,1
14-Mar-2012,1.0547,1.3062,49.9,83.15,3.6725,1.5706,1
15-Mar-2012,1.0467,1.3057,50.22,83.98,3.6725,1.5681,1
16-Mar-2012,1.0536,1.3116,50.31,83.55,3.6725,1.5735,1
19-Mar-2012,1.0608,1.315,50.12,83.53,3.6725,1.587,1
20-Mar-2012,1.057,1.3198,50.25,,3.6725,1.5839,1
21-Mar-2012,1.0492,1.3225,50.59,83.66,3.6725,1.5846,1
22-Mar-2012,1.0395,1.3167,50.91,83.3,3.6725,1.5793,1
23-Mar-2012,1.0397,1.3242,,82.71,3.6725,1.5821,1
26-Mar-2012,1.0451,1.3276,51.31,82.7,3.6725,1.5874,1
27-Mar-2012,1.0517,1.3333,50.91,82.87,3.6725,1.5954,1
28-Mar-2012,1.0427,1.3337,50.92,82.98,3.6725,1.5915,1
29-Mar-2012,1.0371,1.3272,51.15,82.65,3.6725,1.5876,1
30-Mar-2012,1.0402,1.3356,51.16,82.15,3.6725,1.6009,1
2-Apr-2012,1.0391,1.3319,,83,3.6725,1.604,1
3-Apr-2012,1.0401,1.3315,50.56,81.85,3.6725,1.6017,1
4-Apr-2012,1.0283,1.3142,51.05,82.85,3.6725,1.5873,1
5-Apr-2012,1.0304,1.3068,,82.25,3.6725,1.5823,1
6-Apr-2012,,,,82.26,3.6725,,1
9-Apr-2012,,,51.28,81.48,3.6725,1.5878,1
10-Apr-2012,1.0318,1.3114,51.2,81.77,3.6725,1.5821,1
11-Apr-2012,1.0289,1.3131,51.55,80.74,3.6725,1.5927,1
12-Apr-2012,1.0379,1.3153,51.44,81,3.6725,1.5959,1
13-Apr-2012,1.0396,1.3148,51.42,80.98,3.6725,1.5927,1
16-Apr-2012,1.0331,1.3024,51.66,80.5,3.6725,1.5836,1
17-Apr-2012,1.0318,1.3132,51.63,80.42,3.6725,1.5954,1
18-Apr-2012,1.0402,1.3093,51.5,81.38,3.6725,1.5983,1
19-Apr-2012,1.0354,1.3086,51.89,81.5,3.6725,1.6031,1
20-Apr-2012,1.0336,1.3192,52,81.63,3.6725,1.6108,1
23-Apr-2012,1.0339,1.3131,52.23,81.3,3.6725,1.6085,1
24-Apr-2012,1.0262,1.3161,52.79,81.15,3.6725,1.615,1
25-Apr-2012,,1.3206,52.49,81.43,3.6725,1.6098,1
26-Apr-2012,1.0381,1.3215,52.57,81.15,3.6725,1.6184,1
27-Apr-2012,1.0369,1.3229,52.68,81.15,3.6725,1.622,1
30-Apr-2012,1.0453,1.3214,52.52,81.15,3.6725,1.6261,1
1-May-2012,1.0339,,,79.85,3.6725,1.6209,1
2-May-2012,1.0342,1.3131,52.93,80.25,3.6725,1.6177,1
3-May-2012,1.0305,1.3123,53.24,,3.6725,1.6182,1
4-May-2012,1.0267,1.3132,53.72,,3.6725,1.6183,1
7-May-2012,1.0146,1.3033,53.34,79.8,3.6725,,1
8-May-2012,1.0192,1.3025,52.86,80,3.6725,1.6143,1
9-May-2012,1.0074,1.295,53.46,79.87,3.6725,1.6127,1
10-May-2012,1.0105,1.2961,53.34,79.7,3.6725,1.6119,1
11-May-2012,1.0053,1.2944,53.64,79.85,3.6725,1.6095,1
14-May-2012,1.0013,1.2863,53.71,80.03,3.6725,1.6062,1
15-May-2012,0.9995,1.2843,53.84,79.87,3.6725,1.6047,1
16-May-2012,0.9915,1.2738,54.29,80.38,3.6725,1.5913,1
17-May-2012,0.9958,1.2682,54.39,80.3,3.6725,1.5855,1
18-May-2012,0.9818,1.2721,54.88,79.4,3.6725,1.5789,1
21-May-2012,0.9854,1.275,54.68,79.15,3.6725,1.5813,1
22-May-2012,0.9925,1.2768,54.88,79.39,3.6725,1.5769,1
23-May-2012,0.9777,1.2659,55.93,79.55,3.6725,1.5726,1
24-May-2012,0.9758,1.2557,56.29,79.45,3.6725,1.5675,1
25-May-2012,0.9744,1.2546,55.73,79.68,3.6725,1.568,1
29-May-2012,0.9864,1.2523,55.58,79.53,3.6725,1.5683,1
30-May-2012,0.9796,1.2438,56.01,79.46,3.6725,1.5579,1
31-May-2012,0.9727,1.2403,56.42,78.8,3.6725,1.5504,1
1-Jun-2012,0.97,1.2322,55.92,78.64,3.6725,1.5321,1
4-Jun-2012,0.9675,1.2437,55.52,78.17,3.6725,,1
5-Jun-2012,0.9794,1.2429,55.56,78.35,3.6725,,1
6-Jun-2012,0.9829,1.2485,55.5,78.8,3.6725,1.5486,1
7-Jun-2012,0.9962,1.2595,55.15,79.35,3.6725,1.5497,1
8-Jun-2012,0.9852,1.2468,55.36,79.65,3.6725,1.5424,1
11-Jun-2012,,1.2544,55.24,79.63,3.6725,1.5543,1
12-Jun-2012,0.9898,1.2492,56.05,79.24,3.6725,1.5528,1
13-Jun-2012,0.9946,1.2534,55.85,79.64,3.6725,1.5563,1
14-Jun-2012,0.9956,1.2551,55.79,79.43,3.6725,1.5527,1
15-Jun-2012,1.0015,1.2596,55.76,79.48,3.6725,1.5537,1
18-Jun-2012,1.012,1.2618,55.6,79.27,3.6725,1.5647,1
19-Jun-2012,1.0131,1.2619,56.01,78.98,3.6725,1.5663,1
20-Jun-2012,1.019,1.2704,55.86,78.88,3.6725,1.573,1
21-Jun-2012,1.0164,1.267,56.42,79.62,3.6725,1.5705,1
22-Jun-2012,1.0057,1.2539,56.99,80.42,3.6725,1.5595,1
25-Jun-2012,1.0031,1.2488,56.53,80.3,3.6725,1.5543,1
26-Jun-2012,1.0034,1.2475,57.07,79.73,3.6725,1.5638,1
27-Jun-2012,1.0065,1.2478,57.22,79.4,3.6725,1.5621,1
28-Jun-2012,1.0118,1.2418,56.92,79.47,3.6725,1.5543,1
29-Jun-2012,1.0191,1.259,56.31,79.3,3.6725,1.5603,1
2-Jul-2012,1.0227,1.2593,,79.76,3.6725,1.567,1
3-Jul-2012,1.027,1.2575,54.81,79.52,3.6725,1.5676,1
5-Jul-2012,1.0267,1.2426,55.03,79.93,3.6725,1.559,1
6-Jul-2012,1.026,1.2377,55.42,79.97,,1.5542,1
9-Jul-2012,1.019,1.2293,56.02,79.65,3.6725,1.549,1
10-Jul-2012,1.0176,1.2285,55.81,79.51,3.6725,1.5528,1
11-Jul-2012,1.0214,1.226,55.37,79.35,3.6725,1.5562,1
12-Jul-2012,1.017,1.2178,55.7,79.62,3.6725,1.5452,1
13-Jul-2012,1.0163,1.2185,55.66,79.38,3.6725,1.5447,1
16-Jul-2012,1.0234,1.2177,54.92,,3.6725,1.5531,1
17-Jul-2012,1.0294,1.2281,55.15,78.89,3.6725,1.5632,1
18-Jul-2012,1.03,1.2234,55.34,79.08,3.6725,1.5604,1
19-Jul-2012,1.039,1.2287,55.38,78.59,3.6725,1.5685,1
20-Jul-2012,1.0403,1.22,55.15,78.75,3.6725,1.57,1
23-Jul-2012,1.0314,1.2105,55.76,78.4,3.6725,1.5543,1
24-Jul-2012,1.0304,1.2089,56.02,78.25,3.6725,1.5509,1
25-Jul-2012,1.022,1.2134,56.38,78.12,3.6725,1.5502,1
26-Jul-2012,1.0331,1.226,55.95,78.1,3.6725,1.5579,1
27-Jul-2012,1.0426,1.2317,55.41,78.27,3.6725,1.5741,1
30-Jul-2012,1.0464,1.2246,55.44,78.37,3.6725,1.5708,1
31-Jul-2012,1.0526,1.2284,55.81,78.15,3.6725,1.5686,1
1-Aug-2012,1.0507,1.2298,55.48,77.99,3.6725,1.5629,1
2-Aug-2012,1.0483,1.2346,55.78,78.45,3.6725,1.555,1
3-Aug-2012,1.0479,1.2245,56.08,78.2,3.6725,1.5592,1
6-Aug-2012,1.0479,1.2379,55.47,78.54,3.6725,1.5551,1
7-Aug-2012,1.058,1.2436,55.5,78.26,3.6725,1.5655,1
8-Aug-2012,1.0551,1.2336,55.15,78.55,3.6725,1.5651,1
9-Aug-2012,1.0593,1.2301,55.17,78.44,3.6725,1.5641,1
10-Aug-2012,1.0519,1.2262,55.34,78.6,3.6725,1.5609,1
13-Aug-2012,1.055,1.2339,55.42,78.26,3.6725,1.5705,1
14-Aug-2012,1.0516,1.2352,55.64,78.43,3.6725,1.5697,1
15-Aug-2012,1.0476,1.2276,,78.8,3.6725,1.5682,1
16-Aug-2012,1.0483,1.2279,55.99,79.1,3.6725,1.5694,1
17-Aug-2012,1.0472,1.2337,55.7,79.36,3.6725,1.5697,1
20-Aug-2012,1.0446,1.23,,79.57,3.6725,1.5693,1
21-Aug-2012,1.0481,1.2428,55.54,79.38,3.6725,1.5757,1
22-Aug-2012,1.0437,1.2448,55.51,79.23,3.6725,1.5788,1
23-Aug-2012,1.0516,1.2552,55.19,78.55,3.6725,1.5877,1
24-Aug-2012,1.0438,1.2507,55.38,78.55,3.6725,1.5843,1
27-Aug-2012,1.0384,1.253,55.59,78.8,3.6725,1.58,1
28-Aug-2012,1.0374,1.2548,55.78,78.55,3.6725,1.5786,1
29-Aug-2012,1.0373,1.2545,55.67,78.6,3.6725,1.5822,1
30-Aug-2012,1.0337,1.2544,55.65,78.63,3.6725,1.5844,1
31-Aug-2012,1.0301,1.2611,55.72,78.45,3.6725,1.5839,1
4-Sep-2012,1.0276,1.2579,55.54,78.35,3.6725,1.5874,1
5-Sep-2012,1.0205,1.2578,55.9,78.51,3.6725,1.59,1
6-Sep-2012,1.0226,1.2638,55.97,78.46,3.6725,1.5909,1
7-Sep-2012,1.0321,1.2706,55.52,78.89,3.6725,1.5925,1
10-Sep-2012,1.0351,1.2776,55.339,78.23,3.6725,1.5995,1
11-Sep-2012,1.0334,1.2787,55.5223,78.22,3.6725,1.6037,1
12-Sep-2012,1.047,1.2896,55.2605,77.88,3.6725,1.6114,1
13-Sep-2012,1.0471,1.291,55.443,77.76,3.6725,1.6104,1
14-Sep-2012,1.0579,1.3095,54.727,77.64,3.6725,1.6236,1
17-Sep-2012,1.0534,1.3086,53.974,,3.6725,1.6235,1
18-Sep-2012,1.0452,1.3054,54.257,78.6,3.6725,1.6256,1
19-Sep-2012,1.047,1.3002,,79.15,3.6725,1.6207,1
20-Sep-2012,1.0389,1.2954,54.3375,78.1,3.6725,1.6191,1
21-Sep-2012,1.0469,1.2988,53.9055,78.34,3.6725,1.6274,1
24-Sep-2012,1.0422,1.2916,53.293,78.06,3.6725,1.6201,1
25-Sep-2012,1.0422,1.2932,53.534,77.85,3.6725,1.6217,1
26-Sep-2012,1.0353,1.2845,53.5785,77.74,3.6725,1.6191,1
27-Sep-2012,1.0419,1.2874,53.255,77.67,3.6725,1.6198,1
28-Sep-2012,1.0464,1.293,52.697,77.57,3.6725,1.6191,1
1-Oct-2012,,1.2877,52.7845,77.93,3.6725,1.6145,1
2-Oct-2012,1.0305,1.293,,78.05,3.6725,1.6147,1
3-Oct-2012,1.0213,1.2904,52.3345,78.22,3.6725,1.6112,1
4-Oct-2012,1.0222,1.2951,51.9755,78.6,3.6725,1.6109,1
5-Oct-2012,1.0263,1.3002,51.6185,78.56,3.6725,1.6188,1
9-Oct-2012,1.0229,1.2953,52.375,78.3,3.6725,1.6015,1
10-Oct-2012,1.0228,1.2889,53.0445,78.25,3.6725,1.6002,1
11-Oct-2012,1.028,1.2918,53.073,78.08,3.6725,1.6032,1
12-Oct-2012,1.0271,1.297,52.7,78.4,3.6725,1.6064,1
15-Oct-2012,1.0216,1.2971,53.1198,78.49,3.6725,1.6055,1
16-Oct-2012,1.0264,1.3046,52.8193,78.82,3.6725,1.609,1
17-Oct-2012,1.0309,1.312,52.751,78.82,3.6725,1.6162,1
18-Oct-2012,1.0386,1.3118,52.969,79.14,3.6725,1.6149,1
19-Oct-2012,1.0364,1.3035,53.7175,79.35,3.6725,1.6058,1
22-Oct-2012,1.0326,1.3063,53.6735,79.32,3.6725,1.6043,1
23-Oct-2012,1.0323,1.3005,53.5895,79.99,3.6725,1.5984,1
24-Oct-2012,1.0315,1.2942,,79.85,3.6725,1.6006,1
25-Oct-2012,1.0363,1.2993,53.63,80.1,3.6725,1.6138,1
26-Oct-2012,1.0313,1.2908,,80.24,3.6725,1.6102,1
29-Oct-2012,,1.2898,,79.66,,1.6054,1
30-Oct-2012,,1.2962,,79.5,,1.6062,1
31-Oct-2012,1.0378,1.2993,54.1175,79.64,3.6725,1.6116,1
1-Nov-2012,1.0372,1.2975,53.7798,80.02,3.6725,1.6163,1
2-Nov-2012,1.0396,1.285,53.6645,80.26,3.6725,1.6088,1
5-Nov-2012,1.0363,1.2777,54.0778,80.48,3.6725,1.5976,1
6-Nov-2012,1.0429,1.28,54.5955,80.2,3.6725,1.5981,1
7-Nov-2012,1.0451,1.2746,54.252,80.1,3.6725,1.5996,1
8-Nov-2012,1.041,1.2736,54.4403,79.96,3.6725,1.595,1
9-Nov-2012,1.042,1.2694,54.34,79.53,3.6725,1.5945,1
12-Nov-2012,1.042,1.2735,54.934,79.48,3.6725,1.5876,1
13-Nov-2012,1.0404,1.2696,,79.62,3.6725,1.5906,1
14-Nov-2012,1.0453,1.2726,,79.51,3.6725,1.5869,1
15-Nov-2012,1.0369,1.2756,54.959,80.21,3.6725,1.5849,1
16-Nov-2012,1.0326,1.2745,54.9915,81.13,3.6725,1.5859,1
19-Nov-2012,1.0374,1.2762,54.9665,81.47,3.6725,1.5904,1
20-Nov-2012,1.041,1.2809,54.91,81.26,3.6725,1.5926,1
21-Nov-2012,1.0352,1.2805,55.2025,81.85,3.6725,1.5933,1
26-Nov-2012,1.0457,1.2964,55.692,82.3,3.6725,1.6017,1
27-Nov-2012,1.0486,1.2961,55.7045,82,3.6725,1.6029,1
28-Nov-2012,1.0458,1.2891,,81.83,3.6725,1.5983,1
29-Nov-2012,1.0466,1.2994,55.202,82.18,3.6725,1.6019,1
30-Nov-2012,1.0431,1.2986,54.5265,82.45,3.6725,1.6057,1
3-Dec-2012,1.0414,1.3057,54.561,82.35,3.6725,1.605,1
4-Dec-2012,1.0439,1.3092,54.9473,82.1,3.6725,1.6122,1
5-Dec-2012,1.0477,1.3065,54.569,82.25,3.6725,1.6114,1
6-Dec-2012,1.0463,1.3072,54.465,82.42,3.6725,1.6107,1
7-Dec-2012,1.048,1.2905,54.2017,82.49,3.6725,1.6024,1
10-Dec-2012,1.0472,1.293,54.3405,82.56,3.6725,1.6054,1
11-Dec-2012,1.0482,1.2993,54.316,82.37,3.6725,1.609,1
12-Dec-2012,1.0524,1.304,54.2725,82.55,3.6725,1.6142,1
13-Dec-2012,1.055,1.3077,54.232,83.4,3.6725,1.6129,1
14-Dec-2012,1.054,1.3081,54.388,83.9,3.6725,1.6119,1
17-Dec-2012,1.0541,1.316,54.629,84,3.6725,1.6204,1
18-Dec-2012,1.0541,1.3178,54.849,83.98,3.6725,1.6203,1
19-Dec-2012,1.0517,1.3302,54.7365,84.35,3.6725,1.6299,1
20-Dec-2012,1.0482,1.3246,54.842,84.25,3.6725,1.6266,1
21-Dec-2012,1.0451,1.3209,55.086,83.93,3.6725,1.6237,1
26-Dec-2012,,,54.9635,85.15,3.6725,,1
27-Dec-2012,1.0357,1.3266,54.8465,85.8,3.6725,1.6175,1
28-Dec-2012,1.038,1.3183,54.8473,86.55,3.6725,1.6116,1
2-Jan-2013,1.0468,1.3262,54.389,,3.6725,1.6296,1
3-Jan-2013,,1.3102,54.4153,,3.6725,1.618,1
4-Jan-2013,1.0434,1.3012,54.8458,87.65,3.6725,1.6017,1
7-Jan-2013,1.0472,1.3039,54.978,88.08,3.6725,1.6058,1
8-Jan-2013,1.048,1.3086,55.3278,87.53,3.6725,1.61,1
9-Jan-2013,1.0504,1.3056,54.9625,87.45,3.6725,1.6029,1
10-Jan-2013,1.0549,1.3113,54.6305,88.14,3.6725,1.606,1
11-Jan-2013,1.0583,1.3274,54.539,89,3.6725,1.6111,1
14-Jan-2013,1.056,1.3341,54.6355,,3.6725,1.608,1
15-Jan-2013,1.0546,1.3327,54.5425,89.58,3.6725,1.6051,1
16-Jan-2013,1.0564,1.3277,54.826,88.15,3.6725,1.6038,1
17-Jan-2013,1.0508,1.3368,54.6428,88.65,3.6725,1.6029,1
18-Jan-2013,1.0518,1.3324,53.9465,90.05,3.6725,1.5941,1
22-Jan-2013,1.055,1.3317,53.5115,89.15,3.6725,1.5867,1
23-Jan-2013,1.0537,1.333,53.771,88.65,3.6725,1.5856,1
24-Jan-2013,1.0515,1.3349,53.8515,88.55,3.6725,1.5823,1
25-Jan-2013,1.045,1.3469,,90.5,3.6725,1.5764,1
28-Jan-2013,,1.3444,53.8905,91.05,3.6725,1.5705,1
29-Jan-2013,1.0445,1.3433,53.7015,90.7,3.6725,1.5739,1
30-Jan-2013,1.0475,1.3541,53.5678,90.93,3.6725,1.5774,1
31-Jan-2013,1.0394,1.355,53.289,91.07,3.6725,1.5783,1
1-Feb-2013,1.039,1.3644,53.3238,92.18,3.6725,1.5832,1
4-Feb-2013,1.0428,1.3552,52.973,92.67,3.6725,1.5724,1
5-Feb-2013,1.04,1.3537,53.2945,92.28,3.6725,1.5748,1
6-Feb-2013,1.0353,1.3517,53.0855,93.8,3.6725,1.566,1
7-Feb-2013,1.0318,1.3546,53.1445,93.38,3.6725,1.5715,1
8-Feb-2013,1.0287,1.3374,53.5695,93.68,3.6725,1.5746,1
11-Feb-2013,1.0301,1.3391,53.6793,,3.6725,1.5687,1
12-Feb-2013,1.0251,1.3438,53.9585,94.25,3.6725,1.5612,1
13-Feb-2013,1.0359,1.348,53.85,93.33,3.6725,1.5571,1
14-Feb-2013,1.0352,1.3327,53.8715,93.48,3.6725,1.551,1
15-Feb-2013,1.0366,1.3325,53.9885,92.5,3.6725,1.5492,1
19-Feb-2013,1.033,1.3349,,93.8,3.6725,1.5467,1
20-Feb-2013,1.036,1.337,54.051,93.72,3.6725,1.53,1
21-Feb-2013,1.0241,1.3186,54.48,93.46,3.6725,1.5253,1
22-Feb-2013,1.0314,1.3186,54.427,93.3,3.6725,1.5256,1
25-Feb-2013,1.0282,1.3304,54.0415,94.25,3.6725,1.5126,1
26-Feb-2013,1.0275,1.3077,54.0645,92.5,3.6725,1.5142,1
27-Feb-2013,1.0214,1.3097,53.835,91.93,3.6725,1.5126,1
28-Feb-2013,1.0275,1.3129,53.7735,92.48,3.6725,1.5192,1
1-Mar-2013,1.0232,1.3,54.4815,92.6,3.6725,1.5018,1
4-Mar-2013,1.0124,1.3007,55.0518,93.6,3.6725,1.5048,1
5-Mar-2013,1.0241,1.3034,54.652,93.35,3.6725,1.5157,1
6-Mar-2013,,1.3035,,93.18,,1.5091,1
7-Mar-2013,1.0251,1.301,54.7393,94.1,3.6725,1.4986,1
8-Mar-2013,1.0241,1.309,54.4035,94.94,3.6725,1.5039,1
11-Mar-2013,1.0221,1.2994,54.2933,96.1,3.6725,1.4873,1
12-Mar-2013,1.0282,1.3053,54.3365,96.5,3.6725,1.4881,1
13-Mar-2013,1.031,1.2981,54.11,95.8,3.6725,1.497,1
14-Mar-2013,1.0369,1.2937,54.442,95.95,3.6725,1.4944,1
15-Mar-2013,1.0376,1.3086,54.1605,96.15,3.6725,1.5157,1
18-Mar-2013,1.0364,1.2929,54.2915,94.75,3.6725,1.5107,1
19-Mar-2013,1.0387,1.2944,54.2635,95.47,3.6725,1.5114,1
20-Mar-2013,1.038,1.2945,54.378,,3.6725,1.5115,1
21-Mar-2013,1.0372,1.291,54.281,95.9,3.6725,1.5187,1
22-Mar-2013,1.0431,1.2948,54.335,94.92,3.6725,1.5205,1
25-Mar-2013,1.045,1.2935,54.099,94.85,3.6725,1.5217,1
26-Mar-2013,1.0462,1.2861,54.2735,94.07,3.6725,1.5144,1
27-Mar-2013,1.0466,1.2768,,94.6,3.6725,1.5097,1
28-Mar-2013,1.0426,1.2805,54.3893,94.15,3.6725,1.5122,1
29-Mar-2013,,,,94.05,3.6725,,1
1-Apr-2013,,,,93.89,3.6725,,1
2-Apr-2013,1.0457,1.284,54.3345,93.05,3.6725,1.5194,1
3-Apr-2013,1.0457,1.2828,54.3885,93.53,3.6725,1.5109,1
4-Apr-2013,1.0462,1.2818,54.646,93.8,3.6725,1.5054,1
5-Apr-2013,1.0419,1.2944,54.8803,96.85,3.6725,1.5222,1
8-Apr-2013,1.0371,1.3023,54.7215,98.6,3.6725,1.5304,1
9-Apr-2013,1.0431,1.304,54.4613,99.35,3.6725,1.5294,1
10-Apr-2013,1.0505,1.3086,54.534,99.18,3.6725,1.5306,1
11-Apr-2013,1.0518,1.3119,,99.58,3.6725,1.5391,1
12-Apr-2013,1.0553,1.3052,54.4425,99.48,3.6725,1.5374,1
15-Apr-2013,1.0445,1.3081,54.626,98.64,3.6725,1.5339,1
16-Apr-2013,1.0362,1.3129,54.329,97.05,3.6725,1.5306,1
17-Apr-2013,1.0356,1.3129,53.9423,98.3,3.6725,1.5254,1
18-Apr-2013,1.0305,1.3045,54.0298,97.83,3.6725,1.5256,1
19-Apr-2013,1.0336,1.3115,,98.27,3.6725,1.535,1
22-Apr-2013,1.0289,1.3037,54.1665,99.8,3.6725,1.5238,1
23-Apr-2013,1.0236,1.299,54.2995,98.8,3.6725,1.5239,1
24-Apr-2013,1.0254,1.3006,,99.65,3.6725,1.5277,1
25-Apr-2013,,1.308,54.1715,99.54,3.6725,1.544,1
26-Apr-2013,1.0309,1.2999,54.2935,98.8,3.6725,1.5457,1
29-Apr-2013,1.0312,1.3113,54.277,,3.6725,1.5522,1
30-Apr-2013,1.0368,1.3072,54.219,97.91,3.6725,1.5485,1
1-May-2013,1.0367,,,97.25,3.6725,1.5569,1
2-May-2013,1.0231,1.3191,,97.22,3.6725,1.5574,1
3-May-2013,1.0271,1.3114,53.7355,,3.6725,1.5555,1
6-May-2013,1.029,1.3107,53.9495,,3.6725,1.5538,1
7-May-2013,1.0193,1.3107,54.277,98.97,3.6725,1.5534,1
8-May-2013,1.0187,1.3135,54.16,98.9,3.6725,1.5503,1
9-May-2013,1.0237,1.3142,54.2415,98.88,3.6725,1.557,1
10-May-2013,1.0071,1.2988,54.5413,100.94,3.6725,1.54,1
13-May-2013,0.9996,1.2973,54.915,101.88,3.6725,1.5372,1
14-May-2013,0.9989,1.2977,54.6275,101.44,3.6725,1.5277,1
15-May-2013,0.9892,1.2864,54.7835,102.21,3.6725,1.5204,1
16-May-2013,0.9861,1.289,54.7723,102.15,3.6725,1.5211,1
17-May-2013,0.976,1.2869,54.8865,102.3,3.6725,1.5249,1
20-May-2013,0.9771,1.2853,55.0368,102.84,3.6725,1.5198,1
21-May-2013,0.9826,1.2866,55.0395,102.5,3.6725,1.5152,1
22-May-2013,0.977,1.2923,55.522,102.6,3.6725,1.5092,1
23-May-2013,0.9614,1.2888,55.991,103.1,3.6725,1.5087,1
24-May-2013,0.9686,1.2939,55.6075,102.3,3.6725,1.5118,1
28-May-2013,0.9649,1.2938,55.7423,101.63,3.6725,1.5108,1
29-May-2013,0.9539,1.2952,56.243,102.3,3.6725,1.5068,1
30-May-2013,0.9674,1.2944,56.0995,101.2,3.6725,1.5154,1
31-May-2013,0.9649,1.3006,56.4958,101.03,3.6725,1.5214,1
3-Jun-2013,0.9635,1.3008,56.574,100.45,3.6725,1.5253,1
4-Jun-2013,0.9733,1.3092,56.6423,99.74,3.6725,1.5293,1
5-Jun-2013,0.9617,1.3067,56.4238,100.29,3.6725,1.536,1
6-Jun-2013,0.9443,1.3118,56.869,99.3,,1.5449,1
7-Jun-2013,0.9504,1.326,56.7445,96.5,3.6725,1.5576,1
10-Jun-2013,,1.3209,57.782,98.25,3.6725,1.5541,1
11-Jun-2013,0.9407,1.3273,58.9255,98.15,3.6725,1.554,1
12-Jun-2013,0.9418,1.3277,58.274,96.4,3.6725,1.5661,1
13-Jun-2013,0.9463,1.3315,58.414,94.75,3.6725,1.5671,1
14-Jun-2013,0.9581,1.3303,57.741,94.65,3.6725,1.5645,1
17-Jun-2013,0.9625,1.3337,57.731,94.65,3.6725,1.5708,1
18-Jun-2013,0.9514,1.3374,58.4515,94.81,3.6725,1.5619,1
19-Jun-2013,0.9485,1.3406,58.7445,95.5,3.6725,1.5639,1
20-Jun-2013,0.924,1.32,59.7,97.03,3.6725,1.5453,1
21-Jun-2013,0.9233,1.318,59.3505,97.2,3.6725,1.548,1
24-Jun-2013,0.9202,1.3086,59.734,98.4,3.6725,1.5354,1
25-Jun-2013,0.9252,1.3134,,97.75,3.6725,1.5448,1
26-Jun-2013,0.9269,1.3024,59.8538,98.14,3.6725,1.5358,1
27-Jun-2013,0.9318,1.3032,60.588,97.75,3.6725,1.5284,1
28-Jun-2013,0.9275,1.308,59.6995,98.87,3.6725,1.5231,1
1-Jul-2013,0.9194,1.3037,,99.4,3.6725,1.5223,1
2-Jul-2013,0.9172,1.3017,59.4145,99.6,3.6725,1.5194,1
3-Jul-2013,0.9083,1.2959,60.1005,100.7,3.6725,1.5254,1
8-Jul-2013,0.9051,1.285,61.0455,101.35,3.6725,1.4906,1
9-Jul-2013,0.9137,1.2857,60.0745,101.05,3.6725,1.4856,1
10-Jul-2013,0.9189,1.2813,60.133,101.15,3.6725,1.4899,1
11-Jul-2013,0.9295,1.3044,59.642,98.65,3.6725,1.5112,1
12-Jul-2013,0.917,1.3034,59.896,99.03,3.6725,1.5109,1
15-Jul-2013,0.9107,1.3012,60.051,,3.6725,1.5054,1
16-Jul-2013,0.9194,1.3118,59.3925,99.95,3.6725,1.5104,1
17-Jul-2013,0.9215,1.3136,59.3623,99.35,3.6725,1.5222,1
18-Jul-2013,0.9179,1.3093,59.712,99.7,3.6725,1.5219,1
19-Jul-2013,0.9181,1.3123,59.795,100.85,3.6725,1.5253,1
22-Jul-2013,0.9223,1.3166,59.408,99.95,3.6725,1.5333,1
23-Jul-2013,0.9258,1.318,59.6875,99.5,3.6725,1.5348,1
24-Jul-2013,0.9253,1.3246,,99.52,3.6725,1.5351,1
25-Jul-2013,0.9164,1.3202,58.9415,100.29,3.6725,1.5282,1
26-Jul-2013,0.9271,1.326,58.9133,99.3,3.6725,1.5405,1
29-Jul-2013,0.9257,1.327,59.297,97.8,3.6725,1.539,1
30-Jul-2013,0.9072,1.3284,59.828,98.12,3.6725,1.5313,1
31-Jul-2013,0.9037,1.3275,61.115,98.06,3.6725,1.5196,1
1-Aug-2013,0.8969,1.3236,60.7423,98.35,3.6725,1.5165,1
2-Aug-2013,0.8909,1.3203,60.8035,99.52,3.6725,1.5146,1
5-Aug-2013,,1.3257,60.822,99.08,3.6725,1.5348,1
6-Aug-2013,0.8977,1.328,61.5355,98,3.6725,1.5358,1
7-Aug-2013,0.8957,1.3305,61.394,97.35,3.6725,1.5448,1
8-Aug-2013,0.908,1.336,61.115,96.72,3.6725,1.5511,1
9-Aug-2013,0.9118,1.3373,,96.6,3.6725,1.5532,1
12-Aug-2013,0.9203,1.328,60.8025,96.22,3.6725,1.548,1
13-Aug-2013,0.9127,1.329,61.4343,97.43,3.6725,1.5453,1
14-Aug-2013,0.9099,1.3243,61.516,98.22,3.6725,1.5483,1
15-Aug-2013,0.9166,1.3297,,97.95,3.6725,1.5578,1
16-Aug-2013,0.9147,1.334,61.8195,97.55,3.6725,1.5642,1
19-Aug-2013,0.9216,1.3344,62.3461,97.62,3.6725,1.565,1
20-Aug-2013,0.906,1.3392,63.7335,97.7,3.6725,1.5661,1
21-Aug-2013,0.9037,1.3384,63.4605,97.48,3.6725,1.5665,1
22-Aug-2013,0.8991,1.3323,65.4207,98.2,3.6725,1.5574,1
23-Aug-2013,0.9009,1.3355,64.688,98.98,3.6725,1.5603,1
26-Aug-2013,0.904,1.3361,64.2347,98.7,3.6725,,1
27-Aug-2013,0.8959,1.3338,65.6675,98.15,3.6725,1.5516,1
28-Aug-2013,0.8924,1.3347,68.3611,97.14,3.6725,1.5463,1
29-Aug-2013,0.8973,1.3266,67.706,97.85,3.6725,1.5507,1
30-Aug-2013,0.8947,1.3235,66.5742,98.33,3.6725,1.5501,1
3-Sep-2013,0.9033,1.3172,66.8875,99.66,3.6725,1.5575,1
4-Sep-2013,0.9097,1.3171,67.0289,99.58,3.6725,1.5612,1
5-Sep-2013,0.9161,1.3202,66.043,99.7,3.6725,1.5615,1
6-Sep-2013,0.9131,1.3117,65.96,99.8,3.6725,1.5565,1
9-Sep-2013,0.9191,1.3194,,99.67,3.6725,1.5673,1
10-Sep-2013,0.9275,1.324,64.2162,99.7,3.6725,1.5702,1
11-Sep-2013,0.9289,1.3268,63.9035,100.43,3.6725,1.5771,1
12-Sep-2013,0.9249,1.329,63.6673,99.5,3.6725,1.5811,1
13-Sep-2013,0.9235,1.3295,63.789,99.7,3.6725,1.5812,1
16-Sep-2013,0.9324,1.3357,62.484,,3.6725,1.5924,1
17-Sep-2013,0.9313,1.3356,63.377,99.22,3.6725,1.5903,1
18-Sep-2013,0.935,1.3352,63.144,99.23,3.6725,1.5966,1
19-Sep-2013,0.9496,1.3545,61.748,98.28,3.6725,1.6081,1
20-Sep-2013,0.9454,1.3514,62.243,99.52,3.6725,1.6024,1
23-Sep-2013,0.9432,1.3508,62.52,,3.6725,1.6052,1
24-Sep-2013,0.9411,1.3473,62.6585,98.75,3.6725,1.5982,1
25-Sep-2013,0.9381,1.3504,62.6981,98.65,3.6725,1.604,1
26-Sep-2013,0.9376,1.3499,62.226,98.95,3.6725,1.6057,1
27-Sep-2013,0.9359,1.3537,61.811,98.93,3.6725,1.6088,1
30-Sep-2013,0.9309,1.3505,62.777,97.75,3.6725,1.6153,1
1-Oct-2013,0.9396,1.3554,62.3555,98.37,3.6725,1.623,1
2-Oct-2013,0.9369,1.3515,,98.05,3.6725,1.6202,1
3-Oct-2013,0.9391,1.3594,61.9348,97.65,3.6725,1.6215,1
4-Oct-2013,0.9443,1.3593,61.405,97.25,3.6725,1.6048,1
7-Oct-2013,,1.3572,61.776,97.12,3.6725,1.607,1
8-Oct-2013,0.9434,1.3576,61.6885,96.75,3.6725,1.6082,1
9-Oct-2013,0.9434,1.3515,61.917,97.36,3.6725,1.5972,1
10-Oct-2013,0.9397,1.3532,62.1383,97.67,3.6725,1.5938,1
11-Oct-2013,0.947,1.3566,61.157,98.29,3.6725,1.5977,1
15-Oct-2013,0.9533,1.3493,61.6929,98.48,3.6725,1.5923,1
16-Oct-2013,0.9525,1.3561,,98.55,3.6725,1.6032,1
17-Oct-2013,0.9542,1.3662,61.581,98.8,3.6725,1.606,1
18-Oct-2013,0.9617,1.3684,61.276,98.1,3.6725,1.6212,1
21-Oct-2013,0.9672,1.3667,61.4885,98.05,3.6725,1.6167,1
22-Oct-2013,0.9649,1.3674,61.78,98.32,3.6725,1.6133,1
23-Oct-2013,0.9655,1.3752,61.534,97.4,3.6725,1.613,1
24-Oct-2013,0.9651,1.3805,61.4105,97.46,3.6725,1.6182,1
25-Oct-2013,0.9615,1.3777,61.625,97.26,3.6725,1.6199,1
28-Oct-2013,0.9609,1.3784,61.503,97.56,3.6725,1.6188,1
29-Oct-2013,0.9515,1.3768,61.463,97.56,3.6725,1.6069,1
30-Oct-2013,0.9482,1.3755,61.4871,98.2,3.6725,1.6064,1
31-Oct-2013,0.949,1.3641,61.41,98.48,3.6725,1.6037,1
1-Nov-2013,0.9481,1.3505,,97.95,3.6725,1.5955,1
4-Nov-2013,0.9481,1.3506,,,3.6725,1.5972,1
5-Nov-2013,0.9467,1.3494,61.788,98.48,3.6725,1.6048,1
6-Nov-2013,0.9518,1.3517,61.9225,98.54,3.6725,1.6087,1
7-Nov-2013,0.9477,1.3365,62.574,98.65,3.6725,1.6081,1
8-Nov-2013,0.9465,1.3431,62.7315,98.2,3.6725,1.6075,1
11-Nov-2013,0.9382,1.3394,63.2955,98.97,3.6725,1.5993,1
12-Nov-2013,0.9336,1.3432,63.593,99.48,3.6725,1.5877,1
13-Nov-2013,0.9306,1.3415,63.6545,99.55,3.6725,1.5965,1
14-Nov-2013,0.9347,1.3436,63.0645,99.68,3.6725,1.6019,1
15-Nov-2013,0.9344,1.346,,100.25,3.6725,1.6077,1
18-Nov-2013,0.9398,1.3517,62.625,100.26,3.6725,1.6099,1
19-Nov-2013,0.9386,1.3502,62.2311,99.85,3.6725,1.6075,1
20-Nov-2013,0.9406,1.3527,62.558,100.1,3.6725,1.6141,1
21-Nov-2013,0.9296,1.3472,62.8895,100.45,3.6725,1.6129,1
22-Nov-2013,0.9177,1.3518,63.0236,101.23,3.6725,1.6196,1
25-Nov-2013,0.9144,1.3514,62.577,101.68,3.6725,1.6205,1
26-Nov-2013,0.9195,1.3547,62.447,101.5,3.6725,1.6183,1
27-Nov-2013,0.9123,1.3596,62.3625,101.37,3.6725,1.6319,1
2-Dec-2013,0.9151,1.3536,62.226,102.45,3.6725,1.6381,1
3-Dec-2013,0.9068,1.3578,62.3443,103.08,3.6725,1.6429,1
4-Dec-2013,0.9067,1.3592,62.333,102.58,3.6725,1.6363,1
5-Dec-2013,0.9041,1.3594,61.6895,102.43,3.6725,1.6345,1
6-Dec-2013,0.9058,1.3661,61.6673,101.85,3.6725,1.6358,1
9-Dec-2013,0.9105,1.3722,61.1785,103.08,3.6725,1.638,1
10-Dec-2013,,1.375,,103.28,,1.6439,1
11-Dec-2013,0.9134,1.3767,61.3313,102.9,3.6725,1.6378,1
12-Dec-2013,0.9025,1.3775,61.62,102.66,3.6725,1.6402,1
13-Dec-2013,0.8934,1.3727,62.1266,103.6,3.6725,1.6273,1
16-Dec-2013,0.8954,1.3776,62.1024,103.17,3.6725,1.6323,1
17-Dec-2013,0.8941,1.3749,61.958,103.05,3.6725,1.626,1
18-Dec-2013,0.8904,1.3749,61.9176,103,,1.6354,1
19-Dec-2013,0.8836,1.3667,62.38,104.12,3.6725,1.6372,1
20-Dec-2013,0.8871,1.3655,62.242,104.47,3.6725,1.6338,1
23-Dec-2013,0.8945,1.3702,61.9915,,3.6725,1.6357,1
24-Dec-2013,0.892,1.3684,61.8668,104.2,3.6725,1.636,1
26-Dec-2013,,,61.9755,104.7,3.6725,,1
27-Dec-2013,0.8906,1.3814,62.0595,104.9,3.6725,1.6539,1
30-Dec-2013,0.8865,1.3783,62.0028,105.3,3.6725,1.6468,1
2-Jan-2014,0.8912,1.3658,61.902,,3.6725,1.6527,1
3-Jan-2014,0.8982,1.3634,62.4075,,3.6725,1.6463,1
6-Jan-2014,0.8949,1.3602,62.3265,104.69,3.6725,1.6378,1
7-Jan-2014,0.892,1.3641,62.379,104.46,3.6725,1.6409,1
8-Jan-2014,0.8931,1.3594,62.243,104.9,3.6725,1.6423,1
9-Jan-2014,0.8882,1.3612,62.181,104.85,3.6725,1.6453,1
10-Jan-2014,0.8905,1.3587,61.936,104.93,3.6725,1.6423,1
13-Jan-2014,0.9036,1.3654,61.52,,3.6725,1.6448,1
14-Jan-2014,0.9035,1.3667,,103.3,3.6725,1.6426,1
15-Jan-2014,0.8913,1.3606,61.5885,104.13,3.6725,1.6422,1
16-Jan-2014,0.8814,1.3597,61.5325,104.74,3.6725,1.6335,1
17-Jan-2014,0.8821,1.3584,61.3518,104.37,3.6725,1.6443,1
21-Jan-2014,,1.3526,,104.45,,1.6417,1
22-Jan-2014,0.8866,1.3566,61.92,104.23,3.6725,1.6549,1
23-Jan-2014,0.8798,1.3639,61.988,104.64,3.6725,1.6596,1
24-Jan-2014,0.8716,1.3687,62.177,103.47,3.6725,1.6612,1
27-Jan-2014,,1.3658,62.7145,102.45,3.6725,1.6562,1
28-Jan-2014,0.8787,1.3649,62.9898,102.7,3.6725,1.6564,1
29-Jan-2014,0.8806,1.3608,62.2005,103.25,3.6725,1.6558,1
30-Jan-2014,0.8726,1.3574,62.7335,102.45,3.6725,1.6488,1
31-Jan-2014,0.8763,1.3516,62.4768,102.82,3.6725,1.646,1
3-Feb-2014,0.8755,1.3498,62.6891,102.26,3.6725,1.6333,1
4-Feb-2014,0.888,1.3519,62.6815,101.25,3.6725,1.632,1
5-Feb-2014,0.8892,1.3543,62.4525,101.57,3.6725,1.6274,1
6-Feb-2014,0.8964,1.3495,62.5045,101.58,3.6725,1.631,1
7-Feb-2014,0.894,1.3574,62.3155,102.02,3.6725,1.6335,1
10-Feb-2014,0.8933,1.3638,62.193,102.48,3.6725,1.6391,1
11-Feb-2014,0.9009,1.3676,62.439,,3.6725,1.6434,1
12-Feb-2014,0.905,1.3573,62.125,102.52,3.6725,1.6526,1
13-Feb-2014,0.8934,1.3675,62.2725,102.49,3.6725,1.663,1
14-Feb-2014,0.8996,1.3707,62.277,102.25,3.6725,1.6708,1
18-Feb-2014,0.9057,1.3731,62.122,102.17,3.6725,1.6683,1
19-Feb-2014,0.9017,1.3745,,102.23,3.6725,1.6664,1
20-Feb-2014,0.8954,1.3706,62.2843,102,3.6725,1.6655,1
21-Feb-2014,0.8992,1.3707,62.1618,102.52,3.6725,1.6666,1
24-Feb-2014,0.8968,1.3735,62.1185,102.58,3.6725,1.6639,1
25-Feb-2014,0.9034,1.3754,61.9765,102.54,3.6725,1.6688,1
26-Feb-2014,0.9011,1.3726,61.938,102.18,3.6725,1.6691,1
27-Feb-2014,0.894,1.3656,,102.37,3.6725,1.6641,1
28-Feb-2014,0.8947,1.3813,62.072,101.8,3.6725,1.6688,1
3-Mar-2014,,1.3768,,101.3,,1.6716,1
4-Mar-2014,0.893,1.3768,61.9045,101.54,3.6725,1.6691,1
5-Mar-2014,0.896,1.3732,61.855,102.23,3.6725,1.6703,1
6-Mar-2014,0.9012,1.3745,61.3242,102.65,3.6725,1.6728,1
7-Mar-2014,0.9088,1.3894,60.985,103,3.6725,1.6765,1
10-Mar-2014,0.9037,1.3881,61.1965,103.2,3.6725,1.6634,1
11-Mar-2014,0.9029,1.385,60.6995,103.3,3.6725,1.661,1
12-Mar-2014,0.8964,1.3887,61.09,102.9,3.6725,1.6592,1
13-Mar-2014,0.9072,1.3942,61.0155,102.76,3.6725,1.6714,1
14-Mar-2014,0.901,1.3884,61.517,101.82,3.6725,1.659,1
17-Mar-2014,,1.3906,,101.42,,1.661,1
18-Mar-2014,0.9083,1.3902,60.9453,101.82,3.6725,1.6622,1
19-Mar-2014,0.9119,1.3913,61.097,101.42,3.6725,1.6653,1
20-Mar-2014,0.902,1.3762,61.131,102.3,3.6725,1.6516,1
21-Mar-2014,0.9061,1.378,61.0465,,3.6725,1.6505,1
24-Mar-2014,0.9081,1.3774,60.703,102.34,3.6725,1.6491,1
25-Mar-2014,0.9136,1.3789,60.4935,102.2,3.6725,1.6502,1
26-Mar-2014,0.9195,1.3791,60.1725,102.35,3.6725,1.6546,1
27-Mar-2014,0.9239,1.3758,60.1295,101.9,3.6725,1.6637,1
28-Mar-2014,0.927,1.3759,60.0998,102.15,3.6725,1.6627,1
31-Mar-2014,0.9221,1.3788,,102.85,3.6725,1.6643,1
1-Apr-2014,0.9263,1.379,,103.27,3.6725,1.6643,1
2-Apr-2014,0.9239,1.3795,59.6463,103.85,3.6725,1.6641,1
3-Apr-2014,0.9219,1.3771,60.1245,103.83,3.6725,1.6591,1
4-Apr-2014,0.9234,1.37,60.321,103.9,3.6725,1.6586,1
7-Apr-2014,0.9279,1.3723,59.9483,103.2,3.6725,1.6582,1
8-Apr-2014,0.9292,1.3774,,102.86,3.6725,1.6714,1
9-Apr-2014,0.9367,1.3794,60.074,101.95,3.6725,1.6741,1
10-Apr-2014,0.9414,1.3867,60.2115,102.07,3.6725,1.6788,1
11-Apr-2014,0.9375,1.3872,60.267,101.53,3.6725,1.6742,1
14-Apr-2014,0.9392,1.3827,,101.45,3.6725,1.6719,1
15-Apr-2014,0.9392,1.3803,60.262,101.86,3.6725,1.6719,1
16-Apr-2014,0.9378,1.384,60.2263,102.1,3.6725,1.6789,1
17-Apr-2014,0.9365,1.3855,60.3805,102.03,3.6725,1.6814,1
18-Apr-2014,,,,102.53,3.6725,,1
21-Apr-2014,,,60.335,102.6,,,1
22-Apr-2014,0.9356,1.3817,60.7147,102.66,3.6725,1.6822,1
23-Apr-2014,0.9284,1.3834,61.0683,102.63,3.6725,1.6803,1
24-Apr-2014,0.9294,1.382,,102.47,3.6725,1.679,1
25-Apr-2014,,1.3831,61.1163,102.37,3.6725,1.6817,1
28-Apr-2014,0.929,1.3861,60.5041,102.1,3.6725,1.684,1
29-Apr-2014,0.9242,1.3826,60.5253,,3.6725,1.6804,1
30-Apr-2014,0.9287,1.385,60.3375,102.58,3.6725,1.6821,1
1-May-2014,0.9295,,,102.28,3.6725,1.6902,1
2-May-2014,0.9277,1.3862,60.225,102.34,3.6725,1.6861,1
5-May-2014,0.9269,1.3874,60.0475,,3.6725,1.6869,1
6-May-2014,0.9286,1.3945,60.202,,3.6725,1.6966,1
7-May-2014,0.9344,1.3927,60.0399,101.6,3.6725,1.6965,1
8-May-2014,0.9373,1.3953,59.9913,101.83,3.6725,1.6968,1
9-May-2014,0.9362,1.3781,60.054,101.67,3.6725,1.6896,1
12-May-2014,0.9363,1.3765,59.729,102,3.6725,1.6889,1
13-May-2014,0.9344,1.3703,59.8773,102.21,3.6725,1.6832,1
14-May-2014,0.9401,1.3719,,102.15,3.6725,1.6773,1
15-May-2014,0.9376,1.3659,59.4745,101.8,3.6725,1.6754,1
16-May-2014,0.9354,1.3696,58.861,101.55,3.6725,1.6797,1
19-May-2014,0.9351,1.3715,58.426,101.55,3.6725,1.6818,1
20-May-2014,0.9288,1.3702,58.7455,101.45,3.6725,1.6827,1
21-May-2014,0.9235,1.3676,58.7725,100.95,3.6725,1.689,1
22-May-2014,0.9264,1.3668,58.574,101.42,3.6725,1.6865,1
23-May-2014,0.9241,1.363,58.483,101.83,3.6725,1.6839,1
27-May-2014,0.9271,1.3638,59.0585,101.92,3.6725,1.6822,1
28-May-2014,0.9268,1.3608,59.077,101.95,3.6725,1.6755,1
29-May-2014,0.9283,1.3612,58.8415,101.72,3.6725,1.6725,1
30-May-2014,0.9319,1.3607,59.0335,101.64,3.6725,1.673,1
2-Jun-2014,0.926,1.3611,59.1385,101.96,3.6725,1.6754,1
3-Jun-2014,0.927,1.3645,59.2125,102.38,3.6725,1.6744,1
4-Jun-2014,0.9274,1.3627,59.336,102.65,3.6725,1.6742,1
5-Jun-2014,0.9278,1.3567,59.2973,102.56,3.6725,1.6765,1
6-Jun-2014,0.9332,1.3642,59.197,102.34,3.6725,1.6813,1
9-Jun-2014,,1.3608,59.0605,102.52,3.6725,1.6809,1
10-Jun-2014,0.9368,1.3547,59.2647,102.37,3.6725,1.6779,1
11-Jun-2014,0.9385,1.3547,59.325,102.35,3.6725,1.678,1
12-Jun-2014,0.9391,1.3528,59.3283,102.02,3.6725,1.6825,1
13-Jun-2014,0.9418,1.3534,59.4783,101.8,3.6725,1.695,1
16-Jun-2014,0.9412,1.3532,60.0059,101.95,3.6725,1.6968,1
17-Jun-2014,0.9352,1.3568,60.368,101.93,3.6725,1.6985,1
18-Jun-2014,0.9337,1.3563,60.124,102.16,3.6725,1.6945,1
19-Jun-2014,0.9401,1.362,60.0031,101.88,3.6725,1.7019,1
20-Jun-2014,0.9405,1.3588,60.2785,101.85,3.6725,1.7043,1
23-Jun-2014,0.9439,1.3596,60.1927,102.08,3.6725,1.7025,1
24-Jun-2014,0.9422,1.3618,60.105,101.84,3.6725,1.6993,1
25-Jun-2014,0.9358,1.3615,60.2785,101.89,3.6725,1.6971,1
26-Jun-2014,0.9406,1.3606,60.1618,101.76,3.6725,1.7028,1
27-Jun-2014,0.9437,1.362,60.0958,101.51,3.6725,1.7025,1
30-Jun-2014,0.942,1.3658,60.0933,101.3,3.6725,1.7035,1
1-Jul-2014,0.9454,1.3688,60.137,101.43,3.6725,1.7136,1
2-Jul-2014,0.9458,1.3656,59.9745,101.62,3.6725,1.7161,1
3-Jul-2014,0.938,1.3646,59.7225,101.85,3.6725,1.7137,1
7-Jul-2014,0.9356,1.3592,59.9455,102.19,3.6725,1.712,1
8-Jul-2014,0.9385,1.3589,59.7968,101.75,3.6725,1.7119,1
9-Jul-2014,0.9397,1.3603,59.726,101.54,3.6725,1.7111,1
10-Jul-2014,0.9397,1.3604,59.875,101.54,3.6725,1.7112,1
11-Jul-2014,0.9391,1.3595,60.1855,101.36,3.6725,1.7135,1
14-Jul-2014,0.94,1.3627,60.005,101.37,3.6725,1.711,1
15-Jul-2014,0.9387,1.3613,,101.6,3.6725,1.7152,1
16-Jul-2014,0.9337,1.3532,60.1903,101.73,3.6725,1.7131,1
17-Jul-2014,0.9377,1.3525,60.1401,101.65,3.6725,1.711,1
18-Jul-2014,0.9366,1.3525,60.33,101.25,3.6725,1.7096,1
21-Jul-2014,0.939,1.3518,60.1853,,3.6725,1.7078,1
22-Jul-2014,0.9389,1.3481,60.236,101.48,3.6725,1.7068,1
23-Jul-2014,0.9434,1.3465,60.183,101.42,3.6725,1.7049,1
24-Jul-2014,0.9448,1.3472,60.002,101.54,3.6725,1.7013,1
25-Jul-2014,0.9414,1.344,60.1448,101.77,3.6725,1.6986,1
28-Jul-2014,0.939,1.3433,60.1013,101.78,3.6725,1.6986,1
29-Jul-2014,0.9395,1.3429,,101.98,3.6725,1.6955,1
30-Jul-2014,0.9382,1.3401,60.1485,102.1,3.6725,1.6935,1
31-Jul-2014,0.9324,1.3379,60.246,102.78,3.6725,1.6883,1
1-Aug-2014,0.9294,1.3395,60.851,102.9,3.6725,1.6836,1
4-Aug-2014,,1.3422,61.0187,102.66,3.6725,1.6818,1
5-Aug-2014,0.9342,1.3382,60.869,102.59,3.6725,1.6871,1
6-Aug-2014,0.9306,1.3345,61.336,102.6,3.6725,1.683,1
7-Aug-2014,0.9268,1.3368,61.4123,102.16,3.6725,1.6864,1
8-Aug-2014,0.9246,1.3388,61.5575,102.09,3.6725,1.6805,1
11-Aug-2014,0.928,1.3386,61.1165,102.13,3.6725,1.6782,1
12-Aug-2014,0.9256,1.3346,61.1847,102.3,3.6725,1.6779,1
13-Aug-2014,0.9298,1.336,61.2458,102.29,3.6725,1.6715,1
14-Aug-2014,0.9297,1.3373,61.0583,102.6,3.6725,1.6683,1
15-Aug-2014,0.9332,1.3388,,102.5,3.6725,1.6691,1
18-Aug-2014,0.9326,1.3383,,102.32,3.6725,1.6725,1
19-Aug-2014,0.9338,1.3354,60.726,102.62,3.6725,1.6647,1
20-Aug-2014,0.928,1.3284,60.669,102.95,3.6725,1.664,1
21-Aug-2014,0.9254,1.3262,60.767,103.87,3.6725,1.6588,1
22-Aug-2014,0.9326,1.3267,60.436,103.95,3.6725,1.6573,1
25-Aug-2014,0.9321,1.32,60.427,104.18,3.6725,1.6583,1
26-Aug-2014,0.9293,1.3192,60.496,103.89,3.6725,1.6572,1
27-Aug-2014,0.9319,1.3177,60.4678,104.04,3.6725,1.6579,1
28-Aug-2014,0.9353,1.3178,60.4745,103.75,3.6725,1.658,1
29-Aug-2014,0.9349,1.3188,,103.71,3.6725,1.6592,1
2-Sep-2014,0.9293,1.3115,60.61,104.39,3.6725,1.6536,1
3-Sep-2014,0.929,1.3151,60.5445,105.2,3.6725,1.6465,1
4-Sep-2014,0.934,1.3015,60.454,104.92,3.6725,1.6451,1
5-Sep-2014,0.9341,1.2948,60.4385,105.56,3.6725,1.6312,1
8-Sep-2014,0.9365,1.2947,60.2628,105.11,3.6725,1.6121,1
9-Sep-2014,0.9266,1.2902,60.4277,106.06,3.6725,1.613,1
10-Sep-2014,0.9158,1.2929,60.8256,106.49,3.6725,1.6126,1
11-Sep-2014,0.9176,1.2928,60.9155,106.77,3.6725,1.6241,1
12-Sep-2014,0.906,1.2931,60.84,107.23,3.6725,1.624,1
15-Sep-2014,0.8996,1.2911,60.9945,,3.6725,1.6246,1
16-Sep-2014,0.9007,1.2949,61.1015,107.16,3.6725,1.6192,1
17-Sep-2014,0.9069,1.2956,60.954,107.25,3.6725,1.6307,1
18-Sep-2014,0.8968,1.2872,61.0558,108.55,3.6725,1.6335,1
19-Sep-2014,0.8966,1.2852,60.8055,108.85,3.6725,1.6387,1
22-Sep-2014,0.891,1.2845,60.7875,108.97,3.6725,1.6326,1
23-Sep-2014,0.8916,1.2892,60.8708,,3.6725,1.6385,1
24-Sep-2014,0.8876,1.2826,61.0293,108.65,3.6725,1.6407,1
25-Sep-2014,0.882,1.2712,61.0245,109.25,3.6725,1.6303,1
26-Sep-2014,0.8757,1.2732,61.572,108.53,3.6725,1.6318,1
29-Sep-2014,,1.2701,61.4273,109.33,3.6725,1.6231,1
30-Sep-2014,0.8752,1.2583,61.6135,109.37,3.6725,1.618,1
1-Oct-2014,0.8693,1.2603,61.7511,109.9,3.6725,1.619,1
2-Oct-2014,0.8813,1.2631,,109.07,3.6725,1.6148,1
3-Oct-2014,0.879,1.2616,,108.75,3.6725,1.607,1
6-Oct-2014,,1.2565,,109.68,3.6725,1.5984,1
7-Oct-2014,0.876,1.2607,61.3595,108.94,3.6725,1.6063,1
8-Oct-2014,0.8769,1.2645,61.4648,108.25,3.6725,1.6077,1
9-Oct-2014,0.8883,1.2763,61.0368,108.28,3.6725,1.6214,1
10-Oct-2014,0.8772,1.2638,61.1624,107.82,3.6725,1.6057,1
14-Oct-2014,0.8796,1.2646,61.1078,107.2,3.6725,1.595,1
15-Oct-2014,0.8721,1.2666,,107.28,3.6725,1.5919,1
16-Oct-2014,0.8788,1.2749,61.4795,106,3.6725,1.5985,1
17-Oct-2014,0.875,1.2823,61.6165,106.37,3.6725,1.6104,1
20-Oct-2014,0.8774,1.2773,61.2873,107.12,3.6725,1.6123,1
21-Oct-2014,0.8819,1.2762,61.2967,106.83,3.6725,1.6147,1
22-Oct-2014,0.8791,1.2693,61.2355,107.03,3.6725,1.6053,1
23-Oct-2014,0.8763,1.2669,,107.18,3.6725,1.6007,1
24-Oct-2014,0.8758,1.2659,,108,3.6725,1.604,1
27-Oct-2014,0.8817,1.2679,61.229,108,3.6725,1.6095,1
28-Oct-2014,0.8817,1.2748,61.3524,107.95,3.6725,1.6114,1
29-Oct-2014,0.8868,1.2737,61.3175,108.13,3.6725,1.6116,1
30-Oct-2014,0.8768,1.2598,61.4636,109,3.6725,1.5986,1
31-Oct-2014,0.8805,1.2524,61.408,110.57,3.6725,1.6004,1
3-Nov-2014,0.8736,1.2493,61.4118,,3.6725,1.6001,1
4-Nov-2014,0.8721,1.2514,,113.6,3.6725,1.5999,1
5-Nov-2014,0.8733,1.248,61.387,113.7,3.6725,1.589,1
6-Nov-2014,0.8608,1.2517,,114.69,3.6725,1.5955,1
7-Nov-2014,0.8544,1.2393,61.5205,115.15,3.6725,1.583,1
10-Nov-2014,0.8671,1.2486,61.4513,114.17,3.6725,1.59,1
11-Nov-2014,0.8622,1.2424,61.55,114.76,3.6725,1.5866,1
12-Nov-2014,0.8675,1.2467,61.4785,115.8,3.6725,1.5841,1
13-Nov-2014,0.8701,1.2456,61.556,115.55,3.6725,1.5753,1
14-Nov-2014,0.8691,1.2436,61.6475,116.13,3.6725,1.5655,1
17-Nov-2014,0.8788,1.2496,61.678,116.99,3.6725,1.5642,1
18-Nov-2014,0.8721,1.2514,61.808,116.6,3.6725,1.5668,1
19-Nov-2014,0.8665,1.2535,61.828,117.1,3.6725,1.5684,1
20-Nov-2014,0.8593,1.2539,62.1044,118.2,3.6725,1.5688,1
21-Nov-2014,0.8633,1.2422,61.8505,118.09,3.6725,1.5664,1
24-Nov-2014,0.8687,1.241,61.7798,,3.6725,1.5689,1
25-Nov-2014,0.8593,1.2424,61.9195,117.9,3.6725,1.567,1
26-Nov-2014,0.8535,1.2475,61.8658,117.84,3.6725,1.5745,1
1-Dec-2014,0.8453,1.2469,62.1377,118.89,3.6725,1.5708,1
2-Dec-2014,0.8504,1.2424,61.9255,118.45,3.6725,1.5681,1
3-Dec-2014,0.8407,1.2331,61.8866,119.34,3.6725,1.5658,1
4-Dec-2014,0.8398,1.2311,61.8771,119.9,3.6725,1.5679,1
5-Dec-2014,0.8371,1.2362,61.8535,119.84,3.6725,1.5678,1
8-Dec-2014,0.8277,1.2258,61.9253,121.52,3.6725,1.562,1
9-Dec-2014,0.8241,1.2369,61.875,120.97,3.6725,1.5631,1
10-Dec-2014,0.8321,1.2392,61.95,119.5,3.6725,1.5694,1
11-Dec-2014,0.8323,1.2428,62.2059,117.63,3.6725,1.5685,1
12-Dec-2014,0.8274,1.245,62.4422,118.88,3.6725,1.5718,1
15-Dec-2014,0.8236,1.2426,62.6529,118.58,3.6725,1.5666,1
16-Dec-2014,0.8223,1.2537,63.4135,117.75,3.6725,1.5737,1
17-Dec-2014,0.8158,1.2448,63.5813,116.91,3.6725,1.5731,1
18-Dec-2014,0.814,1.2285,63.3161,118.8,3.6725,1.5654,1
19-Dec-2014,0.8185,1.2279,63.067,118.98,3.6725,1.5622,1
22-Dec-2014,0.8161,1.2259,63.1757,119.45,3.6725,1.5613,1
23-Dec-2014,0.8118,1.2213,63.4475,,3.6725,1.5558,1
24-Dec-2014,0.8112,1.2219,63.4614,120.59,3.6725,1.5543,1
29-Dec-2014,0.8137,1.2197,63.6539,120.32,3.6725,1.5546,1
30-Dec-2014,0.813,1.216,63.7498,120.64,3.6725,1.5535,1
31-Dec-2014,0.8202,1.2141,63.3315,,3.6725,1.5608,1
5-Jan-2015,0.8061,1.1915,63.3888,120.29,3.6725,1.5254,1
6-Jan-2015,0.8126,1.1914,63.385,119.3,3.6725,1.5193,1
7-Jan-2015,0.8074,1.1831,63.4495,118.95,3.6725,1.5121,1
8-Jan-2015,0.8108,1.1768,62.967,119.43,3.6725,1.5062,1
9-Jan-2015,0.8138,1.1813,62.3953,119.85,3.6725,1.515,1
12-Jan-2015,0.8244,1.1804,62.1605,,3.6725,1.514,1
13-Jan-2015,0.8172,1.1782,62.1021,117.95,3.6725,1.5142,1
14-Jan-2015,0.8099,1.1775,62.153,117.5,3.6725,1.5192,1
15-Jan-2015,0.8204,1.1708,61.7588,117.7,3.6725,1.5235,1
16-Jan-2015,0.8238,1.1588,61.8933,116.41,3.6725,1.5203,1
20-Jan-2015,0.8175,1.1579,61.8475,117.88,3.6725,1.5143,1
21-Jan-2015,0.8212,1.1593,61.614,117.8,3.6725,1.5116,1
22-Jan-2015,0.8071,1.1618,61.691,118.12,3.6725,1.5179,1
23-Jan-2015,0.7987,1.1198,61.4988,118.5,3.6725,1.4972,1
26-Jan-2015,,1.1244,,117.5,3.6725,1.5014,1
27-Jan-2015,0.7941,1.1306,61.464,118.6,3.6725,1.508,1
28-Jan-2015,0.7991,1.1344,61.4105,117.8,3.6725,1.5195,1
29-Jan-2015,0.7869,1.1315,61.4998,117.74,3.6725,1.513,1
30-Jan-2015,0.7781,1.1305,61.7575,118.22,3.6725,1.5082,1
2-Feb-2015,0.7769,1.131,61.884,117.44,3.6725,1.5025,1
3-Feb-2015,0.7659,1.1376,61.7389,117.22,3.6725,1.506,1
4-Feb-2015,0.782,1.1446,61.68,117.82,3.6725,1.5205,1
5-Feb-2015,0.7769,1.141,61.8748,117.29,3.6725,1.5245,1
6-Feb-2015,0.783,1.1447,61.7363,117.48,3.6725,1.5332,1
9-Feb-2015,0.7761,1.1275,62.141,118.9,3.6725,1.5221,1
10-Feb-2015,0.7826,1.1297,61.9634,118.5,3.6725,1.5214,1
11-Feb-2015,0.7769,1.1314,62.1536,,3.6725,1.5292,1
12-Feb-2015,0.7648,1.1328,62.43,120.28,3.6725,1.5338,1
13-Feb-2015,0.7783,1.1381,62.136,118.99,3.6725,1.5386,1
17-Feb-2015,,1.1415,,118.34,,1.539,1
18-Feb-2015,0.7827,1.1372,62.245,119.25,3.6725,1.5422,1
19-Feb-2015,0.7794,1.1387,,118.75,3.6725,1.5456,1
20-Feb-2015,0.781,1.1298,62.255,118.89,3.6725,1.5368,1
23-Feb-2015,0.7834,1.1298,62.1838,119.07,3.6725,1.5361,1
24-Feb-2015,0.7773,1.1328,62.2758,118.91,3.6725,1.5447,1
25-Feb-2015,0.7886,1.1346,62.0468,118.8,3.6725,1.5498,1
26-Feb-2015,0.7857,1.1317,61.9395,118.95,3.6725,1.5515,1
27-Feb-2015,0.7792,1.124,61.7908,119.26,3.6725,1.5429,1
2-Mar-2015,0.7768,1.1227,61.8248,119.86,3.6725,1.5404,1
3-Mar-2015,0.7826,1.1168,61.8387,119.77,3.6725,1.5366,1
4-Mar-2015,0.7812,1.1124,61.8543,119.57,3.6725,1.5341,1
5-Mar-2015,0.782,1.1069,62.2015,119.8,3.6725,1.5244,1
6-Mar-2015,0.7805,1.0963,,120.05,3.6725,1.5176,1
9-Mar-2015,0.7694,1.086,62.616,121.03,3.6725,1.5103,1
10-Mar-2015,0.7646,1.0738,62.6983,121.46,3.6725,1.5043,1
11-Mar-2015,0.7604,1.0578,62.745,121.22,3.6725,1.5053,1
12-Mar-2015,0.7604,1.0613,62.5665,121.62,3.6725,1.4986,1
13-Mar-2015,0.7671,1.0572,62.6733,121.43,3.6725,1.4802,1
16-Mar-2015,0.7642,1.0557,62.8215,121.4,3.6725,1.4786,1
17-Mar-2015,0.7635,1.0635,62.692,121.4,3.6725,1.475,1
18-Mar-2015,0.7621,1.0592,62.672,121.33,3.6725,1.4635,1
19-Mar-2015,0.7732,1.0677,62.4208,120.5,3.6725,1.4895,1
20-Mar-2015,0.7678,1.0776,62.4923,120.72,3.6725,1.4776,1
23-Mar-2015,0.7822,1.0912,62.2879,119.96,3.6725,1.491,1
24-Mar-2015,0.7861,1.095,62.1988,119.76,3.6725,1.4911,1
25-Mar-2015,0.7873,1.0985,62.3419,119.78,3.6725,1.4915,1
26-Mar-2015,0.7817,1.0973,62.6728,119.3,3.6725,1.4929,1
27-Mar-2015,0.7804,1.0856,62.6069,119.2,3.6725,1.4905,1
30-Mar-2015,0.7716,1.0845,62.6305,119.24,3.6725,1.4801,1
31-Mar-2015,0.7634,1.0759,62.5908,120.11,3.6725,1.48,1
1-Apr-2015,0.7639,1.0755,,119.95,3.6725,1.4774,1
2-Apr-2015,0.7592,1.083,,119.66,3.6725,1.4785,1
3-Apr-2015,,,,119.65,3.6725,,1
6-Apr-2015,,,62.158,119.05,,,1
7-Apr-2015,0.7703,1.0847,62.3321,119.56,3.6725,1.4887,1
8-Apr-2015,0.7674,1.0862,62.3295,120.2,3.6725,1.4943,1
9-Apr-2015,0.7688,1.0774,62.256,120.31,3.6725,1.4826,1
10-Apr-2015,0.7688,1.057,62.366,120.5,3.6725,1.4625,1
13-Apr-2015,0.7596,1.0552,62.3885,120.18,3.6725,1.4598,1
14-Apr-2015,0.759,1.0564,,119.82,3.6725,1.4649,1
15-Apr-2015,0.7595,1.0579,62.4026,119.6,3.6725,1.4738,1
16-Apr-2015,0.7743,1.0711,62.3685,118.99,3.6725,1.4907,1
17-Apr-2015,0.7791,1.0814,62.346,119.04,3.6725,1.5028,1
20-Apr-2015,0.7817,1.0723,62.5633,118.9,3.6725,1.4917,1
21-Apr-2015,0.7696,1.07,62.92,119.4,3.6725,1.4879,1
22-Apr-2015,0.7766,1.0743,62.8183,119.7,3.6725,1.5037,1
23-Apr-2015,0.7748,1.0772,63.185,119.98,3.6725,1.5005,1
24-Apr-2015,0.7778,1.0824,63.4006,119.5,3.6725,1.5115,1
27-Apr-2015,0.7827,1.0822,63.6115,118.94,3.6725,1.5133,1
28-Apr-2015,0.7879,1.0927,63.3305,119.1,3.6725,1.5289,1
29-Apr-2015,0.7993,1.1002,63.2025,,3.6725,1.5368,1
30-Apr-2015,0.7981,1.1215,63.578,118.51,3.6725,1.5426,1
1-May-2015,0.7903,,,119.65,3.6725,1.5277,1
4-May-2015,0.7835,1.1152,,,3.6725,,1
5-May-2015,0.7894,1.1117,63.5194,,3.6725,1.5132,1
6-May-2015,0.7957,1.123,63.6425,,3.6725,1.5225,1
7-May-2015,0.7983,1.1305,63.88,119.4,3.6725,1.5219,1
8-May-2015,0.7901,1.1221,64.0493,119.85,3.6725,1.5424,1
11-May-2015,0.7885,1.1142,63.8495,119.75,3.6725,1.548,1
12-May-2015,0.7927,1.1239,64.202,120.2,3.6725,1.5672,1
13-May-2015,0.7967,1.1221,64.1895,119.76,3.6725,1.5682,1
14-May-2015,0.8122,1.1419,63.838,119,3.6725,1.5797,1
15-May-2015,0.8043,1.1328,63.5788,119.38,3.6725,1.5723,1
18-May-2015,0.8015,1.1389,63.5543,119.64,3.6725,1.5684,1
19-May-2015,0.8001,1.118,63.6868,119.95,3.6725,1.552,1
20-May-2015,0.7915,1.1118,63.8655,120.87,3.6725,1.5521,1
21-May-2015,0.7901,1.1133,63.7,121.05,3.6725,1.5688,1
22-May-2015,0.7923,1.1164,63.5728,121.04,3.6725,1.5645,1
26-May-2015,0.783,1.0926,63.845,121.74,3.6725,1.5414,1
27-May-2015,0.7756,1.0863,63.9475,122.99,3.6725,1.5385,1
28-May-2015,0.7705,1.0896,63.901,123.7,3.6725,1.5292,1
29-May-2015,0.7663,1.097,63.7615,123.75,3.6725,1.5248,1
1-Jun-2015,0.765,1.0944,63.6083,124.2,3.6725,1.5206,1
2-Jun-2015,0.7684,1.1029,63.833,125,3.6725,1.5238,1
3-Jun-2015,0.7799,1.1134,63.8515,123.85,3.6725,1.5284,1
4-Jun-2015,0.7725,1.1317,64.1775,124.32,3.6725,1.5433,1
5-Jun-2015,0.7699,1.1218,63.8955,124.48,3.6725,1.53,1
8-Jun-2015,,1.1162,64.11,125.35,3.6725,1.5237,1
9-Jun-2015,0.7692,1.1249,63.936,124.45,3.6725,1.5291,1
10-Jun-2015,0.7734,1.1279,63.8849,124.4,3.6725,1.5463,1
11-Jun-2015,0.7762,1.1232,63.891,122.97,3.6725,1.5467,1
12-Jun-2015,0.7738,1.122,64.0301,123.5,3.6725,1.5504,1
15-Jun-2015,0.7711,1.1218,64.0868,123.48,3.6725,1.5498,1
16-Jun-2015,0.7754,1.1215,64.1505,123.45,3.6725,1.5584,1
17-Jun-2015,0.7721,1.1279,64.1135,123.43,3.6725,1.5743,1
18-Jun-2015,0.7734,1.1404,63.8495,123.25,3.6725,1.5903,1
19-Jun-2015,0.7765,1.1299,63.8195,122.97,3.6725,1.5843,1
22-Jun-2015,0.7794,1.1345,63.5098,123.07,3.6725,1.5818,1
23-Jun-2015,0.7717,1.1204,63.6406,123.62,3.6725,1.5778,1
24-Jun-2015,0.7723,1.1213,63.66,123.88,3.6725,1.5756,1
25-Jun-2015,0.7741,1.1206,63.6121,123.87,3.6725,1.5711,1
26-Jun-2015,0.7718,1.1202,63.6042,123.53,3.6725,1.5741,1
29-Jun-2015,0.7649,1.1133,63.917,122.99,3.6725,1.5693,1
30-Jun-2015,0.768,1.1189,63.7549,122.45,3.6725,1.5718,1
1-Jul-2015,0.7713,1.11,63.6223,122.65,3.6725,1.5659,1
2-Jul-2015,0.7649,1.1066,63.5705,123.37,3.6725,1.5595,1
6-Jul-2015,0.7492,1.1008,63.5785,122.55,3.6725,1.5558,1
7-Jul-2015,0.7489,1.0931,63.3749,122.7,3.6725,1.5459,1
8-Jul-2015,0.7409,1.1024,63.569,122.05,3.6725,1.5362,1
9-Jul-2015,0.7479,1.1054,63.5065,120.78,3.6725,1.5383,1
10-Jul-2015,0.7486,1.1185,63.3793,121.63,3.6725,1.5523,1
13-Jul-2015,0.7449,1.1049,63.4655,122.5,3.6725,1.5559,1
14-Jul-2015,0.7426,1.1031,63.4978,123.69,3.6725,1.5572,1
15-Jul-2015,0.7462,1.1009,63.3847,123.45,3.6725,1.5634,1
16-Jul-2015,0.7358,1.0867,63.4955,123.87,3.6725,1.5614,1
17-Jul-2015,0.7414,1.0889,63.4928,124.2,3.6725,1.5603,1
20-Jul-2015,0.7362,1.0852,63.551,,3.6725,1.5563,1
21-Jul-2015,0.7351,1.0867,63.6506,124.36,3.6725,1.5545,1
22-Jul-2015,0.741,1.0902,63.5283,123.8,3.6725,1.5606,1
23-Jul-2015,0.7374,1.0999,63.7138,124.07,3.6725,1.5593,1
24-Jul-2015,0.7299,1.0939,63.8916,123.99,3.6725,1.5493,1
27-Jul-2015,0.7289,1.1058,64.0028,123.65,3.6725,1.5512,1
28-Jul-2015,0.7306,1.1025,64.027,123.13,3.6725,1.5591,1
29-Jul-2015,0.7321,1.103,63.8943,123.54,3.6725,1.5641,1
30-Jul-2015,0.7315,1.0955,64.0061,124.16,3.6725,1.5618,1
31-Jul-2015,0.7294,1.0967,64.0054,123.97,3.6725,1.5574,1
3-Aug-2015,,1.0951,63.9623,124.07,3.6725,1.56,1
4-Aug-2015,0.737,1.0973,63.9315,124.05,3.6725,1.5596,1
5-Aug-2015,0.7359,1.0883,63.8159,124.3,3.6725,1.5591,1
6-Aug-2015,0.7335,1.0885,63.7603,124.75,3.6725,1.5588,1
7-Aug-2015,0.7367,1.0941,63.8061,124.79,3.6725,1.551,1
10-Aug-2015,0.7397,1.096,63.759,124.4,3.6725,1.5471,1
11-Aug-2015,0.7316,1.1055,64.1732,124.8,3.6725,1.5577,1
12-Aug-2015,0.7268,1.1155,64.827,125.2,3.6725,1.5587,1
13-Aug-2015,0.738,1.1109,64.9212,124.3,3.6725,1.5626,1
14-Aug-2015,0.7375,1.1171,65.1225,124.41,3.6725,1.563,1
17-Aug-2015,0.7375,1.11,65.22,124.4,3.6725,1.563,1
18-Aug-2015,0.7365,1.106,,124.45,3.6725,1.5704,1
19-Aug-2015,0.7331,1.1041,65.2525,124.33,3.6725,1.567,1
20-Aug-2015,0.7346,1.1183,65.2385,123.94,3.6725,1.5649,1
21-Aug-2015,0.7311,1.1281,65.8298,123.3,3.6725,1.5687,1
24-Aug-2015,0.7234,1.1497,66.5093,120.9,3.6725,1.5717,1
25-Aug-2015,0.7185,1.1506,66.709,119.5,3.6725,1.5792,1
26-Aug-2015,0.7139,1.1402,66.161,119.5,3.6725,1.5625,1
27-Aug-2015,0.7114,1.1284,66.0605,120.2,3.6725,1.5453,1
28-Aug-2015,0.7168,1.1268,66.0808,121.12,3.6725,1.5389,1
31-Aug-2015,0.7149,1.1215,66.3062,121.2,3.6725,,1
1-Sep-2015,0.7126,1.1236,66.2603,121,3.6725,1.5353,1
2-Sep-2015,0.7021,1.1255,66.1638,120.27,3.6725,1.5276,1
3-Sep-2015,0.7,1.1229,66.228,120.6,3.6725,1.5281,1
4-Sep-2015,0.6972,1.1138,66.4003,119.94,3.6725,1.5227,1
8-Sep-2015,0.6953,1.1162,66.606,119.41,3.6725,1.5372,1
9-Sep-2015,0.7057,1.1139,66.2945,120.24,3.6725,1.536,1
10-Sep-2015,0.7014,1.1185,66.584,120.2,3.6725,1.5386,1
11-Sep-2015,0.7063,1.1268,66.3866,120.78,3.6725,1.5419,1
14-Sep-2015,0.7077,1.1305,66.3708,120.7,3.6725,1.5431,1
15-Sep-2015,0.7114,1.132,66.4383,120.63,3.6725,1.5428,1
16-Sep-2015,0.7137,1.1228,66.5,120.33,3.6725,1.543,1
17-Sep-2015,0.7187,1.1312,,120.59,3.6725,1.5531,1
18-Sep-2015,0.7209,1.1419,65.9255,119.8,3.6725,1.5638,1
21-Sep-2015,0.717,1.125,65.7531,,3.6725,1.5533,1
22-Sep-2015,0.7139,1.1155,65.625,,3.6725,1.544,1
23-Sep-2015,0.703,1.115,65.9696,,3.6725,1.5314,1
24-Sep-2015,0.6998,1.1241,66.0993,120.19,3.6725,1.5269,1
25-Sep-2015,0.7013,1.1151,,120.35,3.6725,1.5219,1
28-Sep-2015,0.702,1.117,66.0805,120.4,3.6725,1.5197,1
29-Sep-2015,0.6949,1.1204,66.1843,119.75,3.6725,1.5191,1
30-Sep-2015,0.701,1.1203,65.7418,119.95,3.6725,1.5199,1
1-Oct-2015,0.7055,1.1153,65.554,120.2,3.6725,1.5134,1
2-Oct-2015,0.7038,1.116,,119.85,3.6725,1.5149,1
5-Oct-2015,,1.1236,65.2905,120,3.6725,1.5191,1
6-Oct-2015,0.713,1.1224,65.3908,120.47,3.6725,1.5163,1
7-Oct-2015,0.7178,1.1266,65.2571,119.94,3.6725,1.5313,1
8-Oct-2015,0.7173,1.1254,65.157,120.02,3.6725,1.5344,1
9-Oct-2015,0.7284,1.1362,64.7848,119.97,3.6725,1.5338,1
13-Oct-2015,0.7316,1.1374,65.0215,119.85,3.6725,1.5243,1
14-Oct-2015,0.7226,1.141,65.1123,119.56,3.6725,1.536,1
15-Oct-2015,0.7318,1.1439,64.824,118.98,3.6725,1.5487,1
16-Oct-2015,0.728,1.136,64.9697,119.08,3.6725,1.5449,1
19-Oct-2015,0.7275,1.1333,64.8178,119.31,3.6725,1.5494,1
20-Oct-2015,0.727,1.1373,64.8908,119.5,3.6725,1.548,1
21-Oct-2015,0.7274,1.1354,65.1513,119.9,3.6725,1.5452,1
22-Oct-2015,0.7203,1.1313,,119.9,3.6725,1.5479,1
23-Oct-2015,0.725,1.1084,64.8815,120.94,3.6725,1.5388,1
26-Oct-2015,0.7255,1.1011,64.9603,121.15,3.6725,1.5343,1
27-Oct-2015,0.7232,1.1061,64.9553,120.77,3.6725,1.5333,1
28-Oct-2015,0.7121,1.1085,65.0408,120.35,3.6725,1.5291,1
29-Oct-2015,0.7103,1.093,65.1515,120.69,3.6725,1.5262,1
30-Oct-2015,0.7099,1.1017,65.2231,120.87,3.6725,1.5349,1
2-Nov-2015,0.714,1.1032,65.4793,120.45,3.6725,1.5465,1
3-Nov-2015,0.7202,1.0976,65.451,,3.6725,1.5399,1
4-Nov-2015,0.7205,1.0935,65.568,121.2,3.6725,1.542,1
5-Nov-2015,0.715,1.0883,65.6755,121.51,3.6725,1.539,1
6-Nov-2015,0.7144,1.0864,65.791,121.7,3.6725,1.5139,1
9-Nov-2015,0.7058,1.0776,66.3378,123.31,3.6725,1.5104,1
10-Nov-2015,0.7047,1.0711,66.3495,123.17,3.6725,1.5106,1
11-Nov-2015,0.7068,1.0716,,122.88,3.6725,1.5161,1
12-Nov-2015,0.7139,1.0726,,122.83,3.6725,1.5185,1
13-Nov-2015,0.7135,1.0764,66.139,122.56,3.6725,1.5221,1
16-Nov-2015,0.7115,1.0723,66.169,122.52,3.6725,1.5195,1
17-Nov-2015,0.7089,1.067,65.9805,123.38,3.6725,1.5201,1
18-Nov-2015,0.7097,1.0666,66.1138,123.39,3.6725,1.5212,1
19-Nov-2015,0.717,1.0687,66.1105,123.25,3.6725,1.5265,1
20-Nov-2015,0.7194,1.0688,66.094,122.94,3.6725,1.5272,1
23-Nov-2015,0.718,1.0631,66.349,,3.6725,1.5126,1
24-Nov-2015,0.7196,1.0651,66.384,122.75,3.6725,1.511,1
25-Nov-2015,0.7265,1.0586,,122.42,3.6725,1.5061,1
30-Nov-2015,0.7189,1.0579,66.8148,122.8,3.6725,1.5006,1
1-Dec-2015,0.7264,1.06,66.518,123.15,3.6725,1.5078,1
2-Dec-2015,0.7306,1.0612,66.6158,122.92,3.6725,1.5033,1
3-Dec-2015,0.7315,1.0671,66.745,123.29,3.6725,1.4933,1
4-Dec-2015,0.7322,1.0902,66.8365,122.6,3.6725,1.5116,1
7-Dec-2015,0.7332,1.0809,66.6263,123.28,3.6725,1.5063,1
8-Dec-2015,0.7229,1.0875,66.7983,123.14,3.6725,1.5,1
9-Dec-2015,0.722,1.0941,66.75,122.98,3.6725,1.5072,1
10-Dec-2015,0.7285,1.0943,66.7905,121.61,3.6725,1.5176,1
11-Dec-2015,0.7246,1.095,66.786,121.92,3.6725,1.515,1
14-Dec-2015,0.7196,1.0983,66.994,120.92,3.6725,1.512,1
15-Dec-2015,0.725,1.099,67.0435,121.12,3.6725,1.5156,1
16-Dec-2015,0.7204,1.0933,66.8468,121.88,3.6725,1.5025,1
17-Dec-2015,0.7182,1.0841,66.6488,122.5,3.6725,1.4916,1
18-Dec-2015,0.7134,1.0836,66.4235,122.5,3.6725,1.4918,1
21-Dec-2015,0.7162,1.087,66.324,121.25,3.6725,1.4898,1
22-Dec-2015,0.7222,1.0952,66.2985,121.25,3.6725,1.4873,1
23-Dec-2015,0.7233,1.0916,66.202,,3.6725,1.4888,1
24-Dec-2015,0.7255,1.0947,,120.9,3.6725,1.4921,1
28-Dec-2015,,1.0962,66.138,120.44,3.6725,,1
29-Dec-2015,0.7263,1.0952,66.37,120.33,3.6725,1.4824,1
30-Dec-2015,0.7288,1.0926,66.4243,120.5,3.6725,1.481,1
31-Dec-2015,0.7306,1.0887,66.326,,3.6725,1.4819,1
4-Jan-2016,0.7223,1.0898,66.4623,119.51,3.6725,1.477,1
5-Jan-2016,0.721,1.0746,66.5418,119.52,3.6725,1.4669,1
6-Jan-2016,0.7123,1.0742,66.7165,118.5,3.6725,1.4663,1
7-Jan-2016,0.7041,1.0868,66.9115,118,3.6725,1.4566,1
8-Jan-2016,0.7061,1.0861,66.669,118.3,3.6725,1.4602,1
11-Jan-2016,0.6976,1.0888,66.7885,,3.6725,1.4568,1
12-Jan-2016,0.698,1.0836,66.8905,117.79,3.6725,1.4432,1
13-Jan-2016,0.7033,1.0816,66.8394,118.23,3.6725,1.4392,1
14-Jan-2016,0.693,1.0893,67.095,117.38,3.6725,1.4384,1
15-Jan-2016,0.6948,1.0914,67.4325,118.14,3.6725,1.4352,1
19-Jan-2016,0.6875,1.0868,67.563,117.58,3.6725,1.4302,1
20-Jan-2016,0.6867,1.0907,67.9774,117,3.6725,1.4157,1
21-Jan-2016,0.6905,1.0893,68.06,117.25,3.6725,1.4119,1
22-Jan-2016,0.7006,1.0808,67.748,117.8,3.6725,1.4292,1
25-Jan-2016,0.7025,1.0815,67.6428,118.6,3.6725,1.4235,1
26-Jan-2016,,1.0837,,118.14,3.6725,1.4235,1
27-Jan-2016,0.7021,1.0888,67.9803,118.27,3.6725,1.4308,1
28-Jan-2016,0.7046,1.0903,68.0858,118.5,3.6725,1.4307,1
29-Jan-2016,0.71,1.092,67.8763,121,3.6725,1.4304,1
1-Feb-2016,0.7072,1.0884,67.6728,121.3,3.6725,1.4272,1
2-Feb-2016,0.7077,1.0919,67.834,120.6,3.6725,1.4424,1
3-Feb-2016,0.7015,1.0933,68.1825,119.6,3.6725,1.4499,1
4-Feb-2016,0.7171,1.1206,67.8093,118.05,3.6725,1.4597,1
5-Feb-2016,0.719,1.1202,67.6365,116.82,3.6725,1.4529,1
8-Feb-2016,0.709,1.1101,67.819,117.23,3.6725,1.4419,1
9-Feb-2016,0.703,1.1236,68.1623,115.3,3.6725,1.4423,1
10-Feb-2016,0.7052,1.1257,67.8781,114.75,3.6725,1.4518,1
11-Feb-2016,0.709,1.1347,68.0155,,3.6725,1.4421,1
12-Feb-2016,0.7104,1.1275,68.4365,112.35,3.6725,1.4534,1
16-Feb-2016,0.7155,1.1166,68.336,114.63,3.6725,1.4421,1
17-Feb-2016,0.709,1.1136,68.592,113.8,3.6725,1.4311,1
18-Feb-2016,0.7155,1.1084,68.494,113.98,3.6725,1.437,1
19-Feb-2016,0.7107,1.1096,,112.9,3.6725,1.4288,1
22-Feb-2016,0.7167,1.1026,68.5517,112.92,3.6725,1.4122,1
23-Feb-2016,0.7231,1.1002,68.6408,112.2,3.6725,1.411,1
24-Feb-2016,0.7181,1.0981,68.565,111.97,3.6725,1.3883,1
25-Feb-2016,0.7175,1.1027,68.599,112.12,3.6725,1.3951,1
26-Feb-2016,0.724,1.1006,68.7775,112.85,3.6725,1.3962,1
29-Feb-2016,0.714,1.0888,68.616,113.4,3.6725,1.3854,1
1-Mar-2016,0.7132,1.0872,68.158,112.4,3.6725,1.3972,1
2-Mar-2016,0.7231,1.0856,67.7022,114,3.6725,1.4001,1
3-Mar-2016,0.7308,1.0901,67.3786,114.1,3.6725,1.4055,1
4-Mar-2016,0.7365,1.097,67.2713,113.64,3.6725,1.4147,1
7-Mar-2016,0.7414,1.0953,,113.7,3.6725,1.4154,1
8-Mar-2016,0.7434,1.1028,67.338,112.9,3.6725,1.4219,1
9-Mar-2016,0.7428,1.0973,67.4632,112.52,3.6725,1.4219,1
10-Mar-2016,0.7473,1.0857,67.051,113.3,3.6725,1.4207,1
11-Mar-2016,0.7488,1.109,67.0868,113.28,3.6725,1.43,1
14-Mar-2016,0.7587,1.1119,67.023,113.87,3.6725,1.4345,1
15-Mar-2016,0.7489,1.1109,67.229,113.87,3.6725,1.416,1
16-Mar-2016,0.7453,1.1064,67.368,113.45,3.6725,1.4097,1
17-Mar-2016,0.7591,1.1311,66.8806,112.71,3.6725,1.4363,1
18-Mar-2016,0.7645,1.1279,66.6088,111.3,3.6725,1.4468,1
21-Mar-2016,0.7584,1.1271,66.504,,3.6725,1.4393,1
22-Mar-2016,0.759,1.1212,66.5411,111.95,3.6725,1.4293,1
23-Mar-2016,0.7615,1.1171,66.864,112.39,3.6725,1.4175,1
24-Mar-2016,0.7492,1.1154,,112.83,3.6725,1.4122,1
25-Mar-2016,,,,113,3.6725,,1
28-Mar-2016,,,66.668,113.5,3.6725,,1
29-Mar-2016,0.7553,1.1194,66.558,113.61,3.6725,1.4263,1
30-Mar-2016,0.7618,1.1324,66.4105,112.6,3.6725,1.4407,1
31-Mar-2016,0.7657,1.1385,66.3329,112.63,3.6725,1.4403,1
1-Apr-2016,0.7651,1.1432,,112.2,3.6725,1.4286,1
4-Apr-2016,0.7638,1.138,66.243,111.5,3.6725,1.423,1
5-Apr-2016,0.7602,1.1367,66.3248,110.85,3.6725,1.4205,1
6-Apr-2016,0.7558,1.1336,66.5807,110.4,3.6725,1.4071,1
7-Apr-2016,0.7621,1.1364,66.4698,109.27,3.6725,1.4077,1
8-Apr-2016,0.7535,1.1363,,108.74,3.6725,1.4069,1
11-Apr-2016,0.7559,1.139,66.3925,108.1,3.6725,1.4235,1
12-Apr-2016,0.7625,1.1396,66.495,108.08,3.6725,1.4317,1
13-Apr-2016,0.7674,1.1298,66.4293,108.65,3.6725,1.4248,1
14-Apr-2016,0.7656,1.1252,,109.4,3.6725,1.414,1
15-Apr-2016,0.7711,1.1284,,109.73,3.6725,1.4188,1
18-Apr-2016,0.7666,1.1306,66.6663,108.02,3.6725,1.4194,1
19-Apr-2016,0.7788,1.1343,,109.07,3.6725,1.437,1
20-Apr-2016,0.7773,1.1379,66.2406,109.19,3.6725,1.4376,1
21-Apr-2016,0.7812,1.1355,66.293,109.7,3.6725,1.4376,1
22-Apr-2016,0.7762,1.1263,66.4925,109.4,3.6725,1.4377,1
25-Apr-2016,,1.1264,66.6839,111.34,3.6725,1.4454,1
26-Apr-2016,0.771,1.1287,66.733,110.97,3.6725,1.4565,1
27-Apr-2016,0.7628,1.1303,66.546,111.18,3.6725,1.4608,1
28-Apr-2016,0.7615,1.1358,66.4045,111.74,3.6725,1.4552,1
29-Apr-2016,0.7655,1.1403,66.5176,111.74,3.6725,1.4614,1
2-May-2016,0.7607,1.1493,66.3435,106.4,3.6725,,1
3-May-2016,0.7571,1.1569,66.2698,,3.6725,1.4672,1
4-May-2016,0.7501,1.1505,66.5388,,3.6725,1.448,1
5-May-2016,0.75,1.1439,66.5105,,,1.4461,1
6-May-2016,0.7394,1.1427,66.583,107.36,3.6725,1.4505,1
9-May-2016,0.7371,1.1395,66.4379,107.55,3.6725,1.4444,1
10-May-2016,0.7328,1.1375,66.7224,108.45,3.6725,1.4423,1
11-May-2016,0.7363,1.1409,66.6958,108.83,3.6725,1.4424,1
12-May-2016,0.7335,1.1389,66.5977,108.38,3.6725,1.4444,1
13-May-2016,0.73,1.1348,66.7609,108.8,3.6725,1.4412,1
16-May-2016,0.7279,1.1324,66.8216,108.8,3.6725,1.4351,1
17-May-2016,0.7348,1.1318,66.7233,109.02,3.6725,1.4475,1
18-May-2016,0.7279,1.1279,66.9131,109.54,3.6725,1.4482,1
19-May-2016,0.7193,1.1197,67.2307,110.07,3.6725,1.4636,1
20-May-2016,0.7239,1.1219,67.4076,110,3.6725,1.4579,1
23-May-2016,0.7242,1.1215,67.3492,109.8,3.6725,1.4469,1
24-May-2016,0.7191,1.1168,67.706,109.28,3.6725,1.4602,1
25-May-2016,0.7207,1.1146,67.4467,110.15,3.6725,1.4662,1
26-May-2016,0.7214,1.1168,67.2855,109.7,3.6725,1.4695,1
27-May-2016,0.7227,1.1168,67.0613,109.9,3.6725,1.4654,1
31-May-2016,0.7242,1.1154,67.203,111.09,3.6725,1.4618,1
1-Jun-2016,0.727,1.1174,67.3526,110.69,3.6725,1.4446,1
2-Jun-2016,0.7239,1.1188,67.2533,109.05,3.6725,1.4431,1
3-Jun-2016,0.7246,1.1154,67.2415,108.96,3.6725,1.4408,1
6-Jun-2016,0.7331,1.1349,66.9614,106.94,3.6725,1.4392,1
7-Jun-2016,0.7427,1.1348,66.8305,107.77,3.6725,1.4588,1
8-Jun-2016,0.7454,1.1378,66.737,107.05,3.6725,1.4569,1
9-Jun-2016,0.7465,1.1343,66.625,106.6,3.6725,1.4466,1
10-Jun-2016,0.7415,1.1304,66.7948,107.08,3.6725,1.442,1
13-Jun-2016,,1.1268,67.0737,106.18,3.6725,1.4158,1
14-Jun-2016,0.7401,1.1225,67.152,106,3.6725,1.4164,1
15-Jun-2016,0.7374,1.123,67.1596,106.1,3.6725,1.4195,1
16-Jun-2016,0.7391,1.1174,67.2068,104.7,3.6725,1.4129,1
17-Jun-2016,0.7389,1.1254,67.1682,104.7,3.6725,1.4256,1
20-Jun-2016,0.7444,1.1332,67.4087,104.65,3.6725,1.4623,1
21-Jun-2016,0.7473,1.1314,67.4767,104.1,3.6725,1.4751,1
22-Jun-2016,0.7461,1.1283,67.557,104.5,3.6725,1.4679,1
23-Jun-2016,0.7533,1.1389,67.3702,104.65,3.6725,1.4892,1
24-Jun-2016,0.7387,1.1066,68.0144,101.5,3.6725,1.3703,1
27-Jun-2016,0.7409,1.0998,67.9,102.25,3.6725,1.321,1
28-Jun-2016,0.7398,1.1073,67.8867,102.05,3.6725,1.334,1
29-Jun-2016,0.7387,1.109,67.7443,102.4,3.6725,1.3422,1
30-Jun-2016,0.7426,1.1102,67.6166,102.9,3.6725,1.3488,1
1-Jul-2016,0.746,1.1135,67.441,102.9,3.6725,1.3288,1
5-Jul-2016,0.7517,1.1146,67.4028,102.17,3.6725,1.316,1
6-Jul-2016,0.7436,1.1069,,100.9,3.6725,1.2981,1
7-Jul-2016,0.7521,1.108,67.4972,100.95,3.6725,1.3031,1
8-Jul-2016,0.7488,1.107,67.4584,100.9,3.6725,1.2983,1
11-Jul-2016,0.7559,1.1049,67.1426,100.72,3.6725,1.2981,1
12-Jul-2016,0.7588,1.1092,67.1471,103,3.6725,1.3161,1
13-Jul-2016,0.7602,1.1072,67.2046,104.3,3.6725,1.3297,1
14-Jul-2016,0.7611,1.1157,66.9136,104.15,3.6725,1.322,1
15-Jul-2016,0.7626,1.1128,,105.65,3.6725,1.3372,1
18-Jul-2016,0.76,1.1053,67.1015,,3.6725,1.3233,1
19-Jul-2016,0.7529,1.1035,67.1462,105.9,3.6725,1.3168,1
20-Jul-2016,0.7501,1.1013,67.172,106.01,3.6725,1.317,1
21-Jul-2016,0.7487,1.1015,67.2035,107.21,3.6725,1.3185,1
22-Jul-2016,0.7476,1.1014,67.1355,105.86,3.6725,1.3107,1
25-Jul-2016,0.7485,1.0982,67.243,106.43,3.6725,1.3131,1
26-Jul-2016,0.7523,1.0997,67.368,104.4,3.6725,1.312,1
27-Jul-2016,0.7482,1.0991,67.2362,105.15,3.6725,1.3101,1
28-Jul-2016,0.7525,1.109,67.055,104.85,3.6725,1.3149,1
29-Jul-2016,0.7522,1.1113,67.034,104,3.6725,1.3177,1
1-Aug-2016,,1.1164,66.7412,102.44,3.6725,1.3181,1
2-Aug-2016,0.7547,1.1193,66.7612,102.45,3.6725,1.3236,1
3-Aug-2016,0.7589,1.12,66.9368,101.25,3.6725,1.3346,1
4-Aug-2016,0.7607,1.1136,66.9447,101.35,3.6725,1.3285,1
5-Aug-2016,0.766,1.1156,66.8141,101.25,3.6725,1.3159,1
8-Aug-2016,0.761,1.1087,66.7407,102.1,3.6725,1.3066,1
9-Aug-2016,0.7631,1.1078,66.9633,102.35,3.6725,1.2984,1
10-Aug-2016,0.7695,1.1184,66.7442,101.5,3.6725,1.3068,1
11-Aug-2016,0.7701,1.1153,66.8571,,3.6725,1.298,1
12-Aug-2016,0.7691,1.1158,66.8252,102.04,3.6725,1.2963,1
15-Aug-2016,0.7657,1.118,,101.3,3.6725,1.2919,1
16-Aug-2016,0.7698,1.1295,66.8983,100.28,3.6725,1.298,1
17-Aug-2016,0.7671,1.1276,,100.5,3.6725,1.3008,1
18-Aug-2016,0.7711,1.1321,66.7939,99.8,3.6725,1.3154,1
19-Aug-2016,0.7644,1.1326,66.9296,100.35,3.6725,1.312,1
22-Aug-2016,0.7589,1.1306,67.194,100.76,3.6725,1.3086,1
23-Aug-2016,0.7642,1.1339,67.0885,100.13,3.6725,1.3181,1
24-Aug-2016,0.7603,1.1268,67.132,100.35,3.6725,1.3242,1
25-Aug-2016,0.7631,1.129,67.0876,100.45,3.6725,1.3197,1
26-Aug-2016,0.764,1.129,67.0299,100.45,3.6725,1.3201,1
29-Aug-2016,0.7551,1.117,67.181,101.92,3.6725,1.3085,1
30-Aug-2016,0.7569,1.1168,67.0879,101.94,3.6725,1.3084,1
31-Aug-2016,0.7514,1.1132,66.9813,102.96,3.6725,1.3138,1
1-Sep-2016,0.7538,1.1146,66.9539,103.37,3.6725,1.3246,1
2-Sep-2016,0.7559,1.1193,66.8405,103.3,3.6725,1.3257,1
6-Sep-2016,0.7629,1.1159,66.5469,103.5,3.6725,1.3331,1
7-Sep-2016,0.7678,1.1237,66.3618,101.45,3.6725,1.3381,1
8-Sep-2016,0.7698,1.1296,66.4483,101.66,3.6725,1.3372,1
9-Sep-2016,0.7652,1.1268,66.5462,102.25,3.6725,1.3315,1
12-Sep-2016,0.7533,1.1226,66.9017,102.63,3.6725,1.3265,1
13-Sep-2016,0.7536,1.1247,,101.9,3.6725,1.327,1
14-Sep-2016,0.748,1.1218,66.9642,103.1,3.6725,1.3199,1
15-Sep-2016,0.7469,1.1254,67.0248,102.49,3.6725,1.3224,1
16-Sep-2016,0.7511,1.1226,66.8804,101.95,3.6725,1.3171,1
19-Sep-2016,0.7544,1.1165,66.8737,,3.6725,1.305,1
20-Sep-2016,0.7542,1.1184,67.02,101.92,3.6725,1.2969,1
21-Sep-2016,0.7555,1.115,67.0631,101.78,3.6725,1.2998,1
22-Sep-2016,0.7637,1.1238,66.8451,,3.6725,1.3053,1
23-Sep-2016,0.7637,1.1214,66.6519,101,3.6725,1.2974,1
26-Sep-2016,0.7624,1.1262,66.7095,100.8,3.6725,1.2926,1
27-Sep-2016,0.7666,1.122,66.4627,100.78,3.6725,1.2956,1
28-Sep-2016,0.7682,1.1225,66.4482,100.58,3.6725,1.3018,1
29-Sep-2016,0.7684,1.1221,66.5521,101.4,3.6725,1.3015,1
30-Sep-2016,0.763,1.1161,66.6596,101.08,3.6725,1.2961,1
3-Oct-2016,,1.1236,66.533,101.41,3.6725,1.2885,1
4-Oct-2016,0.7672,1.1161,66.5559,102,3.6725,1.2765,1
5-Oct-2016,0.7633,1.1211,66.5699,102.85,3.6725,1.2725,1
6-Oct-2016,0.7596,1.1185,66.6322,103.46,3.6725,1.2706,1
7-Oct-2016,0.7573,1.114,66.7875,103.8,3.6725,1.2378,1
11-Oct-2016,0.7552,1.1079,,103.95,3.6725,1.2257,1
12-Oct-2016,0.7577,1.102,,103.63,3.6725,1.2255,1
13-Oct-2016,0.7537,1.1038,66.8473,104.5,3.6725,1.2205,1
14-Oct-2016,0.7582,1.1002,66.8481,103.82,3.6725,1.2235,1
17-Oct-2016,0.7599,1.0994,66.7779,104.2,3.6725,1.2162,1
18-Oct-2016,0.7671,1.0993,66.7268,103.82,3.6725,1.2281,1
19-Oct-2016,0.7666,1.0979,66.7145,103.8,3.6725,1.2302,1
20-Oct-2016,0.767,1.098,66.7411,103.63,3.6725,1.226,1
21-Oct-2016,0.763,1.0886,66.8943,104.12,3.6725,1.2209,1
24-Oct-2016,0.7615,1.0891,66.8625,103.94,3.6725,1.224,1
25-Oct-2016,0.7629,1.0872,66.8777,104.46,3.6725,1.2233,1
26-Oct-2016,0.7683,1.0925,66.7621,104.35,3.6725,1.2214,1
27-Oct-2016,0.7631,1.0927,66.8854,104.56,3.6725,1.226,1
28-Oct-2016,0.7597,1.0922,66.8566,105.25,3.6725,1.2135,1
31-Oct-2016,0.7613,1.0946,,104.8,3.6725,1.2171,1
1-Nov-2016,0.7653,1.1025,66.714,104.85,3.6725,1.2234,1
2-Nov-2016,0.7624,1.1095,66.8294,103.82,3.6725,1.23105,1
3-Nov-2016,0.7668,1.1064,66.6942,,3.6725,1.24615,1
4-Nov-2016,0.768,1.1093,66.7219,103.06,3.6725,1.24985,1
7-Nov-2016,0.7674,1.1062,66.7301,104.44,3.6725,1.2417,1
8-Nov-2016,0.77,1.1038,66.7073,104.45,3.6725,1.2406,1
9-Nov-2016,0.7596,1.1022,66.7968,101.9,3.6725,1.24405,1
10-Nov-2016,0.7661,1.0895,66.4273,105.9,3.6725,1.241,1
11-Nov-2016,0.7618,1.0904,67.0292,106.7,3.6725,1.26205,1
14-Nov-2016,0.7546,1.0777,,107.5,3.6725,1.253,1
15-Nov-2016,0.7558,1.0765,67.7173,107.9,3.6725,1.2426,1
16-Nov-2016,0.7552,1.0702,67.7791,109,3.6725,1.2427,1
17-Nov-2016,0.7478,1.0717,67.9106,109.15,3.6725,1.24905,1
18-Nov-2016,0.7394,1.0629,68.0937,110.6,3.6725,1.24165,1
21-Nov-2016,0.7324,1.0631,68.2575,110.93,3.6725,1.23835,1
22-Nov-2016,0.7398,1.0617,68.2317,110.5,3.6725,1.24515,1
23-Nov-2016,0.7427,1.0602,68.4772,,3.6725,1.2397,1
28-Nov-2016,0.7477,1.0588,68.7235,112.1,3.6725,1.2403,1
29-Nov-2016,0.7477,1.0576,68.6535,112.05,3.6725,1.2475,1
30-Nov-2016,0.7474,1.0635,68.526,112.39,3.6725,1.2452,1
1-Dec-2016,0.7408,1.0627,68.3734,114.4,3.6725,1.2621,1
2-Dec-2016,0.7411,1.0642,68.3689,113.73,3.6725,1.262,1
5-Dec-2016,0.7453,1.0702,68.1703,113.8,3.6725,1.2732,1
6-Dec-2016,0.7459,1.0734,68.0322,113.68,3.6725,1.2754,1
7-Dec-2016,0.743,1.073,67.8707,114.25,3.6725,1.25935,1
8-Dec-2016,0.7497,1.0762,67.4325,113.4,3.6725,1.26795,1
9-Dec-2016,0.7459,1.0559,67.584,114.45,3.6725,1.25995,1
12-Dec-2016,0.7453,1.0596,,115.5,3.6725,1.2634,1
13-Dec-2016,0.7493,1.061,67.4867,115.18,3.6725,1.27065,1
14-Dec-2016,0.7492,1.0644,67.5604,115.17,3.6725,1.26495,1
15-Dec-2016,0.7421,1.0419,67.7994,117.65,3.6725,1.2483,1
16-Dec-2016,0.7362,1.0439,67.7777,118.2,3.6725,1.24295,1
19-Dec-2016,0.7293,1.0422,67.7262,117.33,3.6725,1.2416,1
20-Dec-2016,0.7254,1.0364,67.8954,117.24,3.6725,1.23445,1
21-Dec-2016,0.726,1.0421,67.8724,117.93,3.6725,1.2367,1
22-Dec-2016,0.7235,1.0444,67.9136,117.55,3.6725,1.2337,1
23-Dec-2016,0.7205,1.0446,67.9117,,3.6725,1.2255,1
27-Dec-2016,,1.0445,,117.38,3.6725,,1
28-Dec-2016,0.7202,1.0401,68.225,117.6,3.6725,1.2232,1
29-Dec-2016,0.7205,1.0453,68.1241,116.75,3.6725,1.2255,1
30-Dec-2016,0.7236,1.0541,67.9547,116.8,3.6725,1.2302,1
3-Jan-2017,0.7234,1.0385,68.0864,,3.6725,1.22895,1
4-Jan-2017,0.724,1.0437,68.1791,117.93,3.6725,1.22835,1
5-Jan-2017,0.7302,1.0501,67.7884,116.6,3.6725,1.23055,1
6-Jan-2017,0.7318,1.0589,,115.7,3.6725,1.2367,1
9-Jan-2017,0.731,1.0516,68.1863,,3.6725,1.2166,1
10-Jan-2017,0.7374,1.0567,68.0641,115.99,3.6725,1.2143,1
11-Jan-2017,0.7381,1.0503,68.2276,116,3.6725,1.21255,1
12-Jan-2017,0.7462,1.0679,68.0858,115.05,3.6725,1.2285,1
13-Jan-2017,0.7485,1.0661,68.231,114.99,3.6725,1.2181,1
17-Jan-2017,0.75,1.0684,68.0509,114.12,3.6725,1.2222,1
18-Jan-2017,0.7552,1.0664,67.9364,113.05,3.6725,1.2284,1
19-Jan-2017,0.7522,1.0668,68.1766,114.8,3.6725,1.2327,1
23-Jan-2017,0.7562,1.0715,68.0843,113.88,3.6725,1.24335,1
24-Jan-2017,0.7576,1.0748,68.157,112.78,3.6725,1.2455,1
25-Jan-2017,0.7543,1.0743,68.1556,113.5,3.6725,1.2579,1
26-Jan-2017,,1.07,,113.36,3.6725,1.2592,1
27-Jan-2017,0.7528,1.0681,68.2043,115,3.6725,1.25335,1
30-Jan-2017,0.7552,1.063,68.0426,114.4,3.6725,1.2519,1
31-Jan-2017,0.7567,1.0755,67.8125,113.6,3.6725,1.24615,1
1-Feb-2017,0.7566,1.079,67.6458,113,3.6725,1.2649,1
2-Feb-2017,0.7638,1.0808,67.448,112.5,3.6725,1.2668,1
3-Feb-2017,0.7653,1.0741,67.3825,113,3.6725,1.2486,1
6-Feb-2017,0.7665,1.0712,67.1958,112.55,3.6725,1.24765,1
7-Feb-2017,0.7671,1.0675,67.3692,111.85,3.6725,1.2378,1
8-Feb-2017,0.7632,1.0665,67.3058,112.4,3.6725,1.249,1
9-Feb-2017,0.7625,1.0692,67.0123,112.18,3.6725,1.2556,1
10-Feb-2017,0.7645,1.0629,66.9367,113.7,3.6725,1.2451,1
13-Feb-2017,0.7665,1.0629,66.9663,113.9,3.6725,1.2528,1
14-Feb-2017,0.7678,1.0623,66.9439,113.67,3.6725,1.24635,1
15-Feb-2017,0.7671,1.0555,66.9193,114.33,3.6725,1.2425,1
16-Feb-2017,0.7713,1.0652,66.9468,113.85,3.6725,1.2494,1
17-Feb-2017,0.7709,1.065,67.0467,113.44,3.6725,1.2416,1
21-Feb-2017,0.7668,1.0537,,113.5,3.6725,1.24205,1
22-Feb-2017,0.7691,1.0513,66.9644,113.58,3.6725,1.2434,1
23-Feb-2017,0.7687,1.0573,66.8351,113.36,3.6725,1.2477,1
24-Feb-2017,0.7717,1.0609,,112.85,3.6725,1.25515,1
27-Feb-2017,0.7695,1.0587,66.7249,112.15,3.6725,1.2416,1
28-Feb-2017,0.7688,1.0597,66.7375,112.55,3.6725,1.244,1
1-Mar-2017,0.7656,1.0533,66.8482,113,3.6725,1.2315,1
2-Mar-2017,0.7655,1.0514,66.7433,114,3.6725,1.2281,1
3-Mar-2017,0.7562,1.0565,66.8354,114.25,3.6725,1.2225,1
6-Mar-2017,0.7573,1.0592,66.7559,113.8,3.6725,1.2259,1
7-Mar-2017,0.762,1.0576,66.6347,114,3.6725,1.21875,1
8-Mar-2017,0.759,1.0556,66.6362,113.67,3.6725,1.2149,1
9-Mar-2017,0.7514,1.0551,66.7707,114.44,3.6725,1.2152,1
10-Mar-2017,0.7522,1.0606,66.688,115.2,3.6725,1.2143,1
13-Mar-2017,,1.0663,,114.85,3.6725,1.2225,1
14-Mar-2017,,1.0631,,114.85,,1.2128,1
15-Mar-2017,0.7574,1.0622,65.5146,114.8,3.6725,1.21915,1
16-Mar-2017,0.7678,1.0726,65.3836,113.4,3.6725,1.2295,1
17-Mar-2017,0.7689,1.0737,65.5411,113.45,3.6725,1.23595,1
20-Mar-2017,0.7724,1.0752,65.3827,,3.6725,1.2384,1
21-Mar-2017,0.7708,1.0802,65.3117,112.7,3.6725,1.2462,1
22-Mar-2017,0.7668,1.0807,65.4881,111.51,3.6725,1.2449,1
23-Mar-2017,0.7662,1.0786,65.422,111.48,3.6725,1.25,1
24-Mar-2017,0.7618,1.0805,65.4581,111.34,3.6725,1.2497,1
27-Mar-2017,0.7633,1.0889,65.0892,110.39,3.6725,1.25875,1
28-Mar-2017,0.7615,1.0859,,110.57,3.6725,1.25555,1
29-Mar-2017,0.7644,1.0748,64.9552,111.22,3.6725,1.24315,1
30-Mar-2017,0.7663,1.0737,64.9325,111.35,3.6725,1.24545,1
31-Mar-2017,0.7644,1.0691,64.8386,112.05,3.6725,1.24525,1
3-Apr-2017,0.7602,1.0661,64.9103,111.3,3.6725,1.2502,1
4-Apr-2017,0.7576,1.0651,,110.49,3.6725,1.2448,1
5-Apr-2017,0.758,1.0678,65.0438,110.79,3.6725,1.24785,1
6-Apr-2017,0.7542,1.0666,64.9791,110.5,3.6725,1.2456,1
7-Apr-2017,0.7523,1.063,,110.43,3.6725,1.24235,1
10-Apr-2017,0.749,1.0578,64.4418,111.42,3.6725,1.2406,1
11-Apr-2017,0.7502,1.0616,64.5438,110.8,3.6725,1.2426,1
12-Apr-2017,0.7499,1.0605,64.692,109.48,3.6725,1.2497,1
13-Apr-2017,0.7589,1.063,64.3165,108.85,3.6725,1.2541,1
14-Apr-2017,,,,109.17,3.6725,,1
17-Apr-2017,,,64.4053,108.3,3.6725,,1
18-Apr-2017,0.756,1.0682,64.5657,109.1,3.6725,1.266,1
19-Apr-2017,0.7521,1.0725,64.5443,108.55,3.6725,1.28395,1
20-Apr-2017,0.7507,1.0745,64.6364,108.95,3.6725,1.28015,1
21-Apr-2017,0.7535,1.0698,64.5701,109.25,3.6725,1.2793,1
24-Apr-2017,0.7559,1.0848,64.4757,110.04,3.6725,1.28185,1
25-Apr-2017,,1.0891,64.2776,109.92,3.6725,1.2819,1
26-Apr-2017,0.7516,1.0893,64.0013,111.35,3.6725,1.28225,1
27-Apr-2017,0.7485,1.0881,64.1141,111.3,3.6725,1.29,1
28-Apr-2017,0.7475,1.093,64.217,111.25,3.6725,1.29415,1
1-May-2017,0.7486,,,111.45,3.6725,,1
2-May-2017,0.7539,1.0915,64.2072,112,3.6725,1.2924,1
3-May-2017,0.75,1.0919,64.1439,,3.6725,1.2926,1
4-May-2017,0.7408,1.0927,64.2115,,3.6725,1.2886,1
5-May-2017,0.7376,1.0961,64.3079,,3.6725,1.2935,1
8-May-2017,0.7415,1.0938,64.2154,112.75,3.6725,1.296,1
9-May-2017,0.7352,1.0888,64.5065,113.5,3.6725,1.29255,1
10-May-2017,0.7366,1.0882,,113.85,3.6725,1.2947,1
11-May-2017,0.7352,1.086,64.438,114.15,3.6725,1.28945,1
12-May-2017,0.7385,1.0876,64.3043,113.88,3.6725,1.2855,1
15-May-2017,0.7399,1.0972,64.1188,113.4,3.6725,1.2928,1
16-May-2017,0.7423,1.1059,64.0758,113.49,3.6725,1.2892,1
17-May-2017,0.743,1.1117,64.0214,112.65,3.6725,1.2972,1
18-May-2017,0.7457,1.1129,64.3441,111.03,3.6725,1.30345,1
19-May-2017,0.7426,1.1179,64.9906,111.38,3.6725,1.3005,1
22-May-2017,0.7444,1.1243,64.5632,111.48,3.6725,1.2998,1
23-May-2017,0.7497,1.1215,64.7751,111.08,3.6725,1.2967,1
24-May-2017,0.745,1.1193,64.8586,111.8,3.6725,1.2962,1
25-May-2017,0.751,1.1214,64.5088,111.64,3.6725,1.296,1
26-May-2017,0.7435,1.1196,64.5945,111.56,3.6725,1.2854,1
30-May-2017,0.7438,1.1173,64.6336,110.85,3.6725,1.28655,1
31-May-2017,0.745,1.1221,64.5459,110.95,3.6725,1.28385,1
1-Jun-2017,0.7403,1.1219,64.4704,111,3.6725,1.28535,1
2-Jun-2017,0.739,1.1217,64.4208,111.63,3.6725,1.28535,1
5-Jun-2017,0.7464,1.1249,64.3485,110.56,3.6725,1.29065,1
6-Jun-2017,0.7493,1.1258,64.3516,109.87,3.6725,1.29065,1
7-Jun-2017,0.754,1.1217,64.4538,109.5,3.6725,1.29,1
8-Jun-2017,0.755,1.1229,64.3554,109.85,3.6725,1.29425,1
9-Jun-2017,0.7535,1.1176,64.2584,110.3,3.6725,1.27535,1
12-Jun-2017,,1.1221,64.3407,110.2,3.6725,1.26905,1
13-Jun-2017,0.7556,1.1217,64.4453,109.99,3.6725,1.27315,1
14-Jun-2017,0.7551,1.1203,64.3141,110.05,3.6725,1.27275,1
15-Jun-2017,0.7616,1.1166,,109.7,3.6725,1.2777,1
16-Jun-2017,0.7593,1.1167,64.5883,111.08,3.6725,1.2777,1
19-Jun-2017,0.7614,1.1199,64.3788,111.04,3.6725,1.2802,1
20-Jun-2017,0.7612,1.1156,64.4672,111.69,3.6725,1.267,1
21-Jun-2017,0.7563,1.1147,64.6025,111.37,3.6725,1.26815,1
22-Jun-2017,0.7558,1.1169,64.495,111.15,3.6725,1.26705,1
23-Jun-2017,0.7557,1.1173,64.5365,111.36,3.6725,1.2738,1
26-Jun-2017,0.7578,1.1187,,111.31,3.6725,1.274,1
27-Jun-2017,0.7599,1.1278,64.4572,111.95,3.6725,1.275,1
28-Jun-2017,0.7611,1.1375,64.5288,112.1,3.6725,1.28255,1
29-Jun-2017,0.7662,1.1413,64.4715,112.29,3.6725,1.2966,1
30-Jun-2017,0.7692,1.1412,64.7379,111.94,3.6725,1.29785,1
3-Jul-2017,,1.1369,,112.53,,1.2955,1
5-Jul-2017,0.7619,1.1329,64.7209,113.07,3.6725,1.29085,1
6-Jul-2017,0.7597,1.1385,64.7779,113.05,3.6725,1.2957,1
7-Jul-2017,0.7585,1.1412,64.7342,113.78,3.6725,1.2893,1
10-Jul-2017,0.7608,1.1387,64.5405,114.1,3.6725,1.2876,1
11-Jul-2017,0.7612,1.1405,64.5025,114.18,3.6725,1.2905,1
12-Jul-2017,0.7653,1.1449,64.4969,113.47,3.6725,1.2859,1
13-Jul-2017,0.7705,1.1417,64.4384,113.18,3.6725,1.29235,1
14-Jul-2017,0.7744,1.1415,64.4539,113.5,3.6725,1.29695,1
17-Jul-2017,0.7812,1.1462,64.3666,,3.6725,1.3066,1
18-Jul-2017,0.7904,1.1555,64.3301,112.2,3.6725,1.30245,1
19-Jul-2017,0.7935,1.1533,64.3211,112.05,3.6725,1.3051,1
20-Jul-2017,0.7924,1.1485,64.4273,111.84,3.6725,1.29405,1
21-Jul-2017,0.7911,1.1642,64.3185,111.95,3.6725,1.3004,1
24-Jul-2017,0.7929,1.1648,64.4494,110.89,3.6725,1.3033,1
25-Jul-2017,0.794,1.1694,64.358,111.3,3.6725,1.3032,1
26-Jul-2017,0.789,1.1644,64.4208,111.9,3.6725,1.3054,1
27-Jul-2017,0.8046,1.1694,64.1216,110.9,3.6725,1.31475,1
28-Jul-2017,0.797,1.1729,64.1483,111.04,3.6725,1.3086,1
31-Jul-2017,0.7987,1.1727,64.0773,110.55,3.6725,1.3124,1
1-Aug-2017,0.8011,1.1812,64.0683,110.3,3.6725,1.32125,1
2-Aug-2017,0.7962,1.1829,64.069,110.75,3.6725,1.323,1
3-Aug-2017,0.7923,1.186,63.6314,110.72,3.6725,1.31875,1
4-Aug-2017,0.7977,1.1868,63.7091,110.1,3.6725,1.3141,1
7-Aug-2017,,1.1797,63.7375,110.75,3.6725,1.30535,1
8-Aug-2017,0.7923,1.1814,63.7382,110.75,3.6725,1.3033,1
9-Aug-2017,0.7884,1.1731,63.7491,109.9,3.6725,1.30025,1
10-Aug-2017,0.7873,1.1732,63.9437,110,3.6725,1.30015,1
11-Aug-2017,0.7859,1.1765,64.1693,,3.6725,1.2965,1
14-Aug-2017,0.7892,1.1797,64.0253,109.37,3.6725,1.29685,1
15-Aug-2017,0.7852,1.1744,,110.18,3.6725,1.2876,1
16-Aug-2017,0.7842,1.171,64.2428,110.66,3.6725,1.2871,1
17-Aug-2017,0.7938,1.1697,,110,3.6725,1.2864,1
18-Aug-2017,0.7896,1.174,64.1048,109.4,3.6725,1.28915,1
21-Aug-2017,0.7921,1.1761,64.0285,109.26,3.6725,1.28955,1
22-Aug-2017,0.794,1.1771,64.1099,109.25,3.6725,1.2821,1
23-Aug-2017,0.7894,1.1799,64.1272,109.7,3.6725,1.2808,1
24-Aug-2017,0.7896,1.1806,64.0676,109.18,3.6725,1.28215,1
25-Aug-2017,0.7905,1.1808,,109.6,3.6725,1.28365,1
28-Aug-2017,0.7943,1.1925,63.8701,109.1,3.6725,1.29,1
29-Aug-2017,0.7926,1.2048,64.0174,108.8,3.6725,1.2949,1
30-Aug-2017,0.7981,1.1916,63.9431,109.85,3.6725,1.2925,1
31-Aug-2017,0.7898,1.1825,64.0154,110.5,3.6725,1.2876,1
1-Sep-2017,0.7934,1.192,63.9804,110.1,3.6725,1.2933,1
5-Sep-2017,0.7961,1.189,64.1164,109.32,3.6725,1.296,1
6-Sep-2017,0.7993,1.1931,64.2146,108.51,3.6725,1.3047,1
7-Sep-2017,0.7991,1.1971,64.0276,109.08,3.6725,1.309,1
8-Sep-2017,0.8121,1.206,63.8664,108.36,3.6725,1.31945,1
11-Sep-2017,0.8055,1.1997,63.8859,108.45,3.6725,1.3215,1
12-Sep-2017,0.8023,1.1933,63.9474,109.4,3.6725,1.3277,1
13-Sep-2017,0.8027,1.1979,63.9818,110.15,3.6725,1.32645,1
14-Sep-2017,0.8,1.1885,64.0692,110.47,3.6725,1.3243,1
15-Sep-2017,0.8001,1.1963,64.0774,110.18,3.6725,1.35825,1
18-Sep-2017,0.8028,1.1948,64.0371,,3.6725,1.35435,1
19-Sep-2017,0.7976,1.1972,64.1769,111.5,3.6725,1.34995,1
20-Sep-2017,0.8029,1.2007,64.3637,111.61,3.6725,1.3533,1
21-Sep-2017,0.7964,1.1905,64.5256,112.53,3.6725,1.348,1
22-Sep-2017,0.7933,1.1961,64.9596,112.05,3.6725,1.3557,1
25-Sep-2017,0.7966,1.1867,64.8357,112.51,3.6725,1.3479,1
26-Sep-2017,0.7938,1.1787,65.3371,111.55,3.6725,1.3432,1
27-Sep-2017,0.7858,1.1741,65.6947,112.42,3.6725,1.3426,1
28-Sep-2017,0.7813,1.1778,65.7604,112.89,3.6725,1.342,1
29-Sep-2017,0.7839,1.1806,65.3552,112.66,3.6725,1.3384,1
2-Oct-2017,,1.1744,,112.76,3.6725,1.33105,1
3-Oct-2017,0.7801,1.1753,65.5529,112.93,3.6725,1.3259,1
4-Oct-2017,0.7859,1.1787,65.2899,112.6,3.6725,1.3282,1
5-Oct-2017,0.7832,1.1742,65.1758,112.75,3.6725,1.3182,1
6-Oct-2017,0.7755,1.1707,65.2276,113,3.6725,1.3064,1
10-Oct-2017,0.7785,1.1797,65.2652,112.65,3.6725,1.3189,1
11-Oct-2017,0.7782,1.183,65.2691,112.33,3.6725,1.3195,1
12-Oct-2017,0.7817,1.1856,65.1003,112.38,3.6725,1.3167,1
13-Oct-2017,0.7832,1.181,64.9301,112.25,3.6725,1.329,1
16-Oct-2017,0.7872,1.1803,64.7603,112,3.6725,1.33015,1
17-Oct-2017,0.7846,1.1759,64.9226,112.19,3.6725,1.3204,1
18-Oct-2017,0.7848,1.1749,65.0649,112.21,3.6725,1.31795,1
19-Oct-2017,0.7852,1.1834,,113,3.6725,1.3167,1
20-Oct-2017,0.7845,1.1818,,113.17,3.6725,1.3178,1
23-Oct-2017,0.7826,1.174,65.0239,114,3.6725,1.3173,1
24-Oct-2017,0.7819,1.1761,64.9256,113.37,3.6725,1.3179,1
25-Oct-2017,0.772,1.1785,65.1386,113.91,3.6725,1.3244,1
26-Oct-2017,0.7706,1.1753,64.7888,113.55,3.6725,1.3219,1
27-Oct-2017,0.7642,1.1605,65.0931,114.15,3.6725,1.31025,1
30-Oct-2017,0.7677,1.1612,64.9338,113.74,3.6725,1.319,1
31-Oct-2017,0.7673,1.1638,64.7745,113.15,3.6725,1.3219,1
1-Nov-2017,0.7659,1.1612,64.5256,113.9,3.6725,1.3297,1
2-Nov-2017,0.7715,1.1645,64.593,114.02,3.6725,1.3137,1
3-Nov-2017,0.769,1.1657,64.5764,,3.6725,1.30915,1
6-Nov-2017,0.7655,1.159,64.7267,114.37,3.6725,1.3112,1
7-Nov-2017,0.768,1.1562,64.8064,113.77,3.6725,1.31335,1
8-Nov-2017,0.7653,1.159,65.0592,113.78,3.6725,1.3118,1
9-Nov-2017,0.7683,1.163,64.8967,114,3.6725,1.3121,1
10-Nov-2017,0.7682,1.1654,65.0147,113.36,3.6725,1.316,1
13-Nov-2017,0.7658,1.1656,65.4272,113.66,3.6725,1.3092,1
14-Nov-2017,0.7632,1.1745,65.5171,113.65,3.6725,1.3111,1
15-Nov-2017,0.7583,1.184,65.3689,113.46,3.6725,1.3169,1
16-Nov-2017,0.7594,1.1771,65.2969,113.03,3.6725,1.319,1
17-Nov-2017,0.7574,1.1795,64.8462,112.94,3.6725,1.3198,1
20-Nov-2017,0.7556,1.1781,65.0565,112,3.6725,1.3245,1
21-Nov-2017,0.7537,1.1718,65.0386,112.6,3.6725,1.32315,1
22-Nov-2017,0.7568,1.1749,64.7453,112.33,3.6725,1.32495,1
27-Nov-2017,0.7603,1.1952,64.6948,111.4,3.6725,1.33495,1
28-Nov-2017,0.7611,1.1888,64.4206,111.18,3.6725,1.3297,1
29-Nov-2017,0.7586,1.1827,64.4058,111.45,3.6725,1.34035,1
30-Nov-2017,0.7585,1.1849,64.4332,112,3.6725,1.34445,1
1-Dec-2017,0.7564,1.1885,,112.43,3.6725,1.35025,1
4-Dec-2017,0.7598,1.1865,64.3799,112.75,3.6725,1.3505,1
5-Dec-2017,0.7651,1.1847,64.3764,112.5,3.6725,1.3412,1
6-Dec-2017,0.7578,1.1817,64.4467,112.45,3.6725,1.33625,1
7-Dec-2017,0.7545,1.1786,64.5388,112.4,3.6725,1.3331,1
8-Dec-2017,0.7512,1.1742,64.4649,113.3,3.6725,1.3455,1
11-Dec-2017,0.7525,1.1796,64.3616,113.63,3.6725,1.3374,1
12-Dec-2017,0.7533,1.1766,64.4834,113.48,3.6725,1.3349,1
13-Dec-2017,0.757,1.1736,64.4525,113.34,3.6725,1.3353,1
14-Dec-2017,0.7666,1.1845,64.2798,112.77,3.6725,1.34345,1
15-Dec-2017,0.7675,1.1806,64.0958,112.36,3.6725,1.3395,1
18-Dec-2017,0.7658,1.1795,64.1065,112.66,3.6725,1.33665,1
19-Dec-2017,0.7669,1.1823,64.1205,112.62,3.6725,1.3374,1
20-Dec-2017,0.7658,1.1845,64.0577,112.95,3.6725,1.3393,1
21-Dec-2017,0.7666,1.1859,64.0883,113.4,3.6725,1.33665,1
22-Dec-2017,0.7714,1.1853,64.0409,113.33,3.6725,1.33855,1
26-Dec-2017,,,64.0538,113.3,3.6725,1.3368,1
27-Dec-2017,0.7745,1.1895,64.1577,113.2,3.6725,1.3414,1
28-Dec-2017,0.7791,1.1934,64.1716,113.22,3.6725,1.3434,1
29-Dec-2017,0.78,1.1993,63.9273,112.9,3.6725,1.35115,1
2-Jan-2018,0.7837,1.2065,63.6728,,3.6725,1.3551,1
3-Jan-2018,0.7816,1.2023,63.4833,,3.6725,1.35615,1
4-Jan-2018,0.7835,1.2065,63.3914,112.7,3.6725,1.35545,1
5-Jan-2018,0.7857,1.2045,63.3823,112.79,3.6725,1.35475,1
8-Jan-2018,0.7842,1.1973,63.3482,,3.6725,1.3541,1
9-Jan-2018,0.7854,1.1932,63.469,112.67,3.6725,1.354,1
10-Jan-2018,0.7828,1.1992,63.8264,112.3,3.6725,1.35535,1
11-Jan-2018,0.7873,1.2017,63.7364,111.75,3.6725,1.3462,1
12-Jan-2018,0.7885,1.2137,63.5263,111.23,3.6725,1.3639,1
16-Jan-2018,0.7968,1.223,63.7602,110.75,3.6725,1.3747,1
17-Jan-2018,0.7955,1.2203,63.9797,110.32,3.6725,1.3788,1
18-Jan-2018,0.7964,1.2235,63.8431,111.35,3.6725,1.3886,1
19-Jan-2018,0.8019,1.2255,63.7183,111.05,,1.38855,1
22-Jan-2018,0.799,1.2239,63.8895,110.8,3.6725,1.39005,1
23-Jan-2018,0.7989,1.2249,63.7722,110.96,3.6725,1.39345,1
24-Jan-2018,0.8016,1.2352,63.6439,110.05,3.6725,1.4136,1
25-Jan-2018,0.8094,1.2407,63.4983,109,3.6725,1.4258,1
26-Jan-2018,,1.2436,,109.75,3.6725,1.4247,1
29-Jan-2018,0.8096,1.2379,63.547,108.78,3.6725,1.4063,1
30-Jan-2018,0.807,1.2421,63.7534,108.85,3.6725,1.4124,1
31-Jan-2018,0.8073,1.2457,63.6878,108.84,3.6725,1.4161,1
1-Feb-2018,0.8044,1.2459,63.6113,109.18,3.6725,1.4219,1
2-Feb-2018,0.7997,1.2492,64.0781,109.4,3.6725,1.4223,1
5-Feb-2018,0.7929,1.244,64.0295,109.95,3.6725,1.4048,1
6-Feb-2018,0.7844,1.2329,64.2723,108.7,3.6725,1.39315,1
7-Feb-2018,0.7883,1.2338,64.1377,109.42,3.6725,1.38885,1
8-Feb-2018,0.7812,1.2252,64.1616,109.38,3.6725,1.39705,1
9-Feb-2018,0.7779,1.2273,64.3686,108.84,3.6725,1.38265,1
12-Feb-2018,0.7834,1.2263,64.2838,,3.6725,1.38515,1
13-Feb-2018,0.787,1.2333,,108.72,3.6725,1.3902,1
14-Feb-2018,0.7877,1.2348,64.1259,107.1,3.6725,1.3851,1
15-Feb-2018,0.7933,1.2493,63.9222,106.58,3.6725,1.40465,1
16-Feb-2018,0.7965,1.2464,63.9097,105.7,3.6725,1.4063,1
20-Feb-2018,0.7926,1.234,64.5254,106.78,3.6725,1.39865,1
21-Feb-2018,0.7852,1.2312,64.8161,107.5,3.6725,1.3923,1
22-Feb-2018,0.7806,1.2276,65.0458,107.35,3.6725,1.38795,1
23-Feb-2018,0.7821,1.2299,64.8227,106.9,3.6725,1.39785,1
26-Feb-2018,0.7863,1.232,64.6639,106.5,3.6725,1.4047,1
27-Feb-2018,0.7847,1.2301,64.8514,106.89,3.6725,1.3947,1
28-Feb-2018,0.7792,1.2214,65.1031,107.32,3.6725,1.3842,1
1-Mar-2018,0.7731,1.2171,65.2261,106.68,3.6725,1.3745,1
2-Mar-2018,0.7756,1.2312,,106.25,3.6725,1.37905,1
5-Mar-2018,0.7752,1.2307,65.053,105.55,3.6725,1.3813,1
6-Mar-2018,0.7773,1.2411,64.9941,106.35,3.6725,1.38985,1
7-Mar-2018,0.7804,1.2417,64.9627,105.62,3.6725,1.38555,1
8-Mar-2018,0.783,1.2421,64.9212,106.12,3.6725,1.3861,1
9-Mar-2018,0.7792,1.2291,65.0784,106.7,3.6725,1.38255,1
12-Mar-2018,0.7869,1.2302,65.0199,106.62,3.6725,1.3854,1
13-Mar-2018,0.787,1.2378,64.9567,106.36,3.6725,1.3894,1
14-Mar-2018,0.7871,1.2369,64.9875,106.45,3.6725,1.3976,1
15-Mar-2018,0.7876,1.2341,64.9366,106.01,3.6725,1.3929,1
16-Mar-2018,0.779,1.2301,64.8737,105.9,3.6725,1.39675,1
19-Mar-2018,0.7691,1.2309,65.0375,105.83,3.6725,1.4046,1
20-Mar-2018,0.7703,1.2276,65.1993,106.11,3.6725,1.4008,1
21-Mar-2018,,1.2286,,,,1.40495,1
22-Mar-2018,0.7744,1.2316,65.0622,105.7,3.6725,1.4192,1
23-Mar-2018,0.7711,1.2346,65.1333,104.9,3.6725,1.412,1
26-Mar-2018,0.7723,1.2411,64.9055,104.98,3.6725,1.42265,1
27-Mar-2018,0.7738,1.2376,64.7973,105.63,3.6725,1.4111,1
28-Mar-2018,0.7694,1.2398,65.0441,105.48,3.6725,1.4143,1
29-Mar-2018,0.7665,1.2321,,106.58,3.6725,1.40615,1
30-Mar-2018,,,,106.19,3.6725,,1
2-Apr-2018,,,65.0441,106.32,3.6725,1.406,1
3-Apr-2018,0.7685,1.2308,65.024,105.89,3.6725,1.40265,1
4-Apr-2018,0.77,1.2276,65.0232,106.51,3.6725,1.40385,1
5-Apr-2018,0.769,1.226,65.0601,106.94,3.6725,1.40635,1
6-Apr-2018,0.7677,1.2234,64.9884,107.17,3.6725,1.4015,1
9-Apr-2018,0.7691,1.2304,64.9287,106.95,3.6725,1.41035,1
10-Apr-2018,0.7733,1.2361,64.9368,106.71,3.6725,1.4159,1
11-Apr-2018,0.7749,1.2384,65.1272,107.09,3.6725,1.4193,1
12-Apr-2018,0.7751,1.2323,65.3496,106.82,3.6725,1.41865,1
13-Apr-2018,0.778,1.2317,65.2226,107.33,3.6725,1.4279,1
16-Apr-2018,0.7769,1.237,65.4476,107.22,3.6725,1.42995,1
17-Apr-2018,0.7771,1.2357,65.6124,107,3.6725,1.4334,1
18-Apr-2018,0.7771,1.2388,65.6814,107.32,3.6725,1.42075,1
19-Apr-2018,0.7804,1.2382,65.7837,107.44,3.6725,1.4218,1
20-Apr-2018,0.7714,1.2309,66.0167,107.49,3.6725,1.4074,1
23-Apr-2018,0.7673,1.2238,66.2177,107.82,3.6725,1.3953,1
24-Apr-2018,0.7608,1.2213,66.3622,108.76,3.6725,1.3941,1
25-Apr-2018,,1.2185,66.6983,109.18,3.6725,1.39525,1
26-Apr-2018,0.7574,1.2168,66.8299,109.37,3.6725,1.39655,1
27-Apr-2018,0.7545,1.207,66.7801,109.31,3.6725,1.37685,1
30-Apr-2018,0.757,1.2079,66.7801,109.31,3.6725,1.3725,1
1-May-2018,0.754,,,109.3,3.6725,1.36945,1
2-May-2018,0.7503,1.2007,66.6636,109.83,3.6725,1.36535,1
3-May-2018,0.7524,1.1992,66.6093,,3.6725,1.3585,1
4-May-2018,0.7538,1.1969,66.7681,,3.6725,1.35685,1
7-May-2018,0.752,1.1902,67.106,108.94,3.6725,1.35315,1
8-May-2018,0.7514,1.187,67.0809,108.91,3.6725,1.35145,1
9-May-2018,0.7435,1.1879,67.3815,109.5,3.6725,1.35645,1
10-May-2018,0.7458,1.1878,67.3786,109.91,3.6725,1.3566,1
11-May-2018,0.7534,1.1934,67.2203,109.41,3.6725,1.3575,1
14-May-2018,0.7549,1.1988,67.3153,109.33,3.6725,1.3592,1
15-May-2018,0.7508,1.1883,67.5288,109.7,3.6725,1.3539,1
16-May-2018,0.7484,1.1784,67.8276,110.28,3.6725,1.3473,1
17-May-2018,0.754,1.1805,67.7156,110.36,3.6725,1.3493,1
18-May-2018,0.7519,1.1781,67.9577,110.89,3.6725,1.3482,1
21-May-2018,0.7519,1.1759,68.0883,111.04,3.6725,1.3401,1
22-May-2018,0.7588,1.1794,68.0187,110.95,3.6725,1.3457,1
23-May-2018,0.7541,1.1708,68.2139,110.48,3.6725,1.3351,1
24-May-2018,0.7562,1.1728,68.3872,109.5,3.6725,1.3404,1
25-May-2018,0.7565,1.1675,68.26,109.54,3.6725,1.3341,1
29-May-2018,0.7535,1.1558,67.8201,109,3.6725,1.3249,1
30-May-2018,0.7501,1.1632,67.6288,108.5,3.6725,1.3276,1
31-May-2018,0.7564,1.1699,67.4526,108.66,3.6725,1.3326,1
1-Jun-2018,0.7541,1.1669,67.184,109.05,3.6725,1.3324,1
4-Jun-2018,0.7615,1.1737,67.0543,109.66,3.6725,1.3386,1
5-Jun-2018,0.7633,1.1675,67.1794,109.88,3.6725,1.336,1
6-Jun-2018,0.7664,1.1765,67.0397,109.86,3.6725,1.34175,1
7-Jun-2018,0.7659,1.1836,67.0181,109.96,3.6725,1.34535,1
8-Jun-2018,0.7609,1.1754,67.5228,109.81,3.6725,1.3389,1
11-Jun-2018,,1.179,67.3353,109.7,3.6725,1.33525,1
12-Jun-2018,0.7615,1.1788,67.4571,110.4,3.6725,1.3391,1
13-Jun-2018,0.7574,1.1764,67.6251,110.48,3.6725,1.3329,1
14-Jun-2018,0.7555,1.173,67.6875,110.22,3.6725,1.3432,1
15-Jun-2018,0.7465,1.1596,67.9739,110.7,3.6725,1.3291,1
18-Jun-2018,0.745,1.1613,68.0248,110.54,3.6725,1.3252,1
19-Jun-2018,0.738,1.1534,68.1511,110.14,3.6725,1.3171,1
20-Jun-2018,0.7402,1.1578,68.0838,110.02,3.6725,1.3158,1
21-Jun-2018,0.736,1.1538,68.195,110.58,3.6725,1.3182,1
22-Jun-2018,0.7398,1.1648,67.7695,110.03,3.6725,1.32965,1
25-Jun-2018,0.7419,1.17,68.1466,109.5,3.6725,1.3255,1
26-Jun-2018,0.7416,1.1672,68.1676,109.6,3.6725,1.3241,1
27-Jun-2018,0.738,1.1616,68.5246,109.9,3.6725,1.3208,1
28-Jun-2018,0.7353,1.1583,68.9389,110.05,3.6725,1.3098,1
29-Jun-2018,0.7391,1.1658,68.5753,110.45,3.6725,1.31395,1
2-Jul-2018,0.7382,1.1639,68.6227,111,3.6725,1.3164,1
3-Jul-2018,0.736,1.1665,68.6935,111,3.6725,1.3187,1
5-Jul-2018,0.7378,1.1709,68.7545,110.38,3.6725,1.32445,1
6-Jul-2018,0.7408,1.1724,68.8757,110.7,3.6725,1.32355,1
9-Jul-2018,0.7467,1.1789,68.6573,110.48,3.6725,1.3333,1
10-Jul-2018,0.7457,1.1713,68.7942,110.99,3.6725,1.32325,1
11-Jul-2018,0.7408,1.1735,68.829,110.88,3.6725,1.3245,1
12-Jul-2018,0.7384,1.1658,68.6313,112.28,3.6725,1.3198,1
13-Jul-2018,0.7416,1.1643,68.4094,112.7,3.6725,1.31275,1
16-Jul-2018,0.7436,1.172,68.5877,,3.6725,1.3278,1
17-Jul-2018,0.7427,1.1707,68.2978,112.39,3.6725,1.324,1
18-Jul-2018,0.7361,1.1611,68.5652,112.95,3.6725,1.30305,1
19-Jul-2018,0.7411,1.1588,68.8331,112.75,3.6725,1.2986,1
20-Jul-2018,0.7375,1.167,68.8458,112.58,3.6725,1.3034,1
23-Jul-2018,0.7423,1.1716,68.704,110.92,3.6725,1.31435,1
24-Jul-2018,0.7376,1.1706,69.053,111.25,3.6725,1.31345,1
25-Jul-2018,0.7402,1.169,68.8028,111.28,3.6725,1.31605,1
26-Jul-2018,0.7436,1.1716,68.7017,110.71,3.6725,1.31755,1
27-Jul-2018,0.7389,1.1625,68.7041,111.12,3.6725,1.30985,1
30-Jul-2018,0.7397,1.1684,68.7531,111.04,3.6725,1.31105,1
31-Jul-2018,0.7431,1.1736,68.6068,110.97,3.6725,1.3163,1
1-Aug-2018,0.7407,1.1696,68.6058,111.83,3.6725,1.3129,1
2-Aug-2018,0.7385,1.1617,68.3566,111.69,3.6725,1.31095,1
3-Aug-2018,0.737,1.1588,68.7933,111.75,3.6725,1.3003,1
6-Aug-2018,,1.1543,68.6833,111.34,3.6725,1.29355,1
7-Aug-2018,0.7402,1.1602,68.8,111.33,3.6725,1.2965,1
8-Aug-2018,0.7427,1.1589,68.6465,111.4,3.6725,1.2861,1
9-Aug-2018,0.7441,1.1593,68.624,110.82,3.6725,1.2888,1
10-Aug-2018,0.7331,1.1456,68.9538,110.88,3.6725,1.2771,1
13-Aug-2018,0.7279,1.1403,69.4685,110.25,3.6725,1.275,1
14-Aug-2018,0.7271,1.1406,,110.76,3.6725,1.2773,1
15-Aug-2018,0.7213,1.1321,,111.37,3.6725,1.271,1
16-Aug-2018,0.7275,1.137,70.2287,110.83,3.6725,1.26945,1
17-Aug-2018,0.727,1.1391,,110.87,3.6725,1.2709,1
20-Aug-2018,0.7306,1.142,69.7617,110.5,3.6725,1.2751,1
21-Aug-2018,0.736,1.1502,69.6668,109.92,3.6725,1.2835,1
22-Aug-2018,0.7356,1.1616,,110.15,3.6725,1.289,1
23-Aug-2018,0.7294,1.1579,70.0656,110.84,3.6725,1.2904,1
24-Aug-2018,0.728,1.1588,70.1377,111.42,3.6725,1.2857,1
27-Aug-2018,0.7323,1.1633,70.0366,111.21,3.6725,,1
28-Aug-2018,0.7328,1.171,70.1687,111.27,3.6725,1.28945,1
29-Aug-2018,0.7309,1.166,70.5046,111.25,3.6725,1.2887,1
30-Aug-2018,0.728,1.1692,70.7329,111.66,3.6725,1.30165,1
31-Aug-2018,0.726,1.1651,70.9255,111,3.6725,1.30055,1
4-Sep-2018,0.7228,1.1562,71.1857,111.08,3.6725,1.2824,1
5-Sep-2018,0.7186,1.1582,71.7533,111.5,3.6725,1.28245,1
6-Sep-2018,0.7171,1.1634,71.9214,111.25,3.6725,1.2934,1
7-Sep-2018,0.7151,1.1615,71.9009,110.5,3.6725,1.302,1
10-Sep-2018,0.7115,1.1571,72.5745,110.94,3.6725,1.2931,1
11-Sep-2018,0.7126,1.1574,72.3227,111.45,3.6725,1.3016,1
12-Sep-2018,0.7103,1.1585,72.7549,111.55,3.6725,1.2984,1
13-Sep-2018,0.7181,1.162,,111.42,3.6725,1.30615,1
14-Sep-2018,0.72,1.1689,71.8129,112.05,3.6725,1.31195,1
17-Sep-2018,0.7162,1.1671,72.5505,,3.6725,1.3107,1
18-Sep-2018,0.7207,1.1697,72.3796,111.8,3.6725,1.3139,1
19-Sep-2018,0.7248,1.1667,72.6781,112.35,3.6725,1.3184,1
20-Sep-2018,0.726,1.1769,,112.33,3.6725,1.32325,1
21-Sep-2018,0.7296,1.1759,71.8489,112.7,3.6725,1.3189,1
24-Sep-2018,0.7262,1.1773,72.6927,,3.6725,1.313,1
25-Sep-2018,0.7244,1.1777,72.8134,112.95,3.6725,1.3154,1
26-Sep-2018,0.7264,1.1737,72.7182,112.92,3.6725,1.31455,1
27-Sep-2018,0.7233,1.1707,72.6505,112.83,3.6725,1.3139,1
28-Sep-2018,0.7222,1.1576,72.5474,113.47,3.6725,1.3041,1
1-Oct-2018,,1.1606,72.8036,113.9,3.6725,1.3039,1
2-Oct-2018,0.72,1.1543,,113.94,3.6725,1.2947,1
3-Oct-2018,0.7182,1.1548,73.0299,113.6,3.6725,1.2981,1
4-Oct-2018,0.7085,1.1502,73.7509,114.4,3.6725,1.29825,1
5-Oct-2018,0.7065,1.1506,73.5809,114.09,3.6725,1.30375,1
9-Oct-2018,0.709,1.1435,74.0989,113,3.6725,1.3051,1
10-Oct-2018,0.7118,1.15,74.1316,113.04,3.6725,1.3163,1
11-Oct-2018,0.7072,1.1575,74.3875,112.15,3.6725,1.3207,1
12-Oct-2018,0.7123,1.1574,73.7967,112.16,3.6725,1.32195,1
15-Oct-2018,0.7108,1.1581,73.9708,111.99,3.6725,1.3174,1
16-Oct-2018,0.7122,1.1587,73.9041,111.86,3.6725,1.32185,1
17-Oct-2018,0.7136,1.153,73.4846,112.39,3.6725,1.3132,1
18-Oct-2018,0.7131,1.1505,,112.51,3.6725,1.3129,1
19-Oct-2018,0.7109,1.147,73.4354,112.32,3.6725,1.30305,1
22-Oct-2018,0.7107,1.1494,73.3025,112.45,3.6725,1.3027,1
23-Oct-2018,0.7063,1.1478,73.7818,112.75,3.6725,1.29865,1
24-Oct-2018,0.7104,1.1389,73.2645,112.44,3.6725,1.2918,1
25-Oct-2018,0.7077,1.1416,73.2746,111.95,3.6725,1.2895,1
26-Oct-2018,0.7034,1.1345,73.374,112.41,3.6725,1.2791,1
29-Oct-2018,0.7099,1.1381,73.4181,111.95,3.6725,1.2827,1
30-Oct-2018,0.7093,1.1372,73.5709,112.51,3.6725,1.2741,1
31-Oct-2018,0.7085,1.1318,73.9936,113.24,3.6725,1.2774,1
1-Nov-2018,0.713,1.1393,73.8295,112.89,3.6725,1.29155,1
2-Nov-2018,0.7243,1.1417,72.8798,113.05,3.6725,1.3021,1
5-Nov-2018,0.7189,1.137,73.074,113.2,3.6725,1.30035,1
6-Nov-2018,0.7213,1.1428,,113.28,3.6725,1.3068,1
7-Nov-2018,0.7264,1.1487,,113.6,3.6725,1.316,1
8-Nov-2018,0.7274,1.1424,,113.62,3.6725,1.3104,1
9-Nov-2018,0.7244,1.1346,72.7347,113.9,3.6725,1.3026,1
12-Nov-2018,0.7226,1.1265,72.9078,114.09,3.6725,1.28685,1
13-Nov-2018,0.7212,1.1261,72.5853,113.7,3.6725,1.2921,1
14-Nov-2018,0.7217,1.1296,72.1039,113.92,3.6725,1.29345,1
15-Nov-2018,0.7279,1.1305,72.16,113.61,3.6725,1.28135,1
16-Nov-2018,0.7269,1.1346,71.8023,113.4,3.6725,1.2815,1
19-Nov-2018,0.7308,1.1427,71.9007,112.77,3.6725,1.28115,1
20-Nov-2018,0.7274,1.1421,71.3276,112.5,,1.2847,1
21-Nov-2018,0.7235,1.1409,,112.89,3.6725,1.2807,1
26-Nov-2018,0.725,1.1363,70.7144,113.25,3.6725,1.2857,1
27-Nov-2018,0.7228,1.1328,70.9065,113.5,3.6725,1.2745,1
28-Nov-2018,0.7233,1.1284,70.6881,113.8,3.6725,1.28,1
29-Nov-2018,0.7314,1.1387,69.9159,113.27,3.6725,1.2767,1
30-Nov-2018,0.7316,1.1359,69.6574,113.43,3.6725,1.2755,1
3-Dec-2018,0.7367,1.1332,70.028,113.5,3.6725,1.2723,1
4-Dec-2018,0.7375,1.1409,70.3455,113.59,3.6725,1.281,1
5-Dec-2018,0.7288,1.1354,,113,,1.27735,1
6-Dec-2018,0.7226,1.1351,71.0371,112.8,3.6725,1.2746,1
7-Dec-2018,0.7233,1.1371,70.5663,112.75,3.6725,1.277,1
10-Dec-2018,0.7221,1.1425,71.3257,112.57,3.6725,1.26585,1
11-Dec-2018,0.7205,1.1379,71.9274,113.06,3.6725,1.2605,1
12-Dec-2018,0.7215,1.1346,72.0407,113.5,3.6725,1.2547,1
13-Dec-2018,0.7226,1.1371,71.5368,113.45,3.6725,1.2654,1
14-Dec-2018,0.7189,1.1285,71.7359,113.58,3.6725,1.2556,1
17-Dec-2018,0.7173,1.1341,71.673,113.48,3.6725,1.26415,1
18-Dec-2018,0.7189,1.1377,71.194,112.5,3.6725,1.2694,1
19-Dec-2018,0.7193,1.1405,70.1094,112.4,3.6725,1.26495,1
20-Dec-2018,0.7095,1.1451,70.2835,112.52,3.6725,1.26865,1
21-Dec-2018,0.711,1.1414,70.0368,111.24,3.6725,1.267,1
26-Dec-2018,,,69.9906,110.44,3.6725,1.2674,1
27-Dec-2018,0.706,1.1377,70.327,111.1,3.6725,1.2629,1
28-Dec-2018,0.7051,1.1454,69.9786,110.83,3.6725,1.26955,1
2-Jan-2019,0.702,1.1397,69.6089,,3.6725,1.26605,1
3-Jan-2019,0.6945,1.1348,70.3627,,3.6725,1.2556,1
4-Jan-2019,0.7024,1.1403,69.8653,107.63,3.6725,1.2666,1
7-Jan-2019,0.7133,1.1445,69.4814,108.49,3.6725,1.2754,1
8-Jan-2019,0.713,1.144,70.0221,108.74,3.6725,1.27755,1
9-Jan-2019,0.7154,1.1455,70.4418,108.9,3.6725,1.2733,1
10-Jan-2019,0.7185,1.1535,70.5135,107.93,3.6725,1.2738,1
11-Jan-2019,0.722,1.1533,70.4737,108.4,3.6725,1.2825,1
14-Jan-2019,0.7184,1.1467,70.8244,,3.6725,1.2875,1
15-Jan-2019,0.7212,1.1424,71.0298,108.36,3.6725,1.28615,1
16-Jan-2019,0.7196,1.1389,71.1847,108.46,3.6725,1.2849,1
17-Jan-2019,0.7152,1.1396,71.3418,109.02,3.6725,1.2898,1
18-Jan-2019,0.7193,1.1402,71.1418,109.35,3.6725,1.2933,1
22-Jan-2019,0.7137,1.1354,71.3761,109.63,3.6725,1.2896,1
23-Jan-2019,0.7137,1.1367,71.2039,109.64,3.6725,1.3034,1
24-Jan-2019,0.711,1.1341,71.282,109.5,3.6725,1.3021,1
25-Jan-2019,0.7095,1.1346,71.1051,109.72,3.6725,1.3095,1
28-Jan-2019,,1.1418,71.134,109.32,3.6725,1.3145,1
29-Jan-2019,0.7167,1.1422,71.0942,109.18,3.6725,1.3157,1
30-Jan-2019,0.7195,1.1429,71.2442,109.39,3.6725,1.3101,1
31-Jan-2019,0.7268,1.1488,71.0333,108.92,3.6725,1.31295,1
1-Feb-2019,0.7241,1.1471,71.1102,108.88,3.6725,1.3062,1
4-Feb-2019,0.7227,1.1445,71.658,109.53,3.6725,1.3064,1
5-Feb-2019,0.726,1.1423,71.7459,109.99,3.6725,1.30125,1
6-Feb-2019,0.7153,1.1394,71.5731,109.75,3.6725,1.29515,1
7-Feb-2019,0.7099,1.1345,71.4688,109.88,3.6725,1.2873,1
8-Feb-2019,0.7076,1.1346,71.2949,109.8,3.6725,1.29605,1
11-Feb-2019,0.7093,1.1309,71.1621,,,1.2914,1
12-Feb-2019,0.7072,1.1296,70.9353,110.5,3.6725,1.28545,1
13-Feb-2019,0.7134,1.1305,70.5547,110.55,3.6725,1.2942,1
14-Feb-2019,0.7119,1.1268,70.9408,111,3.6725,1.2807,1
15-Feb-2019,0.7093,1.126,71.2515,110.38,3.6725,1.2819,1
19-Feb-2019,0.7113,1.1294,,110.68,3.6725,1.29185,1
20-Feb-2019,0.7163,1.1342,71.1773,110.84,3.6725,1.3024,1
21-Feb-2019,0.7162,1.1354,71.154,110.72,3.6725,1.30555,1
22-Feb-2019,0.7093,1.1325,71.2177,110.72,3.6725,1.301,1
25-Feb-2019,0.7144,1.1355,71.042,110.8,3.6725,1.3085,1
26-Feb-2019,0.7159,1.1361,71.0952,110.8,3.6725,1.3211,1
27-Feb-2019,0.7183,1.1386,71.1663,110.55,3.6725,1.3318,1
28-Feb-2019,0.7146,1.1416,71.1953,110.89,3.6725,1.3303,1
1-Mar-2019,0.7093,1.1383,70.9696,111.7,3.6725,1.32235,1
4-Mar-2019,0.7095,1.1337,,112,3.6725,1.3188,1
5-Mar-2019,0.7076,1.1329,70.7601,111.85,3.6725,1.31775,1
6-Mar-2019,0.7035,1.1305,70.5798,111.77,3.6725,1.3136,1
7-Mar-2019,0.7049,1.1271,70.0268,111.65,3.6725,1.3138,1
8-Mar-2019,0.7009,1.1222,70.101,111.52,3.6725,1.3073,1
11-Mar-2019,0.7044,1.1244,69.9308,111.12,3.6725,1.3021,1
12-Mar-2019,0.7069,1.1275,69.595,111.4,3.6725,1.3053,1
13-Mar-2019,0.7055,1.1303,69.6225,111.3,3.6725,1.3157,1
14-Mar-2019,0.7059,1.1295,69.6657,111.25,3.6725,1.32285,1
15-Mar-2019,0.7081,1.1308,69.2131,111.86,3.6725,1.3264,1
18-Mar-2019,0.7115,1.1349,68.6088,111.55,3.6725,1.32625,1
19-Mar-2019,0.7105,1.1358,68.5847,111.28,3.6725,1.32775,1
20-Mar-2019,0.7075,1.1354,68.8604,111.6,3.6725,1.32225,1
21-Mar-2019,0.7145,1.1387,,,3.6725,1.31245,1
22-Mar-2019,0.7106,1.1302,68.6607,110.71,3.6725,1.3145,1
25-Mar-2019,0.7079,1.1325,68.9903,109.8,3.6725,1.3188,1
26-Mar-2019,0.7122,1.1291,68.8469,110.09,3.6725,1.3242,1
27-Mar-2019,0.7101,1.1261,68.903,110.55,3.6725,1.3225,1
28-Mar-2019,0.7097,1.1218,69.0038,110.2,3.6725,1.3121,1
29-Mar-2019,0.7087,1.1235,69.1713,110.92,3.6725,1.31055,1
1-Apr-2019,0.7121,1.1236,,111.08,3.6725,1.3105,1
2-Apr-2019,0.708,1.12,69.1198,111.35,3.6725,1.3058,1
3-Apr-2019,0.7106,1.1243,68.4896,111.47,3.6725,1.3173,1
4-Apr-2019,0.7111,1.1219,68.8446,111.49,3.6725,1.31475,1
5-Apr-2019,0.7125,1.1233,69.1965,111.77,3.6725,1.30615,1
8-Apr-2019,0.7094,1.1246,69.5142,111.45,3.6725,1.3053,1
9-Apr-2019,0.7136,1.1277,69.5397,111.35,3.6725,1.3088,1
10-Apr-2019,0.7144,1.1279,69.1482,111.17,3.6725,1.3081,1
11-Apr-2019,0.7163,1.1264,68.9742,111.07,3.6725,1.3098,1
12-Apr-2019,0.7132,1.1321,69.324,111.75,3.6725,1.30825,1
15-Apr-2019,0.7168,1.1313,69.2293,111.99,3.6725,1.3112,1
16-Apr-2019,0.7147,1.1305,69.577,111.97,3.6725,1.3087,1
17-Apr-2019,0.72,1.1301,,112,3.6725,1.30465,1
18-Apr-2019,0.7183,1.125,69.4189,111.98,3.6725,1.30095,1
19-Apr-2019,,,,111.93,3.6725,,1
22-Apr-2019,,,69.7423,111.96,3.6725,,1
23-Apr-2019,0.7121,1.1245,69.7474,111.83,3.6725,1.3007,1
24-Apr-2019,0.7039,1.1209,69.9045,111.93,3.6725,1.29375,1
25-Apr-2019,,1.1123,69.9418,112,3.6725,1.2874,1
26-Apr-2019,0.7025,1.1133,70.1445,111.7,3.6725,1.29115,1
29-Apr-2019,0.7056,1.115,,,3.6725,1.2921,1
30-Apr-2019,0.7039,1.1218,69.8368,111.7,3.6725,1.30105,1
1-May-2019,0.7054,,,,3.6725,1.30655,1
2-May-2019,0.702,1.1212,69.5419,,3.6725,1.30575,1
3-May-2019,0.6998,1.1155,69.2679,,3.6725,1.2999,1
6-May-2019,0.6989,1.1199,69.3558,,3.6725,,1
7-May-2019,0.7034,1.1185,69.3095,110.72,3.6725,1.30885,1
8-May-2019,0.7023,1.1202,69.6009,110.01,3.6725,1.3017,1
9-May-2019,0.6976,1.1193,69.8685,109.95,3.6725,1.2984,1
10-May-2019,0.6995,1.123,69.9212,109.85,3.6725,1.3022,1
13-May-2019,0.6976,1.1245,70.2576,109.75,3.6725,1.30245,1
14-May-2019,0.6955,1.1226,70.4208,109.58,3.6725,1.29525,1
15-May-2019,0.6932,1.1183,70.2087,109.65,3.6725,1.2907,1
16-May-2019,0.6914,1.1203,70.2469,109.46,3.6725,1.2823,1
17-May-2019,0.6881,1.1172,70.1666,109.94,3.6725,1.2757,1
20-May-2019,0.692,1.1167,69.5466,110.17,3.6725,1.2741,1
21-May-2019,0.6878,1.1161,69.7291,110.15,3.6725,1.26955,1
22-May-2019,0.6875,1.1171,69.7655,110.51,3.6725,1.26675,1
23-May-2019,0.6876,1.1139,69.6732,110.22,3.6725,1.2646,1
24-May-2019,0.6888,1.1187,69.6096,109.71,3.6725,1.2693,1
28-May-2019,0.6929,1.1192,69.6142,109.52,3.6725,1.26735,1
29-May-2019,0.693,1.1156,69.8805,109.27,3.6725,1.2643,1
30-May-2019,0.6929,1.1134,69.7852,109.57,3.6725,1.2631,1
31-May-2019,0.6916,1.1151,69.8058,109.33,3.6725,1.25805,1
3-Jun-2019,0.6948,1.1185,69.4338,108.25,3.6725,1.2647,1
4-Jun-2019,0.6982,1.1244,69.2918,108.02,3.6725,1.269,1
5-Jun-2019,0.7,1.1257,,108.12,,1.27095,1
6-Jun-2019,0.6975,1.1266,69.3205,108.24,,1.2691,1
7-Jun-2019,0.697,1.1273,69.3019,108.48,,1.27165,1
10-Jun-2019,,1.1301,69.4598,108.49,3.6725,1.26755,1
11-Jun-2019,0.6953,1.132,69.4222,108.6,3.6725,1.27,1
12-Jun-2019,0.6948,1.1323,69.4048,108.45,3.6725,1.2734,1
13-Jun-2019,0.6913,1.1289,69.3579,108.33,3.6725,1.26705,1
14-Jun-2019,0.6898,1.1265,69.5646,108.38,3.6725,1.26385,1
17-Jun-2019,0.6878,1.1234,69.8362,108.6,3.6725,1.25945,1
18-Jun-2019,0.684,1.1187,69.801,108.54,3.6725,1.25355,1
19-Jun-2019,0.6878,1.1207,69.6677,108.37,3.6725,1.2586,1
20-Jun-2019,0.6895,1.1307,69.5645,107.65,3.6725,1.27,1
21-Jun-2019,0.6933,1.1316,69.6343,107.1,3.6725,1.2663,1
24-Jun-2019,0.6954,1.1394,69.4788,107.4,3.6725,1.27405,1
25-Jun-2019,0.6958,1.1388,69.3398,107,3.6725,1.2756,1
26-Jun-2019,0.697,1.1362,69.3192,107.36,3.6725,1.2689,1
27-Jun-2019,0.6992,1.137,69.2216,108.08,3.6725,1.2714,1
28-Jun-2019,0.7013,1.138,68.918,107.68,3.6725,1.26875,1
1-Jul-2019,0.6994,1.1349,68.9665,108.24,3.6725,1.2637,1
2-Jul-2019,0.6979,1.1301,68.9924,108.42,3.6725,1.26275,1
3-Jul-2019,0.6998,1.1293,68.8776,107.6,3.6725,1.25705,1
5-Jul-2019,,1.126,,107.86,,1.25475,1
8-Jul-2019,0.699,1.1215,68.6982,108.52,3.6725,1.2523,1
9-Jul-2019,0.6958,1.1205,68.7301,108.86,3.6725,1.2465,1
10-Jul-2019,0.6924,1.122,68.5269,108.9,3.6725,1.247,1
11-Jul-2019,0.6972,1.1285,68.3665,108.14,3.6725,1.256,1
12-Jul-2019,0.7001,1.1253,68.5855,108.4,3.6725,1.2532,1
15-Jul-2019,0.7034,1.1269,68.5836,,3.6725,1.2546,1
16-Jul-2019,0.7036,1.1223,68.5672,107.95,3.6725,1.2418,1
17-Jul-2019,0.701,1.1215,68.8051,108.17,3.6725,1.2405,1
18-Jul-2019,0.7034,1.1216,68.8758,107.7,3.6725,1.24755,1
19-Jul-2019,0.7065,1.1226,68.8249,107.5,3.6725,1.2543,1
22-Jul-2019,0.7038,1.1215,69.0199,107.96,3.6725,1.2468,1
23-Jul-2019,0.7019,1.1173,68.9922,108.05,3.6725,1.24605,1
24-Jul-2019,0.6985,1.114,69.0135,108.17,3.6725,1.25185,1
25-Jul-2019,0.6968,1.1115,68.9904,108.17,3.6725,1.2495,1
26-Jul-2019,0.6944,1.1138,69.0611,108.65,3.6725,1.24285,1
29-Jul-2019,0.6908,1.1119,68.9023,108.45,3.6725,1.2318,1
30-Jul-2019,0.6895,1.1154,68.75,108.78,3.6725,1.21695,1
31-Jul-2019,0.6894,1.1151,68.8569,108.56,3.6725,1.2165,1
1-Aug-2019,0.6851,1.1037,69.058,109.24,3.6725,1.2103,1
2-Aug-2019,0.6812,1.1106,69.3981,107.11,3.6725,1.2106,1
5-Aug-2019,,1.1182,70.3584,106.03,3.6725,1.2164,1
6-Aug-2019,0.6784,1.1187,70.7226,105.6,3.6725,1.2183,1
7-Aug-2019,0.6716,1.1202,70.9553,106.15,3.6725,1.2137,1
8-Aug-2019,0.6775,1.1193,70.8497,106.11,3.6725,1.2152,1
9-Aug-2019,0.681,1.1198,70.5185,105.98,3.6725,1.2088,1
12-Aug-2019,0.6786,1.1194,,,3.6725,1.20865,1
13-Aug-2019,0.6764,1.1222,71.2365,105.43,,1.2086,1
14-Aug-2019,0.6788,1.1188,71.0968,106.36,3.6725,1.2099,1
15-Aug-2019,0.6783,1.115,,105.93,,1.2093,1
16-Aug-2019,0.679,1.1076,71.2872,106.15,3.6725,1.216,1
19-Aug-2019,0.6783,1.1103,71.3419,106.38,3.6725,1.2123,1
20-Aug-2019,0.6789,1.1076,71.6483,106.56,3.6725,1.2075,1
21-Aug-2019,0.6781,1.1104,71.5508,106.47,3.6725,1.2123,1
22-Aug-2019,0.6769,1.1083,71.7033,106.45,3.6725,1.21385,1
23-Aug-2019,0.6756,1.1065,71.7267,106.55,3.6725,1.2218,1
26-Aug-2019,0.6734,1.1116,72.1814,105.25,3.6725,1.22415,1
27-Aug-2019,0.6758,1.1104,71.8206,105.84,3.6725,1.2254,1
28-Aug-2019,0.6738,1.1083,71.7041,105.79,3.6725,1.221,1
29-Aug-2019,0.6722,1.1072,71.9971,105.92,3.6725,1.21965,1
30-Aug-2019,0.6718,1.1036,71.7586,106.43,,1.2178,1
3-Sep-2019,0.6719,1.0937,72.1899,106.3,3.6725,1.2031,1
4-Sep-2019,0.6775,1.1018,72.07,105.99,3.6725,1.221,1
5-Sep-2019,0.6817,1.1058,71.8611,106.4,3.6725,1.23355,1
6-Sep-2019,0.6823,1.1027,71.7323,107.05,3.6725,1.2298,1
9-Sep-2019,0.686,1.1033,71.5886,106.95,3.6725,1.23755,1
10-Sep-2019,0.6857,1.104,,107.43,3.6725,1.2335,1
11-Sep-2019,0.6875,1.1003,71.6637,107.64,3.6725,1.2354,1
12-Sep-2019,0.6881,1.0963,71.3175,108.03,3.6725,1.23205,1
13-Sep-2019,0.6873,1.1096,70.9387,108.2,3.6725,1.24525,1
16-Sep-2019,0.6875,1.1031,71.5362,,3.6725,1.2451,1
17-Sep-2019,0.6841,1.1026,71.8196,108.19,3.6725,1.2404,1
18-Sep-2019,0.6849,1.1053,71.3132,108.21,3.6725,1.2463,1
19-Sep-2019,0.679,1.1067,71.1382,108.13,3.6725,1.24505,1
20-Sep-2019,0.6802,1.103,70.937,108,3.6725,1.2501,1
23-Sep-2019,0.6778,1.0985,70.9212,,3.6725,1.24295,1
24-Sep-2019,0.6781,1.1003,70.8477,107.66,3.6725,1.24445,1
25-Sep-2019,0.6782,1.0982,71.0395,107.07,3.6725,1.2417,1
26-Sep-2019,0.6752,1.0938,70.9021,107.71,3.6725,1.23425,1
27-Sep-2019,0.6762,1.0935,70.8381,107.77,,1.23065,1
30-Sep-2019,0.6749,1.0889,70.685,107.95,3.6725,1.2301,1
1-Oct-2019,0.6708,1.0898,70.9109,108.17,3.6725,1.2303,1
2-Oct-2019,0.6714,1.0925,,107.84,3.6725,1.22525,1
3-Oct-2019,0.6717,1.0951,71.1163,107.14,3.6725,1.22925,1
4-Oct-2019,0.6755,1.0979,70.8703,106.82,3.6725,1.2336,1
7-Oct-2019,,1.0993,70.9763,106.8,3.6725,1.233,1
8-Oct-2019,0.6748,1.0986,,107.39,3.6725,1.2218,1
9-Oct-2019,0.6736,1.0981,71.1121,107.09,3.6725,1.2224,1
10-Oct-2019,0.6746,1.103,71.0516,107.33,3.6725,1.2246,1
11-Oct-2019,0.6777,1.1043,71.0272,108,3.6725,1.25625,1
15-Oct-2019,0.6773,1.1007,71.3186,108.33,3.6725,1.2647,1
16-Oct-2019,0.6733,1.1025,71.5051,108.68,3.6725,1.27575,1
17-Oct-2019,0.6785,1.1113,71.4087,108.75,3.6725,1.2878,1
18-Oct-2019,0.6831,1.1144,71.1988,108.67,3.6725,1.2895,1
21-Oct-2019,0.686,1.1173,,108.49,3.6725,1.29785,1
22-Oct-2019,0.6876,1.113,70.8731,,3.6725,1.2958,1
23-Oct-2019,0.6843,1.1123,70.9373,108.38,3.6725,1.28615,1
24-Oct-2019,0.6843,1.1128,70.9338,108.61,3.6725,1.28915,1
25-Oct-2019,0.6818,1.1107,70.9593,108.7,3.6725,1.2833,1
28-Oct-2019,0.6814,1.1087,,108.76,3.6725,1.28315,1
29-Oct-2019,0.6854,1.1095,70.9523,108.97,3.6725,1.2851,1
30-Oct-2019,0.6864,1.1106,70.7303,108.84,3.6725,1.2895,1
31-Oct-2019,0.6926,1.1154,70.9915,108.83,3.6725,1.29595,1
1-Nov-2019,0.6905,1.1139,70.8095,107.98,3.6725,1.2964,1
4-Nov-2019,0.6921,1.1158,70.6821,,3.6725,1.29195,1
5-Nov-2019,0.6904,1.1109,70.7283,108.77,3.6725,1.2908,1
6-Nov-2019,0.6897,1.109,70.8861,109.06,3.6725,1.2885,1
7-Nov-2019,0.6867,1.1077,71.0079,108.7,3.6725,1.28275,1
8-Nov-2019,0.6881,1.1034,71.2494,109.35,,1.2803,1
11-Nov-2019,0.6853,1.1041,71.445,109.03,3.6725,1.28315,1
12-Nov-2019,0.6847,1.1015,,109.14,3.6725,1.2835,1
13-Nov-2019,0.6843,1.1006,71.7002,109.04,3.6725,1.2833,1
14-Nov-2019,0.6798,1.0997,72.0501,108.73,3.6725,1.28365,1
15-Nov-2019,0.6795,1.1034,71.7109,108.57,3.6725,1.2878,1
18-Nov-2019,0.6811,1.1061,71.7131,108.8,3.6725,1.2948,1
19-Nov-2019,0.6798,1.1077,71.8138,108.53,3.6725,1.29385,1
20-Nov-2019,0.6817,1.1059,71.6756,108.5,3.6725,1.2896,1
21-Nov-2019,0.6797,1.1091,71.7996,108.48,3.6725,1.29515,1
22-Nov-2019,0.6788,1.1058,71.8514,108.66,,1.2878,1
25-Nov-2019,0.6794,1.1008,71.6468,108.78,3.6725,1.28725,1
26-Nov-2019,0.6782,1.102,71.5909,109.05,3.6725,1.2873,1
27-Nov-2019,0.6777,1.1009,71.3627,109.11,3.6725,1.289,1
2-Dec-2019,0.6774,1.1023,71.7217,109.66,,1.2918,1
3-Dec-2019,0.6841,1.1071,71.6006,109.13,,1.29925,1
4-Dec-2019,0.6825,1.1081,71.78,108.55,3.6725,1.3062,1
5-Dec-2019,0.6839,1.1094,71.5476,108.86,3.6725,1.3135,1
6-Dec-2019,0.6843,1.1094,71.3165,108.78,,1.313,1
9-Dec-2019,0.6832,1.1075,71.162,108.58,3.6725,1.3169,1
10-Dec-2019,0.6829,1.1077,70.8962,108.64,3.6725,1.31765,1
11-Dec-2019,0.6818,1.1075,70.8679,108.74,3.6725,1.31495,1
12-Dec-2019,0.6882,1.1137,70.7494,108.58,3.6725,1.318,1
13-Dec-2019,0.6926,1.1174,70.7178,109.5,,1.3389,1
16-Dec-2019,0.6873,1.1146,70.941,109.39,3.6725,1.33715,1
17-Dec-2019,0.6871,1.1162,70.9687,109.54,3.6725,1.3207,1
18-Dec-2019,0.6846,1.1115,71.0611,109.44,3.6725,1.318,1
19-Dec-2019,0.688,1.1117,71.0813,109.58,3.6725,1.3093,1
20-Dec-2019,0.689,1.1097,71.1569,109.39,,1.30195,1
23-Dec-2019,,1.1075,71.1699,109.42,3.6725,1.2982,1
26-Dec-2019,,,71.2699,109.55,,,1
27-Dec-2019,,1.1153,71.2214,109.49,,1.3079,1
30-Dec-2019,,1.1189,71.3449,109.12,3.6725,1.31215,1
2-Jan-2020,0.7003,1.1193,71.3429,,3.6725,1.31985,1
3-Jan-2020,0.6966,1.1147,71.6949,109.12,,1.3057,1
6-Jan-2020,0.6945,1.1194,72.0919,108.05,3.6725,1.3155,1
7-Jan-2020,0.6928,1.1172,71.7764,108.44,3.6725,1.31475,1
8-Jan-2020,0.6871,1.1115,72.0178,107.82,3.6725,1.3108,1
9-Jan-2020,0.6873,1.111,71.4221,109.22,3.6725,1.30165,1
10-Jan-2020,0.6873,1.1091,71.1136,109.54,,1.30735,1
13-Jan-2020,0.6914,1.1126,70.8115,,3.6725,1.2967,1
14-Jan-2020,0.6902,1.1115,70.9242,110.08,3.6725,1.2998,1
15-Jan-2020,0.6899,1.1142,70.8753,109.93,3.6725,1.3012,1
16-Jan-2020,0.6907,1.1169,70.9065,109.93,3.6725,1.3061,1
17-Jan-2020,0.6895,1.1108,71.0436,110.2,,1.3038,1
21-Jan-2020,0.6865,1.1115,71.1825,110,3.6725,1.306,1
22-Jan-2020,0.6839,1.1088,71.2056,109.88,3.6725,1.30995,1
23-Jan-2020,0.6867,1.1091,71.2437,109.68,3.6725,1.3124,1
24-Jan-2020,0.6847,1.1035,,109.55,,1.30885,1
27-Jan-2020,,1.1025,71.3948,108.93,3.6725,1.3083,1
28-Jan-2020,0.6762,1.1005,71.3263,108.98,3.6725,1.3014,1
29-Jan-2020,0.6774,1.1001,71.1875,109.08,3.6725,1.3015,1
30-Jan-2020,0.6739,1.1029,71.4772,108.95,3.6725,1.30735,1
31-Jan-2020,0.6724,1.1052,71.5096,109.03,,1.31265,1
3-Feb-2020,0.6696,1.1066,71.5803,108.52,3.6725,1.30555,1
4-Feb-2020,0.6719,1.1048,71.135,108.61,3.6725,1.30135,1
5-Feb-2020,0.6738,1.1023,71.2664,109.43,3.6725,1.3061,1
6-Feb-2020,0.676,1.1003,71.2558,109.89,3.6725,1.2963,1
7-Feb-2020,0.6718,1.0969,71.2476,109.89,,1.29305,1
10-Feb-2020,0.6699,1.0951,71.3046,109.64,3.6725,1.2922,1
11-Feb-2020,0.6709,1.0901,71.2291,,3.6725,1.2926,1
12-Feb-2020,0.6728,1.0914,71.258,109.85,3.6725,1.29825,1
13-Feb-2020,0.6719,1.0867,71.4699,109.88,3.6725,1.29835,1
14-Feb-2020,0.6719,1.0842,71.3865,109.85,,1.3031,1
18-Feb-2020,0.6692,1.0816,71.4013,109.75,3.6725,1.30405,1
19-Feb-2020,0.6696,1.08,,110.05,3.6725,1.2987,1
20-Feb-2020,0.665,1.079,71.5899,111.2,3.6725,1.2872,1
21-Feb-2020,0.6605,1.0801,,112.05,,1.2946,1
24-Feb-2020,0.6609,1.0818,71.8522,,3.6725,1.2904,1
25-Feb-2020,0.6614,1.084,71.8598,110.92,3.6725,1.29655,1
26-Feb-2020,0.6596,1.0875,71.7291,110.31,3.6725,1.2932,1
27-Feb-2020,0.6555,1.0964,71.6124,110.31,3.6725,1.28685,1
28-Feb-2020,0.6524,1.0977,72.1895,109.4,,1.2882,1
2-Mar-2020,0.6522,1.1122,72.242,107.67,3.6725,1.2784,1
3-Mar-2020,0.6552,1.1117,72.8733,108.32,3.6725,1.27855,1
4-Mar-2020,0.6595,1.1125,73.5603,107.35,3.6725,1.27965,1
5-Mar-2020,0.662,1.1187,73.2824,107.31,3.6725,1.2922,1
6-Mar-2020,0.6602,1.1336,73.6629,106.24,,1.3011,1
9-Mar-2020,,1.1456,73.9538,102.1,3.6725,1.3101,1
10-Mar-2020,0.6566,1.139,,103.25,3.6725,1.3036,1
11-Mar-2020,0.6505,1.1336,73.8128,105,3.6725,1.292,1
12-Mar-2020,0.6457,1.124,74.1694,104,3.6725,1.2732,1
13-Mar-2020,0.6307,1.1104,74.0694,105.08,,1.2517,1
16-Mar-2020,0.6176,1.1157,74.2723,106.9,3.6725,1.2327,1
17-Mar-2020,0.6121,1.0982,74.0309,106.58,3.6725,1.21135,1
18-Mar-2020,0.6018,1.0934,74.1727,107.35,3.6725,1.1923,1
19-Mar-2020,0.5571,1.0801,75.0583,108.85,3.6725,1.1541,1
20-Mar-2020,0.5853,1.0707,,,,1.17555,1
23-Mar-2020,0.5762,1.0783,75.8814,110.18,3.6725,1.1531,1
24-Mar-2020,0.5912,1.0843,76.1522,110.45,3.6725,1.174,1
25-Mar-2020,0.6007,1.0827,,111.13,3.6725,1.1884,1
26-Mar-2020,0.5931,1.0981,75.2392,110.74,3.6725,1.1971,1
27-Mar-2020,0.6102,1.0977,74.8434,108.4,,1.22175,1
30-Mar-2020,0.615,1.1034,75.3451,107.55,3.6725,1.24135,1
31-Mar-2020,0.6175,1.0956,75.3859,108.7,3.6725,1.23605,1
1-Apr-2020,0.6124,1.0936,75.3859,107.58,3.6725,1.238,1
2-Apr-2020,0.6081,1.0906,,107.48,3.6725,1.24455,1
3-Apr-2020,0.6072,,75.8276,108.1,,1.22695,1
6-Apr-2020,0.6035,1.0791,,108.95,3.6725,1.231,1
7-Apr-2020,0.6145,1.0885,75.8438,108.86,3.6725,1.22905,1
8-Apr-2020,0.6146,1.0871,76.0867,108.86,3.6725,1.2348,1
9-Apr-2020,0.6211,1.0867,76.4577,108.96,3.6725,1.24375,1
10-Apr-2020,,1.0867,,108.6,,,1
13-Apr-2020,,,76.3617,108.26,3.6725,,1
14-Apr-2020,0.6419,1.0963,,107.65,3.6725,1.25485,1
15-Apr-2020,0.6384,1.0903,76.2743,107.17,3.6725,1.25035,1
16-Apr-2020,0.6286,1.0888,76.7408,107.69,3.6725,1.24925,1
17-Apr-2020,0.636,1.086,76.5444,107.93,,1.24455,1
20-Apr-2020,0.6346,1.086,76.6335,107.86,3.6725,1.24645,1
21-Apr-2020,0.6314,1.0837,76.6516,107.8,3.6725,1.23375,1
22-Apr-2020,0.6323,1.0867,76.8084,107.84,3.6725,1.2365,1
23-Apr-2020,0.6341,1.0772,76.0635,107.8,3.6725,1.23485,1
24-Apr-2020,0.6343,1.08,76.4173,107.7,,1.2356,1
27-Apr-2020,0.6462,1.0852,76.1269,107.58,3.6725,1.2448,1
28-Apr-2020,0.6457,1.0877,76.371,107.28,3.6725,1.2493,1
29-Apr-2020,0.6542,1.0842,75.6961,,3.6725,1.2394,1
30-Apr-2020,0.6566,1.0876,75.115,106.58,3.6725,1.251,1
1-May-2020,0.6459,,,107.1,,1.25515,1
4-May-2020,0.6382,1.0942,75.7902,,3.6725,1.24065,1
5-May-2020,0.6459,1.0843,75.5715,,3.6725,1.245,1
6-May-2020,0.6449,1.0807,75.6911,,3.6725,1.2374,1
7-May-2020,0.6426,1.0783,,106.26,3.6725,1.2369,1
8-May-2020,0.653,1.0843,75.4411,106.4,,,1
11-May-2020,0.6543,1.0824,75.6838,106.94,3.6725,1.23165,1
12-May-2020,0.6477,1.0858,75.7944,107.51,3.6725,1.23495,1
13-May-2020,0.6473,1.0875,75.3885,107.22,3.6725,1.22945,1
14-May-2020,0.6434,1.0792,75.444,106.87,3.6725,1.2195,1
15-May-2020,0.6455,1.0798,75.5634,107.42,,1.21985,1
18-May-2020,0.6429,1.0832,75.9345,107.11,3.6725,1.2125,1
19-May-2020,0.652,1.095,75.6638,107.4,3.6725,1.2249,1
20-May-2020,0.6551,1.0958,75.6712,107.98,3.6725,1.22695,1
21-May-2020,0.6556,1.1,75.7785,107.73,3.6725,1.2229,1
22-May-2020,0.6541,1.0904,75.7868,107.74,,1.21855,1
26-May-2020,0.6577,1.0975,75.6404,107.75,,1.2308,1
27-May-2020,0.664,1.0991,75.6476,107.52,3.6725,1.2336,1
28-May-2020,0.6612,1.1016,75.7501,107.87,3.6725,1.2238,1
29-May-2020,0.6659,1.1136,75.6369,107.14,,1.2324,1
1-Jun-2020,,1.1116,75.4792,107.75,3.6725,1.2381,1
2-Jun-2020,0.6803,1.1174,75.5871,107.56,3.6725,1.256,1
3-Jun-2020,0.694,1.1194,75.326,108.65,3.6725,1.25865,1
4-Jun-2020,0.6906,1.125,75.529,109,3.6725,1.2534,1
5-Jun-2020,0.7,1.133,75.4665,109.13,,1.26355,1
8-Jun-2020,,1.1285,75.6307,109.46,3.6725,1.26375,1
9-Jun-2020,0.6995,1.1294,75.4931,108.1,3.6725,1.26445,1
10-Jun-2020,0.6997,1.1375,75.4688,107.5,3.6725,1.27705,1
11-Jun-2020,0.6929,1.1348,75.7907,106.9,3.6725,1.26845,1
12-Jun-2020,0.6867,1.1304,75.973,106.85,,1.26185,1
15-Jun-2020,0.679,1.1253,76.1056,107.22,3.6725,1.25115,1
16-Jun-2020,0.6946,1.1308,75.841,107.31,3.6725,1.26495,1
17-Jun-2020,0.6882,1.1232,76.2032,107.34,3.6725,1.2569,1
18-Jun-2020,0.687,1.1222,76.1509,106.8,3.6725,1.25175,1
19-Jun-2020,0.6861,1.121,76.2144,106.92,,1.2382,1
22-Jun-2020,0.686,1.1213,,106.87,3.6725,1.2384,1
23-Jun-2020,0.6897,1.1318,,107.15,3.6725,1.2451,1
24-Jun-2020,0.6943,1.128,75.7087,106.55,3.6725,1.2521,1
25-Jun-2020,0.6875,1.12,75.6349,107.1,3.6725,1.2443,1
26-Jun-2020,0.6888,1.1213,75.4757,107.11,,1.2413,1
29-Jun-2020,0.6879,1.1284,75.568,107.22,3.6725,1.23185,1
30-Jun-2020,0.6863,1.1198,75.527,107.72,3.6725,1.22705,1
1-Jul-2020,0.6895,1.12,75.5813,107.69,3.6725,1.24055,1
2-Jul-2020,0.6924,1.1286,75.4876,107.48,3.6725,1.25065,1
7-Jul-2020,0.6958,1.129,74.8609,107.32,3.6725,1.2495,1
8-Jul-2020,0.6941,1.1286,75.027,107.67,3.6725,1.2533,1
9-Jul-2020,0.6986,1.1342,75.0031,107.28,3.6725,1.26385,1
10-Jul-2020,0.6931,1.1276,75.2865,106.95,,1.26135,1
13-Jul-2020,0.6978,1.1329,75.1567,106.83,3.6725,1.26055,1
14-Jul-2020,0.6942,1.1375,75.3935,107.24,3.6725,1.25215,1
15-Jul-2020,0.7,1.1444,75.3123,107.28,3.6725,1.26265,1
16-Jul-2020,0.6993,1.1414,75.242,106.95,3.6725,1.2532,1
17-Jul-2020,0.6982,1.1428,75.1015,107.26,,1.25545,1
20-Jul-2020,0.6987,1.1448,74.9666,107.5,3.6725,1.2604,1
21-Jul-2020,0.704,1.1443,74.7678,107.22,3.6725,1.2701,1
22-Jul-2020,0.7152,1.1578,74.6848,106.86,3.6725,1.26945,1
23-Jul-2020,0.7151,1.1569,74.7548,,3.6725,1.2713,1
24-Jul-2020,0.7086,1.1608,74.8672,,,1.2733,1
27-Jul-2020,0.7129,1.176,74.762,105.82,3.6725,1.2873,1
28-Jul-2020,0.7141,1.1717,74.7458,105.33,3.6725,1.28815,1
29-Jul-2020,0.7165,1.1725,74.7667,104.94,3.6725,1.2965,1
30-Jul-2020,0.7159,1.1743,74.8412,105.08,,1.3014,1
31-Jul-2020,0.7213,1.1848,74.7722,104.55,,1.3138,1
3-Aug-2020,,1.1726,74.9789,106.2,,1.3014,1
4-Aug-2020,0.7132,1.1765,75.0894,106.12,3.6725,1.3033,1
5-Aug-2020,0.7181,1.1854,74.9086,105.6,3.6725,1.31235,1
6-Aug-2020,0.7207,1.1843,74.8591,105.53,3.6725,1.31715,1
7-Aug-2020,0.7207,1.1817,74.9556,105.58,,1.30775,1
10-Aug-2020,0.7165,1.1763,74.878,,3.6725,1.3025,1
11-Aug-2020,0.7177,1.1783,74.8436,106.16,3.6725,1.3089,1
12-Aug-2020,0.7118,1.1771,74.8286,106.6,3.6725,1.30435,1
13-Aug-2020,0.7172,1.1833,74.8369,106.66,3.6725,1.31005,1
14-Aug-2020,0.7157,1.1813,74.7721,106.96,,1.31045,1
17-Aug-2020,0.7183,1.1853,74.8464,106.53,3.6725,1.30865,1
18-Aug-2020,0.7225,1.1906,74.819,105.75,3.6725,1.316,1
19-Aug-2020,0.7249,1.1933,74.7608,105.2,3.6725,1.3219,1
20-Aug-2020,0.7172,1.185,75.0062,106.09,3.6725,1.31285,1
21-Aug-2020,0.7204,1.1769,74.8755,105.67,,1.3152,1
24-Aug-2020,0.7178,1.1847,74.8282,105.79,3.6725,1.3117,1
25-Aug-2020,0.7174,1.1814,74.3952,106,3.6725,1.3129,1
26-Aug-2020,0.7193,1.1789,74.3541,106.45,3.6725,1.3153,1
27-Aug-2020,0.7237,1.1806,74.3263,105.92,3.6725,1.31885,1
28-Aug-2020,0.7299,1.1915,73.3528,106.65,,1.33035,1
31-Aug-2020,0.7354,1.194,73.5951,105.37,3.6725,,1
1-Sep-2020,0.7412,1.1987,72.8204,105.87,3.6725,1.34685,1
2-Sep-2020,0.736,1.1861,73.0126,106.01,3.6725,1.3364,1
3-Sep-2020,0.7306,1.1813,73.356,106.23,3.6725,1.3252,1
8-Sep-2020,0.7289,1.1785,73.4272,106.3,3.6725,1.30625,1
9-Sep-2020,0.7225,1.1773,73.6728,105.95,3.6725,1.2929,1
10-Sep-2020,0.728,1.1849,73.3541,106.2,3.6725,1.3021,1
11-Sep-2020,0.7281,1.1854,73.4737,106.15,,1.2829,1
14-Sep-2020,0.7287,1.1876,73.383,106.15,3.6725,1.2879,1
15-Sep-2020,0.7328,1.1892,73.4169,105.68,3.6725,1.29125,1
16-Sep-2020,0.7311,1.1869,73.7451,105.28,3.6725,1.2966,1
17-Sep-2020,0.7278,1.1797,73.7021,105.05,3.6725,1.29595,1
18-Sep-2020,0.732,1.1833,73.297,104.82,,1.29815,1
21-Sep-2020,0.7315,1.1787,73.3164,,3.6725,1.2861,1
22-Sep-2020,0.7213,1.174,73.4951,,3.6725,1.2857,1
23-Sep-2020,0.7135,1.1692,73.6273,105.13,3.6725,1.27245,1
24-Sep-2020,0.7042,1.1645,73.9246,105.43,3.6725,1.2754,1
25-Sep-2020,0.7061,1.1634,73.7297,105.53,,1.2701,1
28-Sep-2020,0.7049,1.167,73.5733,105.39,3.6725,1.2902,1
29-Sep-2020,0.7084,1.1702,73.8521,105.47,3.6725,1.28645,1
30-Sep-2020,0.7108,1.1708,73.7978,105.79,3.6725,1.28325,1
1-Oct-2020,0.7188,1.1752,73.3834,105.54,3.6725,1.28365,1
2-Oct-2020,0.7139,1.173,,105.56,,1.2911,1
5-Oct-2020,,1.1768,73.264,105.58,3.6725,1.29475,1
6-Oct-2020,0.7191,1.1795,73.3684,105.65,3.6725,1.29345,1
7-Oct-2020,0.7124,1.177,73.3603,105.65,3.6725,1.28655,1
8-Oct-2020,0.7145,1.1765,73.2943,106,3.6725,1.29005,1
9-Oct-2020,0.7179,1.1795,73.2103,105.96,,1.29355,1
13-Oct-2020,0.7185,1.1787,73.379,105.37,3.6725,1.30575,1
14-Oct-2020,0.717,1.175,73.4558,105.43,3.6725,1.29505,1
15-Oct-2020,0.7136,1.1698,73.2677,105.24,3.6725,1.29555,1
16-Oct-2020,0.7072,1.1741,73.383,105.25,,1.2889,1
19-Oct-2020,0.7086,1.1785,73.4189,105.39,3.6725,1.29955,1
20-Oct-2020,0.7043,1.181,73.3337,105.57,3.6725,1.2955,1
21-Oct-2020,0.7081,1.1852,73.4546,105.23,3.6725,1.3069,1
22-Oct-2020,0.7093,1.1821,73.6557,104.67,3.6725,1.31015,1
23-Oct-2020,0.7113,1.1856,73.578,104.72,,1.3075,1
26-Oct-2020,0.7116,1.1819,73.7331,104.88,3.6725,1.3055,1
27-Oct-2020,0.7134,1.1832,73.7487,104.79,3.6725,1.3051,1
28-Oct-2020,0.7145,1.1727,73.765,104.22,3.6725,1.2953,1
29-Oct-2020,0.7062,1.1704,73.9732,104.39,3.6725,1.2942,1
30-Oct-2020,0.7044,1.1698,,104.58,,1.2984,1
2-Nov-2020,0.7,1.1652,74.322,104.74,3.6725,1.2907,1
3-Nov-2020,0.703,1.1702,74.326,,3.6725,1.29885,1
4-Nov-2020,0.7105,1.1721,74.6915,104.9,3.6725,1.3022,1
5-Nov-2020,0.7166,1.1855,74.2677,104.28,3.6725,1.30725,1
6-Nov-2020,0.7262,1.187,74.0535,103.69,,1.31305,1
9-Nov-2020,0.7292,1.1883,73.9258,103.33,3.6725,1.3169,1
10-Nov-2020,0.7282,1.1808,74.2116,105.1,3.6725,1.3264,1
11-Nov-2020,0.7309,1.1766,74.2529,105.14,3.6725,1.32685,1
12-Nov-2020,0.727,1.1791,74.45,105.28,3.6725,1.31585,1
13-Nov-2020,0.723,1.1815,74.6713,104.92,,1.3168,1
16-Nov-2020,0.729,1.183,,104.68,3.6725,1.32045,1
17-Nov-2020,0.7322,1.1882,74.5087,104.48,3.6725,1.32705,1
18-Nov-2020,0.7295,1.1868,74.3629,104.07,3.6725,1.32785,1
19-Nov-2020,0.7295,1.1832,74.2555,103.84,3.6725,1.3256,1
20-Nov-2020,0.7295,1.1863,74.1598,103.87,,1.3278,1
23-Nov-2020,0.7313,1.1901,74.1409,,3.6725,1.33705,1
24-Nov-2020,0.7317,1.1865,73.9752,104.56,3.6725,1.33375,1
25-Nov-2020,0.7356,1.189,73.9762,104.5,3.6725,1.33285,1
30-Nov-2020,0.7393,1.198,,103.87,3.6725,1.33555,1
1-Dec-2020,0.7368,1.1968,73.5083,104.26,,1.3326,1
2-Dec-2020,0.7375,1.2066,73.6501,104.34,,1.33445,1
3-Dec-2020,0.7409,1.2151,73.8938,104.45,,1.3441,1
4-Dec-2020,0.7428,1.2159,73.7413,103.8,,1.34655,1
7-Dec-2020,0.743,1.2128,73.7657,104.08,3.6725,1.32555,1
8-Dec-2020,0.7426,1.2114,73.7613,104.05,3.6725,1.33135,1
9-Dec-2020,0.7442,1.2109,73.5882,104.15,3.6725,1.34585,1
10-Dec-2020,0.7478,1.2115,73.6684,104.27,3.6725,1.3254,1
11-Dec-2020,0.7561,1.2127,73.5914,104.01,,1.3183,1
14-Dec-2020,0.754,1.2162,73.5417,104.01,3.6725,1.3183,1
15-Dec-2020,0.7512,1.214,73.6532,104.1,3.6725,1.3379,1
16-Dec-2020,0.7564,1.2189,73.5209,103.7,3.6725,1.3533,1
17-Dec-2020,0.7587,1.2246,73.4336,103.2,3.6725,1.36085,1
18-Dec-2020,0.7594,1.2259,73.5146,103.25,,1.3533,1
21-Dec-2020,0.757,1.2173,73.6498,103.38,3.6725,1.3273,1
22-Dec-2020,0.7557,1.2239,73.8879,103.43,3.6725,1.3406,1
23-Dec-2020,0.7552,1.2166,73.8132,103.63,3.6725,1.342,1
4-Jan-2021,0.7703,1.2296,73.0115,103.08,3.6725,1.367,1
5-Jan-2021,0.7701,1.2271,73.1086,103.14,3.6725,1.35915,1
6-Jan-2021,0.7766,1.2338,73.139,102.8,3.6725,1.36485,1
7-Jan-2021,0.7795,1.2276,73.133,102.99,3.6725,1.35655,1
8-Jan-2021,0.7769,1.225,73.3344,103.83,,1.3591,1
11-Jan-2021,0.7697,1.2163,73.4511,,3.6725,1.34865,1
12-Jan-2021,0.7691,1.2161,73.3725,104.21,3.6725,1.35885,1
13-Jan-2021,0.7763,1.2166,73.1546,103.67,3.6725,1.36715,1
14-Jan-2021,0.7751,1.2124,73.1226,103.94,3.6725,1.36485,1
15-Jan-2021,0.7766,1.2123,73.0243,103.83,,1.36395,1
19-Jan-2021,0.7718,1.2132,73.1803,104,3.6725,1.36135,1
20-Jan-2021,0.7722,1.2101,73.1251,103.92,3.6725,1.36765,1
21-Jan-2021,0.7771,1.2158,72.9735,103.53,3.6725,1.3718,1
22-Jan-2021,0.7746,1.2158,73.038,103.58,,1.36685,1
25-Jan-2021,0.7738,1.2152,72.9297,103.82,3.6725,1.369,1
26-Jan-2021,,1.2143,,103.75,3.6725,1.36725,1
27-Jan-2021,0.7736,1.2114,72.8176,103.68,3.6725,1.3716,1
28-Jan-2021,0.7628,1.2091,73.0674,104.28,3.6725,1.3645,1
29-Jan-2021,0.7645,1.2136,72.9519,104.48,,1.3718,1
1-Feb-2021,0.7652,1.2084,73.0189,104.68,3.6725,1.37095,1
2-Feb-2021,0.7623,1.2044,72.9805,104.9,3.6725,1.36725,1
3-Feb-2021,0.7613,1.2017,72.9396,105.02,3.6725,1.36305,1
4-Feb-2021,0.7624,1.1996,72.9152,105.02,3.6725,1.36035,1
5-Feb-2021,0.7593,1.1983,72.8986,105.54,,1.36885,1
8-Feb-2021,0.7673,1.2025,72.8623,105.51,3.6725,1.3683,1
9-Feb-2021,0.7727,1.2104,72.8883,104.92,3.6725,1.37765,1
10-Feb-2021,0.774,1.2127,72.8458,104.61,3.6725,1.3835,1
11-Feb-2021,0.7735,1.2147,72.7772,,3.6725,1.3826,1
12-Feb-2021,0.7745,1.2108,72.7998,104.85,,1.3783,1
16-Feb-2021,0.7796,1.2143,72.7219,105.47,3.6725,1.39255,1
17-Feb-2021,0.7753,1.206,72.8359,106.15,3.6725,1.3861,1
18-Feb-2021,0.7754,1.2084,72.7327,105.72,3.6725,1.3943,1
19-Feb-2021,0.777,1.2139,,105.71,,1.3999,1
22-Feb-2021,0.7876,1.2133,72.3664,105.48,3.6725,1.4022,1
23-Feb-2021,0.7923,1.2143,72.3707,,3.6725,1.4089,1
24-Feb-2021,0.7913,1.2146,72.2923,105.5,3.6725,1.41355,1
25-Feb-2021,0.797,1.2225,72.4953,106.05,3.6725,1.4136,1
26-Feb-2021,0.7829,1.2121,73.0408,106.23,,1.3925,1
1-Mar-2021,0.7745,1.2053,73.2948,106.48,3.6725,1.394,1
2-Mar-2021,0.7755,1.2028,73.3507,106.85,,1.39265,1
3-Mar-2021,0.7822,1.2048,73.0662,106.85,3.6725,1.39515,1
4-Mar-2021,0.7793,1.2034,72.7126,107.04,3.6725,1.39415,1
5-Mar-2021,0.7709,1.1938,72.7572,107.88,,1.38155,1
8-Mar-2021,,1.1866,73.0023,108.35,3.6725,1.3834,1
9-Mar-2021,0.7663,1.1894,73.1181,109.11,3.6725,1.3872,1
10-Mar-2021,0.7684,1.1892,72.9737,108.81,3.6725,1.3869,1
11-Mar-2021,0.7747,1.1969,,108.51,3.6725,1.39565,1
12-Mar-2021,0.7785,1.1933,72.6845,108.75,,1.38865,1
15-Mar-2021,0.7749,1.192,72.7097,109.05,3.6725,1.3909,1
16-Mar-2021,0.7753,1.1926,72.4811,109.19,3.6725,1.3864,1
17-Mar-2021,0.7737,1.1907,72.5716,109.13,3.6725,1.3897,1
18-Mar-2021,0.7827,1.1912,72.5248,108.96,3.6725,1.39555,1
19-Mar-2021,0.7753,1.1891,72.5155,109.09,,1.39105,1
22-Mar-2021,0.7726,1.1926,72.3772,108.9,3.6725,1.3873,1
23-Mar-2021,0.77,1.1883,72.2928,108.85,3.6725,1.3777,1
24-Mar-2021,0.7601,1.1825,72.6558,108.63,3.6725,1.3713,1
25-Mar-2021,0.76,1.1802,72.6102,108.88,3.6725,1.36995,1
26-Mar-2021,0.7613,1.1782,72.4046,109.3,,1.37755,1
29-Mar-2021,0.7631,1.1784,,109.65,3.6725,1.38295,1
30-Mar-2021,0.7652,1.1741,73.0407,109.98,3.6725,1.3752,1
31-Mar-2021,0.7602,1.1725,73.5047,110.7,3.6725,1.3764,1
1-Apr-2021,0.7543,1.1746,73.5047,110.79,3.6725,1.3775,1
2-Apr-2021,,,,110.63,,1.38225,1
5-Apr-2021,,,73.433,110.58,3.6725,,1
6-Apr-2021,0.7648,1.1812,73.3141,110.28,3.6725,1.3831,1
7-Apr-2021,0.766,1.1884,74.1172,109.77,3.6725,1.3816,1
8-Apr-2021,0.7638,1.1873,74.37,109.83,3.6725,1.37415,1
9-Apr-2021,0.7614,1.1888,74.8899,109.28,,1.3716,1
12-Apr-2021,0.7605,1.1904,74.8525,109.73,,1.37625,1
13-Apr-2021,0.7604,1.1896,,109.56,3.6725,1.37335,1
14-Apr-2021,0.7672,1.1964,,108.82,3.6725,1.3758,1
15-Apr-2021,0.7716,1.197,75.1699,108.88,3.6725,1.3764,1
16-Apr-2021,0.7745,1.1986,74.5607,108.85,,1.3789,1
19-Apr-2021,0.7738,1.2035,74.8847,108.63,3.6725,1.39195,1
20-Apr-2021,0.7803,1.2051,74.7296,108.19,3.6725,1.3971,1
21-Apr-2021,0.7715,1.2007,,108.07,3.6725,1.39345,1
22-Apr-2021,0.7745,1.2046,74.9404,108.03,3.6725,1.39,1
23-Apr-2021,0.7733,1.2066,74.9144,107.9,,1.3889,1
26-Apr-2021,,1.2085,74.7672,107.88,3.6725,1.3901,1
27-Apr-2021,0.7799,1.2088,74.5993,108.25,3.6725,1.3911,1
28-Apr-2021,0.7745,1.207,74.4042,108.92,3.6725,1.38665,1
29-Apr-2021,0.7796,1.2129,74.0573,,3.6725,1.39425,1
30-Apr-2021,0.7776,1.2082,74.0232,108.95,3.6725,1.3912,1
3-May-2021,0.7714,1.2044,74.1812,,3.6725,,1
4-May-2021,0.7743,1.2021,73.8546,,3.6725,1.38785,1
5-May-2021,0.7725,1.2005,73.9666,,3.6725,1.39135,1
6-May-2021,0.7741,1.206,73.9406,109.3,3.6725,1.38785,1
7-May-2021,0.7777,1.2059,73.7443,109.13,,1.3912,1
10-May-2021,0.7856,1.2169,73.4135,108.86,3.6725,1.4098,1
11-May-2021,0.7839,1.217,73.4518,108.9,,1.4126,1
12-May-2021,0.7795,1.2118,73.4389,108.85,,1.4143,1
13-May-2021,0.7709,1.2081,,109.61,,1.4023,1
14-May-2021,0.7736,1.2123,73.3721,109.6,,1.4072,1
17-May-2021,0.7751,1.2143,73.2423,109.43,3.6725,1.4096,1
18-May-2021,0.7787,1.2222,73.0353,109.2,3.6725,1.4191,1
19-May-2021,0.7791,1.2212,72.967,108.99,3.6725,1.4163,1
20-May-2021,0.7749,1.2203,73.1168,109.23,3.6725,1.4131,1
21-May-2021,0.7756,1.2188,73.0233,108.86,,1.42165,1
24-May-2021,0.7739,1.2212,72.8961,108.97,3.6725,1.4127,1
25-May-2021,0.7753,1.2264,72.8045,108.83,3.6725,1.4159,1
26-May-2021,0.7787,1.2229,,108.8,3.6725,1.41725,1
27-May-2021,0.7748,1.2198,72.6404,109.2,3.6725,1.4125,1
1-Jun-2021,0.7744,1.2225,72.7714,109.4,3.6725,1.4181,1
2-Jun-2021,0.7742,1.2186,73.2088,109.62,3.6725,1.4124,1
3-Jun-2021,0.7733,1.2187,73.1197,109.61,3.6725,1.41805,1
4-Jun-2021,0.7653,1.2117,73.0266,110.25,,1.4118,1
7-Jun-2021,0.7734,1.2162,72.8087,109.55,3.6725,1.41495,1
8-Jun-2021,0.7743,1.2182,72.8419,109.4,3.6725,1.4144,1
9-Jun-2021,0.774,1.2195,72.9769,109.45,3.6725,1.4174,1
10-Jun-2021,0.7737,1.2174,72.9947,109.62,3.6725,1.40955,1
11-Jun-2021,0.7754,1.2125,72.9844,109.4,,1.41605,1
14-Jun-2021,,1.2112,73.1893,109.77,3.6725,1.41085,1
15-Jun-2021,0.7716,1.2108,73.2765,110.08,3.6725,1.4085,1
16-Jun-2021,0.7694,1.2124,73.3703,110.1,3.6725,1.4117,1
17-Jun-2021,0.7632,1.1937,73.731,110.68,3.6725,1.3947,1
18-Jun-2021,0.7537,1.1898,74.1442,110.29,,1.39025,1
21-Jun-2021,0.75,1.1891,74.1522,110.23,3.6725,1.3879,1
22-Jun-2021,0.7509,1.1894,74.13,110.38,3.6725,1.3882,1
23-Jun-2021,0.7545,1.1951,74.3737,110.75,3.6725,1.3966,1
24-Jun-2021,0.7569,1.1936,74.2362,111.06,3.6725,1.3937,1
25-Jun-2021,0.7594,1.195,74.179,110.98,,1.39005,1
28-Jun-2021,0.7591,1.191,74.2023,110.69,3.6725,1.3911,1
29-Jun-2021,0.7563,1.1888,74.2183,110.52,3.6725,1.38395,1
30-Jun-2021,0.7518,1.1884,74.3456,110.5,3.6725,1.3863,1
1-Jul-2021,0.7483,1.1884,74.3943,111.09,3.6725,1.37905,1
6-Jul-2021,0.7578,1.1838,74.3289,110.86,3.6725,1.3848,1
7-Jul-2021,0.7504,1.1831,74.7438,110.5,3.6725,1.3824,1
8-Jul-2021,0.746,1.1838,74.6979,110.56,3.6725,1.3771,1
9-Jul-2021,0.7427,1.1858,74.6446,109.9,,1.3809,1
12-Jul-2021,0.7474,1.1852,74.466,110.16,3.6725,1.38545,1
13-Jul-2021,0.7488,1.1844,74.4884,110.38,3.6725,1.3857,1
14-Jul-2021,0.746,1.1812,74.5708,110.65,3.6725,1.38625,1
15-Jul-2021,0.7478,1.1809,74.5187,109.91,3.6725,1.3876,1
16-Jul-2021,0.7439,1.1802,74.6232,109.89,,1.38055,1
19-Jul-2021,0.7382,1.1766,74.7902,109.87,,1.3704,1
20-Jul-2021,0.7324,1.1775,74.8596,109.49,,1.36185,1
21-Jul-2021,0.7298,1.1772,,109.97,,1.3604,1
22-Jul-2021,0.7356,1.1775,74.3679,,,1.3762,1
23-Jul-2021,0.7365,1.1767,74.4262,,,1.3736,1
26-Jul-2021,0.7353,1.1787,74.4578,110.4,3.6725,1.3784,1
27-Jul-2021,0.7372,1.181,74.416,110.25,3.6725,1.3792,1
28-Jul-2021,0.7361,1.1807,74.435,109.86,3.6725,1.3879,1
29-Jul-2021,0.7383,1.1873,74.2822,109.75,3.6725,1.3961,1
30-Jul-2021,0.7381,1.1891,74.3871,109.5,,1.3968,1
2-Aug-2021,,1.1886,74.4035,109.64,3.6725,1.39,1
3-Aug-2021,0.7397,1.1885,74.2957,109.3,3.6725,1.3935,1
4-Aug-2021,0.7397,1.1861,74.1493,109.04,3.6725,1.3927,1
5-Aug-2021,0.7395,1.185,74.2644,109.65,3.6725,1.3917,1
6-Aug-2021,0.7391,1.1807,74.1888,109.87,,1.391,1
9-Aug-2021,0.7357,1.1761,74.2261,,3.6725,1.3881,1
10-Aug-2021,0.733,1.1722,74.3855,110.33,3.6725,1.3861,1
11-Aug-2021,0.7338,1.1718,74.4276,110.67,3.6725,1.3818,1
12-Aug-2021,0.7365,1.1739,74.2816,110.35,,1.3851,1
13-Aug-2021,0.7337,1.1765,74.2971,110.45,,1.3804,1
16-Aug-2021,,1.1772,,109.49,,1.386,1
17-Aug-2021,,1.1767,,109.3,,1.3792,1
18-Aug-2021,0.7259,1.1723,74.3002,109.57,3.6725,1.3752,1
19-Aug-2021,0.719,1.1696,,109.98,3.6725,1.3688,1
20-Aug-2021,0.7133,1.1671,74.4275,109.86,,1.36215,1
23-Aug-2021,0.7161,1.1718,74.2765,109.84,3.6725,1.3676,1
24-Aug-2021,0.7234,1.174,74.1379,109.76,3.6725,1.3719,1
25-Aug-2021,0.7245,1.1736,74.2992,109.84,3.6725,1.3721,1
26-Aug-2021,0.7264,1.1767,74.2578,110,3.6725,1.3738,1
27-Aug-2021,0.7247,1.1761,74.1332,110,,1.3707,1
30-Aug-2021,0.7297,1.1801,73.5007,109.74,3.6725,,1
31-Aug-2021,0.7335,1.1834,73.1536,109.87,3.6725,1.3769,1
1-Sep-2021,0.7325,1.1817,72.9589,110.26,3.6725,1.3761,1
7-Sep-2021,0.7422,1.186,73.2814,109.8,3.6725,1.37915,1
8-Sep-2021,0.7384,1.1827,73.6519,110.27,3.6725,1.3765,1
9-Sep-2021,0.7349,1.1838,73.6887,110.2,3.6725,1.3812,1
10-Sep-2021,0.7382,1.1841,,109.78,,1.38725,1
13-Sep-2021,,1.178,,109.96,,1.38285,1
14-Sep-2021,0.734,1.1814,73.6214,110.07,3.6725,1.3869,1
15-Sep-2021,0.7323,1.1824,73.6712,109.64,3.6725,1.3826,1
16-Sep-2021,0.7317,1.1763,73.4311,109.4,3.6725,1.3824,1
17-Sep-2021,0.7303,1.178,73.4927,109.8,,1.3793,1
20-Sep-2021,0.7241,1.1711,73.6459,,3.6725,1.36945,1
21-Sep-2021,0.7268,1.1738,73.5907,109.55,3.6725,1.3686,1
22-Sep-2021,0.725,1.1729,73.8026,109.22,3.6725,1.3641,1
23-Sep-2021,0.7244,1.1715,73.7261,,3.6725,1.3682,1
24-Sep-2021,0.7297,1.1719,73.6935,110.4,,1.3695,1
27-Sep-2021,0.7284,1.1698,73.6567,110.8,3.6725,1.37,1
28-Sep-2021,0.731,1.1678,73.7746,111.03,3.6725,1.3602,1
29-Sep-2021,0.7254,1.1654,74.153,111.63,3.6725,1.3505,1
30-Sep-2021,0.7206,1.1579,74.2551,111.91,3.6725,1.3435,1
1-Oct-2021,0.7211,1.16,74.2644,111.4,,1.3513,1
4-Oct-2021,,1.1636,74.2429,110.97,3.6725,1.35905,1
5-Oct-2021,0.7265,1.1602,74.5307,110.92,3.6725,1.36245,1
6-Oct-2021,0.726,1.1542,74.6292,111.62,3.6725,1.3573,1
7-Oct-2021,0.7281,1.1562,74.8607,111.38,3.6725,1.35945,1
8-Oct-2021,0.7298,1.1569,74.994,111.72,,1.3629,1
12-Oct-2021,0.7349,1.1555,75.3424,113.48,3.6725,1.36155,1
13-Oct-2021,0.734,1.1562,75.4576,113.48,3.6725,1.3624,1
14-Oct-2021,0.7388,1.1602,75.3039,113.38,3.6725,1.37095,1
15-Oct-2021,0.7422,1.1602,,113.89,,1.37455,1
18-Oct-2021,0.7403,1.1604,75.3434,114.27,3.6725,1.3728,1
19-Oct-2021,0.7455,1.1655,,114.14,3.6725,1.38265,1
20-Oct-2021,0.7499,1.1623,75.0507,114.55,3.6725,1.3761,1
21-Oct-2021,0.7508,1.1637,74.7635,114.26,,1.3803,1
22-Oct-2021,0.7477,1.163,74.7836,114.02,,1.37865,1
25-Oct-2021,0.7487,1.1603,75.0191,113.71,3.6725,1.3771,1
26-Oct-2021,0.7515,1.1618,75.1167,113.95,3.6725,1.3828,1
27-Oct-2021,0.7526,1.1617,74.9519,114.15,3.6725,1.3713,1
28-Oct-2021,0.751,1.1593,74.8216,113.6,3.6725,1.3761,1
29-Oct-2021,0.7546,1.1645,74.7858,113.65,,1.3784,1
1-Nov-2021,0.7505,1.1578,74.9298,114.12,3.6725,1.36775,1
2-Nov-2021,0.7497,1.1603,74.7616,114.1,3.6725,1.3654,1
3-Nov-2021,0.7435,1.1578,74.5684,,3.6725,1.3653,1
4-Nov-2021,0.7448,1.1569,,114.15,3.6725,1.35895,1
5-Nov-2021,0.7397,1.1519,,113.77,,1.34425,1
8-Nov-2021,0.7398,1.1579,74.1106,113.59,3.6725,1.35165,1
9-Nov-2021,0.741,1.1577,73.9191,113.25,3.6725,1.35705,1
10-Nov-2021,0.7368,1.1558,74.1659,112.85,3.6725,1.3504,1
11-Nov-2021,0.7304,1.146,74.4749,113.95,,1.3399,1
12-Nov-2021,0.7287,1.1448,74.4694,114.24,,1.33935,1
15-Nov-2021,0.7343,1.1444,74.3548,113.98,3.6725,1.344,1
16-Nov-2021,0.7354,1.1368,74.4535,114.19,3.6725,1.34475,1
17-Nov-2021,0.7284,1.1316,74.3753,114.85,3.6725,1.34545,1
18-Nov-2021,0.7273,1.1345,74.1552,114.17,3.6725,1.3487,1
19-Nov-2021,0.7274,1.1271,,114.33,,1.3452,1
22-Nov-2021,0.7253,1.1278,74.3836,114.09,3.6725,1.3439,1
23-Nov-2021,0.7221,1.1259,74.5042,,3.6725,1.3358,1
24-Nov-2021,0.7209,1.1206,74.4063,115.19,3.6725,1.33735,1
29-Nov-2021,0.714,1.1276,75.091,113.7,3.6725,1.3342,1
30-Nov-2021,0.7144,1.1363,75.0885,113.8,,1.33415,1
1-Dec-2021,0.7169,1.1314,74.9163,113.4,,1.3323,1
2-Dec-2021,0.7098,1.1339,74.9989,112.96,,1.3329,1
3-Dec-2021,0.7076,1.1291,74.9852,113.13,,1.3265,1
6-Dec-2021,0.7025,1.1287,75.2978,113.05,3.6725,1.32795,1
7-Dec-2021,0.7071,1.1256,75.3532,113.7,3.6725,1.3253,1
8-Dec-2021,0.7133,1.1299,75.4733,113.48,3.6725,1.3213,1
9-Dec-2021,0.7174,1.1311,75.4992,113.75,3.6725,1.3185,1
10-Dec-2021,0.7151,1.1273,75.7189,113.44,,1.3199,1
13-Dec-2021,,1.1278,,113.55,,1.3261,1
14-Dec-2021,0.7104,1.1309,75.8985,113.65,3.6725,1.3251,1
15-Dec-2021,,1.1262,,113.78,,1.326,1
16-Dec-2021,0.716,1.1336,76.2528,114.13,3.6725,1.3334,1
17-Dec-2021,0.7167,1.133,76.1733,113.85,,1.3287,1
20-Dec-2021,0.7109,1.1273,75.9865,113.59,3.6725,1.32015,1
21-Dec-2021,0.7113,1.1295,75.5925,113.65,3.6725,1.32465,1
22-Dec-2021,0.7133,1.1301,75.5947,114.16,3.6725,1.3315,1
23-Dec-2021,0.721,1.131,75.3481,114.21,3.6725,1.3434,1
3-Jan-2022,,1.1355,74.3115,,3.6725,,1
4-Jan-2022,0.7211,1.1279,74.5717,115.42,3.6725,1.34955,1
5-Jan-2022,0.7232,1.1319,74.484,116.2,3.6725,1.3541,1
6-Jan-2022,0.7177,1.1315,74.4398,116.04,3.6725,1.3537,1
7-Jan-2022,0.7162,1.1298,74.2939,115.89,,1.3551,1
10-Jan-2022,0.7193,1.1318,74.163,,3.6725,1.35835,1
11-Jan-2022,0.7186,1.1336,73.9319,115.32,3.6725,1.3584,1
12-Jan-2022,0.7218,1.137,73.9968,115.33,3.6725,1.36345,1
13-Jan-2022,0.7291,1.1463,73.9348,114.66,3.6725,1.3725,1
14-Jan-2022,0.7283,1.1447,74.1157,114,,1.3723,1
18-Jan-2022,0.7195,1.1367,74.4115,114.54,3.6725,1.3601,1
19-Jan-2022,0.7188,1.1345,74.5955,114.7,3.6725,1.3631,1
20-Jan-2022,0.7238,1.1338,74.3618,114.28,3.6725,1.3606,1
21-Jan-2022,0.7192,1.1348,74.5343,113.83,,1.35575,1
24-Jan-2022,0.718,1.1304,74.5788,113.83,3.6725,1.3488,1
25-Jan-2022,0.7133,1.1268,74.7025,113.98,3.6725,1.3446,1
26-Jan-2022,,1.1277,,113.81,3.6725,1.35115,1
27-Jan-2022,0.7082,1.116,75.1724,114.67,3.6725,1.3386,1
28-Jan-2022,0.7028,1.1138,74.9513,115.44,,1.3389,1
31-Jan-2022,0.7011,1.1156,74.9674,115.43,3.6725,1.3404,1
1-Feb-2022,0.7066,1.126,74.5295,115.15,3.6725,1.3495,1
2-Feb-2022,0.7134,1.1323,74.8334,114.7,3.6725,1.3565,1
3-Feb-2022,0.712,1.1286,74.857,114.45,3.6725,1.36015,1
4-Feb-2022,0.715,1.1464,74.7231,115,,1.3574,1
7-Feb-2022,0.7092,1.1447,,115.23,3.6725,1.3512,1
8-Feb-2022,0.7121,1.1408,74.69,115.29,3.6725,1.3544,1
9-Feb-2022,0.7167,1.1435,74.818,115.53,3.6725,1.3578,1
10-Feb-2022,0.7175,1.1439,74.9367,115.59,3.6725,1.3569,1
11-Feb-2022,0.712,1.1417,75.3542,,,1.3563,1
14-Feb-2022,0.7118,1.1316,75.5533,115.4,3.6725,1.3514,1
15-Feb-2022,0.7127,1.1345,75.6611,115.42,3.6725,1.35355,1
16-Feb-2022,0.7155,1.1372,75.0815,115.69,3.6725,1.3558,1
17-Feb-2022,0.7172,1.137,75.0866,115.45,3.6725,1.361,1
18-Feb-2022,0.7206,1.1354,74.9223,114.94,,1.36195,1
22-Feb-2022,0.7202,1.1342,74.8804,114.7,3.6725,1.35545,1
23-Feb-2022,0.7235,1.1344,74.6224,,3.6725,1.35865,1
24-Feb-2022,0.7198,1.1163,75.2578,114.94,3.6725,1.3395,1
25-Feb-2022,0.7198,1.1216,75.2842,115.54,,1.33875,1
28-Feb-2022,0.7182,1.1199,75.4882,115.55,3.6725,1.33945,1
1-Mar-2022,0.726,1.1162,,115.25,3.6725,1.3409,1
2-Mar-2022,0.7269,1.1106,75.72,115,3.6725,1.3334,1
3-Mar-2022,0.7301,1.1076,75.7111,115.6,3.6725,1.33695,1
4-Mar-2022,0.7359,1.0929,76.1246,115.38,,1.3286,1
7-Mar-2022,0.7419,1.0895,76.9239,114.92,3.6725,1.3169,1
8-Mar-2022,0.7309,1.0892,76.8816,115.47,3.6725,1.31185,1
9-Mar-2022,0.7285,1.0993,76.8567,115.87,3.6725,1.3148,1
10-Mar-2022,0.7321,1.1084,76.116,116,3.6725,1.3159,1
11-Mar-2022,0.7336,1.099,76.4359,116.3,,1.3109,1
14-Mar-2022,,1.096,76.6086,117.58,3.6725,1.3026,1
15-Mar-2022,0.7186,1.0991,76.4879,118.23,3.6725,1.3055,1
16-Mar-2022,0.7207,1.0994,76.3482,118.39,3.6725,1.3092,1
17-Mar-2022,0.7318,1.1051,75.8935,118.97,3.6725,1.31555,1
18-Mar-2022,0.738,1.1008,,118.68,,1.31295,1
21-Mar-2022,0.7404,1.1038,76.1347,,3.6725,1.3143,1
22-Mar-2022,0.7394,1.1024,76.3807,120,3.6725,1.32215,1
23-Mar-2022,0.7459,1.0985,76.1872,121.19,3.6725,1.3204,1
24-Mar-2022,0.7473,1.0978,76.3403,121.24,3.6725,1.32025,1
25-Mar-2022,0.7526,1.1002,76.1781,121.82,,1.31965,1
28-Mar-2022,0.7524,1.0966,76.2569,122.22,3.6725,1.31565,1
29-Mar-2022,0.7482,1.1085,75.9731,124.2,3.6725,1.30965,1
30-Mar-2022,0.7527,1.1126,75.7678,122.5,3.6725,1.3138,1
31-Mar-2022,0.7482,1.1101,75.8071,122.4,3.6725,1.31255,1
1-Apr-2022,0.7477,1.1052,75.8071,122.2,,1.3141,1
4-Apr-2022,0.7514,1.1005,,122.43,3.6725,1.30965,1
5-Apr-2022,0.7615,1.0969,75.3899,122.55,3.6725,1.3129,1
6-Apr-2022,0.7572,1.0923,75.6016,124,3.6725,1.30825,1
7-Apr-2022,0.7483,1.0916,75.8029,123.64,3.6725,1.3072,1
8-Apr-2022,0.7483,1.0861,75.7811,124,,1.3042,1
11-Apr-2022,0.7448,1.09,75.9627,125,3.6725,1.3046,1
12-Apr-2022,0.7433,1.0861,76.1127,125.53,3.6725,1.3015,1
13-Apr-2022,0.7451,1.0826,76.2248,125.6,3.6725,1.30035,1
14-Apr-2022,0.7458,1.0878,,125.3,3.6725,1.3131,1
15-Apr-2022,,,,126.4,,,1
18-Apr-2022,,,76.3737,126.64,3.6725,,1
19-Apr-2022,0.7373,1.0803,76.2797,127.34,3.6725,1.30275,1
20-Apr-2022,0.7426,1.083,76.4183,129.4,3.6725,1.30585,1
21-Apr-2022,0.7444,1.0887,76.2091,128.28,3.6725,1.30655,1
22-Apr-2022,0.7335,1.0817,76.3279,128.61,,1.29085,1
25-Apr-2022,,1.0746,76.7366,128.78,3.6725,1.27105,1
26-Apr-2022,0.722,1.0674,76.5612,127.6,3.6725,1.2715,1
27-Apr-2022,0.7179,1.0583,76.6414,127.62,3.6725,1.2587,1
28-Apr-2022,0.7096,1.0485,76.6167,129.9,3.6725,1.2466,1
29-Apr-2022,0.7148,1.054,76.4242,129.9,3.6725,1.25695,1
2-May-2022,0.7043,1.0524,76.4346,130.07,,,1
3-May-2022,0.7107,1.0556,,,,1.24965,1
4-May-2022,0.711,1.0531,76.4841,,,1.2518,1
5-May-2022,0.7241,1.0568,76.0887,,3.6725,1.2549,1
6-May-2022,0.7095,1.057,76.747,130.5,,1.23725,1
9-May-2022,0.7002,1.0559,77.3679,130.8,3.6725,1.23455,1
10-May-2022,0.6975,1.0554,77.3537,130.35,3.6725,1.2355,1
11-May-2022,0.6955,1.0553,77.2641,130.4,3.6725,1.2341,1
12-May-2022,0.6879,1.0408,77.5868,129.74,3.6725,1.22085,1
13-May-2022,0.6898,1.0385,77.3543,128.9,,1.21995,1
16-May-2022,0.6889,1.0422,,128.95,3.6725,1.2268,1
17-May-2022,0.7007,1.0541,77.651,129.34,3.6725,1.24655,1
18-May-2022,0.7034,1.0523,77.5716,129.31,3.6725,1.2401,1
19-May-2022,0.6996,1.0525,77.6999,128.4,3.6725,1.2426,1
20-May-2022,0.704,1.0577,77.5829,127.76,,1.24815,1
23-May-2022,0.7112,1.0659,77.589,127.76,3.6725,1.2579,1
24-May-2022,0.7083,1.072,77.6352,127.87,3.6725,1.25115,1
25-May-2022,0.7107,1.0656,77.5137,126.97,3.6725,1.24905,1
26-May-2022,0.7066,1.0697,77.6262,127.48,3.6725,1.2615,1
27-May-2022,0.7134,1.0722,77.6592,127.01,,1.25915,1
31-May-2022,0.7187,1.0713,77.6641,128.2,3.6725,1.2589,1
1-Jun-2022,0.7168,1.0712,77.5554,128.92,3.6725,1.259,1
2-Jun-2022,0.7157,1.0692,77.5883,130.04,3.6725,,1
3-Jun-2022,0.7257,1.073,77.5994,129.82,,,1
6-Jun-2022,0.7201,1.0726,77.6718,130.75,3.6725,1.2554,1
7-Jun-2022,0.7177,1.0662,77.7239,132.23,3.6725,1.2496,1
8-Jun-2022,0.7202,1.0739,77.7251,132.9,3.6725,1.2537,1
9-Jun-2022,0.7176,1.0743,77.787,134.44,3.6725,1.25335,1
10-Jun-2022,0.7121,1.0578,77.84,134.2,,1.2442,1
13-Jun-2022,,1.0455,78.143,135,,1.21995,1
14-Jun-2022,0.6966,1.0452,78.0015,134.12,3.6725,1.2086,1
15-Jun-2022,0.6906,1.0431,78.0755,134.99,3.6725,1.2091,1
16-Jun-2022,0.6999,1.04,78.0864,134.26,3.6725,1.20865,1
17-Jun-2022,0.7012,1.0486,78.0875,133.2,,1.23,1
21-Jun-2022,0.696,1.055,78.0861,135.19,3.6725,1.2284,1
22-Jun-2022,0.6917,1.0521,78.2115,136.47,3.6725,1.2249,1
23-Jun-2022,0.6898,1.0493,78.2662,135.2,3.6725,1.2213,1
24-Jun-2022,0.6908,1.0524,78.3308,135.19,,1.23055,1
27-Jun-2022,0.693,1.0572,78.289,134.6,3.6725,1.22745,1
28-Jun-2022,0.6928,1.0561,78.6966,135.45,3.6725,1.2241,1
29-Jun-2022,0.6898,1.0517,78.9376,136.11,3.6725,1.21575,1
30-Jun-2022,0.6889,1.0387,78.9421,136.63,3.6725,1.2109,1
1-Jul-2022,0.683,1.0425,79.094,135.98,,1.2056,1
5-Jul-2022,0.6873,1.029,79.079,136.13,3.6725,1.2023,1
6-Jul-2022,0.6784,1.0177,79.332,135.68,3.6725,1.19185,1
7-Jul-2022,0.6822,1.018,79.0235,135.7,3.6725,1.199,1
8-Jul-2022,0.6824,1.0163,79.2499,136.02,,1.19875,1
11-Jul-2022,0.6813,1.0098,79.4098,136.45,,1.1958,1
12-Jul-2022,0.672,1.0042,79.6401,137.15,3.6725,1.18455,1
13-Jul-2022,0.6771,1.0067,79.6592,137.12,3.6725,1.1915,1
14-Jul-2022,0.6757,1.0005,79.871,138,3.6725,1.1826,1
15-Jul-2022,,1.0059,,138.9,,1.18395,1
18-Jul-2022,0.6802,1.0131,79.8958,,3.6725,1.1984,1
19-Jul-2022,0.6851,1.0245,79.9478,138.22,3.6725,1.2025,1
20-Jul-2022,0.6912,1.0199,79.9738,138.15,3.6725,1.19815,1
21-Jul-2022,0.691,1.0199,79.9763,138.45,3.6725,1.1962,1
22-Jul-2022,0.6906,1.019,79.9101,137.32,,1.1954,1
25-Jul-2022,0.6909,1.0236,79.8488,136.6,3.6725,1.2051,1
26-Jul-2022,0.6961,1.0124,79.7948,136.45,3.6725,1.1999,1
27-Jul-2022,0.694,1.0152,79.8967,136.99,3.6725,1.20605,1
28-Jul-2022,0.6996,1.0122,79.7434,135.3,3.6725,1.212,1
29-Jul-2022,0.7007,1.0198,79.4203,133,,1.2182,1
1-Aug-2022,,1.0233,79.169,132.5,3.6725,1.2244,1
2-Aug-2022,0.6956,1.0224,78.6082,130.85,3.6725,1.22035,1
3-Aug-2022,0.6934,1.0194,78.8427,133.75,3.6725,1.2182,1
4-Aug-2022,0.6961,1.0181,79.5427,133.62,3.6725,1.21725,1
5-Aug-2022,0.6968,1.0233,79.1158,133.01,,1.2141,1
8-Aug-2022,0.6937,1.0199,79.5785,135.4,3.6725,1.2106,1
9-Aug-2022,0.6975,1.0234,,134.86,3.6725,1.21075,1
10-Aug-2022,0.6956,1.0252,79.5033,135.2,3.6725,1.2097,1
11-Aug-2022,0.7075,1.0338,79.4881,,3.6725,1.22055,1
12-Aug-2022,0.7122,1.0285,79.7011,133.35,,1.2128,1
15-Aug-2022,0.7083,1.0195,,133,3.6725,1.20905,1
16-Aug-2022,0.7038,1.0131,,133.17,3.6725,1.2022,1
17-Aug-2022,0.7024,1.0164,79.4335,134.31,3.6725,1.2102,1
18-Aug-2022,0.6927,1.0178,79.6667,134.88,3.6725,1.2054,1
19-Aug-2022,0.6914,1.0054,79.7528,136.28,,1.18445,1
22-Aug-2022,0.6892,1.0001,79.8703,137.2,3.6725,1.1804,1
23-Aug-2022,0.6877,0.9927,79.8903,137.28,3.6725,1.1764,1
24-Aug-2022,0.6905,0.9934,79.7927,136.9,3.6725,1.1776,1
25-Aug-2022,0.6955,0.997,79.8705,136.94,3.6725,1.1826,1
26-Aug-2022,0.6957,1.0007,79.9097,136.72,,1.1835,1
29-Aug-2022,0.6858,0.9986,80.0906,139,3.6725,,1
30-Aug-2022,0.6905,1.0034,79.7194,138.5,3.6725,1.1718,1
31-Aug-2022,0.6902,1,,138.61,3.6725,1.1616,1
1-Sep-2022,0.6834,1.0004,79.397,139.5,3.6725,1.1559,1
2-Sep-2022,0.679,0.9993,79.7888,140.05,,1.1567,1
6-Sep-2022,0.68,0.9928,79.8893,141,3.6725,1.15745,1
7-Sep-2022,0.6711,0.9885,79.922,144.12,3.6725,1.1446,1
8-Sep-2022,0.6741,1.0009,79.6712,144.4,3.6725,1.1544,1
9-Sep-2022,0.6828,1.0049,79.6358,143.76,,1.1614,1
12-Sep-2022,0.6843,1.0155,79.6776,142.8,3.6725,1.1683,1
13-Sep-2022,0.6874,1.0175,79.064,142.58,3.6725,1.173,1
14-Sep-2022,0.6724,0.999,79.5837,144.45,3.6725,1.15635,1
15-Sep-2022,0.6748,0.9992,79.583,143.25,3.6725,1.1506,1
16-Sep-2022,0.6702,0.9954,79.818,143.02,,1.1407,1
19-Sep-2022,0.6694,0.999,79.6657,,3.6725,,1
20-Sep-2022,0.672,0.9986,79.6778,143.23,3.6725,1.14395,1
21-Sep-2022,0.6667,0.9906,79.9226,143.7,3.6725,1.1342,1
22-Sep-2022,,0.9884,80.7246,144.45,3.6725,1.1295,1
23-Sep-2022,0.6624,0.9754,80.9165,,,1.1031,1
26-Sep-2022,0.6497,0.9646,81.575,144,3.6725,1.07245,1
27-Sep-2022,0.6501,0.9644,81.372,144.45,3.6725,1.08025,1
28-Sep-2022,0.6386,0.9565,81.9005,144.66,3.6725,1.0654,1
29-Sep-2022,0.6466,0.9706,81.8633,144.35,,1.08325,1
30-Sep-2022,0.6502,0.9748,81.5522,144.74,,1.1066,1
3-Oct-2022,,0.9764,81.7417,144.85,,1.11995,1
4-Oct-2022,0.6474,0.9891,81.4267,144.7,,1.1348,1
5-Oct-2022,0.6489,0.9915,,143.93,3.6725,1.1368,1
6-Oct-2022,0.6535,0.986,81.7044,144.58,3.6725,1.12605,1
7-Oct-2022,0.6405,0.9797,82.4,145.02,,1.1196,1
11-Oct-2022,0.625,0.9723,82.3901,145.73,3.6725,1.10685,1
12-Oct-2022,0.6271,0.9706,82.2411,146.18,3.6725,1.1081,1
13-Oct-2022,0.6275,0.9739,82.4013,146.85,3.6725,1.1155,1
14-Oct-2022,0.6327,0.9717,82.3877,147.37,,1.1246,1
17-Oct-2022,0.623,0.9739,82.4047,148.58,3.6725,1.12815,1
18-Oct-2022,0.6322,0.9835,82.2279,148.9,3.6725,1.12605,1
19-Oct-2022,0.6312,0.9778,82.3735,149.18,3.6725,1.1256,1
20-Oct-2022,0.6254,0.9811,83.2042,149.93,3.6725,1.1215,1
21-Oct-2022,0.6265,0.973,82.8619,150.38,,1.11255,1
24-Oct-2022,0.6346,0.9851,,146,3.6725,1.13045,1
25-Oct-2022,0.6325,0.9861,82.7626,149,3.6725,1.133,1
26-Oct-2022,0.6403,1.0023,,148.16,3.6725,1.1566,1
27-Oct-2022,0.6511,1.0037,82.3889,146.11,3.6725,1.15615,1
28-Oct-2022,0.6469,0.9951,82.4092,146.6,,1.1537,1
31-Oct-2022,0.642,0.9914,82.3934,148.24,3.6725,1.15375,1
1-Nov-2022,0.6423,0.9947,82.7126,148.73,3.6725,1.15585,1
2-Nov-2022,0.6412,0.9908,82.765,147.54,3.6725,1.1503,1
3-Nov-2022,0.6369,0.9753,82.8835,,3.6725,1.1211,1
4-Nov-2022,0.6348,0.9872,82.5287,148.25,,1.1212,1
7-Nov-2022,0.643,0.9993,82.2112,147.02,3.6725,1.1446,1
8-Nov-2022,0.6464,0.9996,,146.5,3.6725,1.1466,1
9-Nov-2022,0.65,1.0039,81.48,145.72,3.6725,1.14605,1
10-Nov-2022,0.6419,0.9954,81.7421,146.33,3.6725,1.13745,1
11-Nov-2022,0.6621,1.0308,80.6483,142.45,,1.17605,1
14-Nov-2022,0.6682,1.0319,81.2332,139.6,3.6725,1.17675,1
15-Nov-2022,0.6696,1.0404,81.428,140.38,3.6725,1.1872,1
16-Nov-2022,0.6744,1.0412,81.3354,139.53,3.6725,1.1899,1
17-Nov-2022,0.6708,1.0319,81.6335,139.44,3.6725,1.1861,1
18-Nov-2022,0.6704,1.0366,81.6975,140.22,,1.1912,1
21-Nov-2022,0.6645,1.0246,81.7732,140.29,3.6725,1.1807,1
22-Nov-2022,0.6624,1.0274,81.7742,142.05,3.6725,1.18765,1
23-Nov-2022,0.6639,1.0325,81.8165,,3.6725,1.19375,1
28-Nov-2022,0.6693,1.0463,81.7545,139.06,3.6725,1.20935,1
29-Nov-2022,0.6706,1.0366,81.7121,138.85,3.6725,1.20235,1
30-Nov-2022,0.6698,1.0376,81.597,138.8,3.6725,1.2011,1
1-Dec-2022,0.6809,1.0454,81.1512,136.25,,1.21665,1
2-Dec-2022,0.6813,1.0538,81.1771,135.5,,1.2278,1
5-Dec-2022,0.6841,1.0587,81.5855,134.68,3.6725,1.22795,1
6-Dec-2022,0.6731,1.0516,82.28,136.5,3.6725,1.2215,1
7-Dec-2022,0.6692,1.0529,82.5391,137.27,3.6725,1.21455,1
8-Dec-2022,0.6716,1.0519,82.2844,136.57,3.6725,1.21735,1
9-Dec-2022,0.6792,1.0559,82.2092,136.88,,1.2265,1
12-Dec-2022,0.6779,1.0562,82.6425,136.77,3.6725,1.22765,1
13-Dec-2022,0.6755,1.0545,82.7154,137.8,3.6725,1.22915,1
14-Dec-2022,0.6837,1.0649,82.517,135.53,3.6725,1.237,1
15-Dec-2022,0.6824,1.0621,82.4822,135.37,3.6725,1.2309,1
16-Dec-2022,0.6706,1.0619,82.8184,137.63,,1.2191,1
19-Dec-2022,0.6713,1.0598,82.6405,136.16,3.6725,1.21875,1
20-Dec-2022,0.6659,1.0599,82.7902,133.11,3.6725,1.21595,1
21-Dec-2022,0.6664,1.0636,82.7736,131.73,3.6725,1.2104,1
22-Dec-2022,0.6761,1.0633,82.6679,131.78,3.6725,1.2044,1
23-Dec-2022,0.668,1.0622,82.8685,132.65,,1.2068,1
3-Jan-2023,,1.0545,82.7817,,3.6725,1.1933,1
4-Jan-2023,0.6809,1.0599,82.9052,130.96,3.6725,1.20565,1
5-Jan-2023,0.6815,1.0601,82.6973,132.05,3.6725,1.20225,1
6-Jan-2023,0.6769,1.05,82.6348,133.64,,1.18485,1
9-Jan-2023,0.6929,1.0696,82.3662,,3.6725,1.21435,1
10-Jan-2023,0.6904,1.0723,82.2108,131.8,3.6725,1.2151,1
11-Jan-2023,0.6911,1.0747,81.7029,132.36,3.6725,1.2128,1
12-Jan-2023,0.6923,1.0772,81.7187,131.9,3.6725,1.21645,1
13-Jan-2023,0.6955,1.0814,81.4328,129.23,,1.2174,1
17-Jan-2023,0.6973,1.0843,81.7727,128.71,3.6725,1.2257,1
18-Jan-2023,0.6994,1.0839,81.648,128.84,3.6725,1.23765,1
19-Jan-2023,0.6904,1.0815,81.3577,128.4,3.6725,1.2353,1
20-Jan-2023,0.6918,1.0826,81.2196,128.65,,1.23535,1
23-Jan-2023,0.6983,1.0871,81.2757,129.29,3.6725,1.2353,1
24-Jan-2023,0.7033,1.0858,81.602,130.36,3.6725,1.2315,1
25-Jan-2023,0.7102,1.0878,81.6263,130.35,3.6725,1.231,1
26-Jan-2023,,1.0895,,129.19,3.6725,1.2391,1
27-Jan-2023,0.7107,1.0865,81.5445,130,,1.23685,1
30-Jan-2023,0.7092,1.0903,81.6552,130.06,3.6725,1.2383,1
31-Jan-2023,0.7037,1.0833,81.7387,130.41,3.6725,1.2324,1
1-Feb-2023,0.7068,1.0894,81.8494,129.87,3.6725,1.23275,1
2-Feb-2023,0.715,1.0988,81.9536,128.4,3.6725,1.2372,1
3-Feb-2023,0.7062,1.0937,82.2296,128.68,,1.22575,1
6-Feb-2023,0.6943,1.0776,82.454,132.35,3.6725,1.2052,1
7-Feb-2023,0.6931,1.07,82.6959,132.54,3.6725,1.19865,1
8-Feb-2023,0.6964,1.0735,82.6746,130.89,3.6725,1.2094,1
9-Feb-2023,0.6954,1.0771,82.6103,131.55,3.6725,1.2149,1
10-Feb-2023,0.6923,1.069,82.5787,131.62,,1.2109,1
13-Feb-2023,0.6908,1.0686,82.7046,131.7,3.6725,1.2058,1
14-Feb-2023,,1.0759,82.7163,132.28,3.6725,1.2203,1
15-Feb-2023,0.6937,1.07,82.8621,132.73,3.6725,1.20575,1
16-Feb-2023,0.6922,1.07,82.6414,134.05,3.6725,1.2055,1
17-Feb-2023,0.6843,1.0625,82.8085,134.3,,1.1935,1
21-Feb-2023,0.6896,1.0664,82.7562,134.25,3.6725,1.211,1
22-Feb-2023,0.6839,1.0644,82.8434,134.8,3.6725,1.2083,1
23-Feb-2023,0.683,1.0616,82.7628,,3.6725,1.2029,1
24-Feb-2023,0.6814,1.057,82.7432,134.1,,1.19865,1
27-Feb-2023,0.6711,1.0554,82.9145,136.15,3.6725,1.1982,1
28-Feb-2023,0.673,1.0619,82.6816,136.29,3.6725,1.2095,1
1-Mar-2023,0.675,1.0684,82.5467,136.36,3.6725,1.205,1
2-Mar-2023,0.6746,1.0605,82.5555,136.5,,1.1981,1
3-Mar-2023,0.6744,1.0615,82.2643,136.6,,1.2005,1
6-Mar-2023,0.6756,1.0646,81.7448,135.86,3.6725,1.2003,1
7-Mar-2023,0.6713,1.0665,,136.09,3.6725,1.19865,1
8-Mar-2023,0.6591,1.0545,82.089,137.33,3.6725,1.18375,1
9-Mar-2023,0.661,1.0554,81.9159,137.02,3.6725,1.18895,1
10-Mar-2023,0.6599,1.0586,82.0147,135.91,,1.19925,1
13-Mar-2023,,1.0706,81.9132,134.33,3.6725,1.2086,1
14-Mar-2023,0.6649,1.0737,82.3619,133.05,3.6725,1.2166,1
15-Mar-2023,0.6692,1.0549,82.4955,134.57,3.6725,1.2065,1
16-Mar-2023,0.6637,1.0595,82.6841,132.55,3.6725,1.2049,1
17-Mar-2023,0.6714,1.0623,82.4663,133.48,,1.2131,1
20-Mar-2023,0.6683,1.0717,82.503,132.6,3.6725,1.22325,1
21-Mar-2023,0.6691,1.0776,82.6799,,3.6725,1.2252,1
22-Mar-2023,0.6695,1.0785,,132.44,3.6725,1.2271,1
23-Mar-2023,0.6741,1.0879,82.159,130.85,3.6725,1.23075,1
24-Mar-2023,0.6687,1.0745,82.2378,130.6,,1.22165,1
27-Mar-2023,0.665,1.0773,82.3558,130.65,3.6725,1.22625,1
28-Mar-2023,0.6689,1.0841,82.2068,130.65,3.6725,1.2309,1
29-Mar-2023,0.6703,1.0847,82.3603,131.27,3.6725,1.2346,1
30-Mar-2023,0.6687,1.0886,,132.52,3.6725,1.2339,1
31-Mar-2023,0.6712,1.0875,82.2169,133.48,,1.23755,1
3-Apr-2023,0.6663,1.087,82.3867,133.04,3.6725,1.2365,1
4-Apr-2023,0.6765,1.0901,,132.57,3.6725,1.25045,1
5-Apr-2023,0.6736,1.094,82.1892,131.52,3.6725,1.2468,1
6-Apr-2023,0.6694,1.0915,81.9753,131.1,3.6725,1.24605,1
7-Apr-2023,,,,131.73,,,1
10-Apr-2023,,,81.9105,132.6,3.6725,,1
11-Apr-2023,0.6677,1.0905,82.0881,133.42,3.6725,1.2453,1
12-Apr-2023,0.6671,1.0922,82.0712,133.75,3.6725,1.24125,1
13-Apr-2023,0.6701,1.1015,81.9755,133.22,3.6725,1.2506,1
14-Apr-2023,0.6783,1.1057,,132.47,,1.2512,1
17-Apr-2023,0.6715,1.0981,81.9456,133.85,3.6725,1.2406,1
18-Apr-2023,0.6733,1.0972,82.0734,134.42,3.6725,1.2439,1
19-Apr-2023,0.6727,1.0933,82.1202,134.1,3.6725,1.24145,1
20-Apr-2023,0.6715,1.0944,82.1635,134.82,3.6725,1.2439,1
21-Apr-2023,0.6708,1.0978,82.1542,134.24,,1.23845,1
24-Apr-2023,0.6676,1.1002,82.0495,134.08,,1.24475,1
25-Apr-2023,,1.1022,81.8994,134.29,3.6725,1.24555,1
26-Apr-2023,0.6609,1.1039,81.9155,133.74,3.6725,1.2486,1
27-Apr-2023,0.6627,1.1042,81.6526,133.67,3.6725,1.24715,1
28-Apr-2023,0.661,1.0981,81.7829,134.05,3.6725,1.24635,1
1-May-2023,0.6639,,,136.69,3.6725,,1
2-May-2023,0.6705,1.0965,81.7625,137.52,3.6725,1.24715,1
3-May-2023,0.6664,1.1043,81.8552,,3.6725,1.2506,1
4-May-2023,0.669,1.1074,81.7353,,3.6725,1.2572,1
5-May-2023,0.6735,1.1014,,,,1.2613,1
8-May-2023,0.6775,1.1037,81.7606,135.07,3.6725,,1
9-May-2023,0.6778,1.0959,82.0231,135.28,3.6725,1.26205,1
10-May-2023,0.6764,1.095,82.024,135.15,3.6725,1.26105,1
11-May-2023,0.6775,1.093,82.0431,134.1,3.6725,1.2602,1
12-May-2023,0.669,1.0892,82.1606,134.55,,1.2538,1
15-May-2023,0.6682,1.0876,82.2841,136,3.6725,1.25065,1
16-May-2023,0.6674,1.0881,82.2735,135.95,3.6725,1.25345,1
17-May-2023,0.6639,1.0829,82.3695,136.43,3.6725,1.24475,1
18-May-2023,0.6647,1.0813,82.4783,137.53,3.6725,1.2433,1
19-May-2023,0.6634,1.0808,82.6989,138.35,,1.2429,1
22-May-2023,0.664,1.0822,82.7982,137.65,3.6725,1.24495,1
23-May-2023,0.665,1.0779,82.7961,138.78,3.6725,1.23855,1
24-May-2023,0.6598,1.0785,82.7207,138.4,3.6725,1.2377,1
25-May-2023,0.6527,1.0735,82.7477,139.42,3.6725,1.23595,1
26-May-2023,0.6515,1.0751,82.7182,139.8,,1.2378,1
30-May-2023,0.6509,1.0744,82.7332,140.22,3.6725,1.24285,1
31-May-2023,0.6495,1.0683,82.6773,139.8,3.6725,1.2364,1
1-Jun-2023,0.6511,1.0697,82.4562,139.45,3.6725,1.2467,1
2-Jun-2023,0.6612,1.0763,82.3175,138.75,,1.2528,1
5-Jun-2023,0.6607,1.069,82.5768,140.14,,1.23915,1
6-Jun-2023,0.6661,1.0683,82.6396,139.54,3.6725,1.2415,1
7-Jun-2023,0.6678,1.0717,82.5339,139.45,3.6725,1.24545,1
8-Jun-2023,0.6662,1.0737,82.5795,139.87,3.6725,1.2465,1
9-Jun-2023,,1.078,,139.06,,1.2546,1
12-Jun-2023,,1.0765,82.4553,139.37,3.6725,1.25765,1
13-Jun-2023,0.6761,1.0793,82.3907,139.65,3.6725,1.2569,1
14-Jun-2023,0.6767,1.0809,82.3141,140.03,3.6725,1.26425,1
15-Jun-2023,0.6821,1.0819,82.1982,140.28,3.6725,1.26695,1
16-Jun-2023,0.6888,1.0966,81.8834,140.09,,1.2793,1
20-Jun-2023,0.6803,1.0933,82.1157,142.18,3.6725,1.27655,1
21-Jun-2023,0.6783,1.0923,82.0951,141.6,3.6725,1.27035,1
22-Jun-2023,0.6765,1.0985,81.9188,141.88,3.6725,1.2815,1
23-Jun-2023,0.6697,1.0884,82.051,143.08,,1.27195,1
26-Jun-2023,0.6679,1.0918,81.9729,143.43,3.6725,1.27105,1
27-Jun-2023,0.6712,1.0951,81.962,143.44,,1.2733,1
28-Jun-2023,0.6646,1.0938,,143.91,,1.26915,1
29-Jun-2023,0.6614,1.0938,,144.25,,1.2656,1
30-Jun-2023,0.663,1.0866,82.0428,144.88,,1.2647,1
5-Jul-2023,0.6688,1.0879,82.1616,144.5,3.6725,1.2699,1
6-Jul-2023,0.6661,1.0899,82.4572,144.35,3.6725,1.27715,1
7-Jul-2023,0.6635,1.0888,82.6773,144.1,,1.2762,1
10-Jul-2023,0.6657,1.0956,82.6335,142.5,3.6725,1.27865,1
11-Jul-2023,0.6682,1.0989,82.3533,141.42,3.6725,1.29115,1
12-Jul-2023,0.6709,1.1022,82.2817,139.83,3.6725,1.29185,1
13-Jul-2023,0.6808,1.1182,82.1201,138.55,3.6725,1.3066,1
14-Jul-2023,0.6889,1.1221,82.1021,137.5,,1.31105,1
17-Jul-2023,0.6814,1.123,82.146,,3.6725,1.3079,1
18-Jul-2023,0.6821,1.1255,82.0486,138.8,3.6725,1.31225,1
19-Jul-2023,0.6794,1.1222,82.1029,138.99,,1.292,1
20-Jul-2023,0.6828,1.1197,82.0446,139.6,3.6725,1.2897,1
21-Jul-2023,0.6775,1.1123,82.0217,140,,1.2846,1
24-Jul-2023,0.6736,1.1096,81.9246,141.78,3.6725,1.28345,1
25-Jul-2023,0.6768,1.1051,81.8088,141.53,3.6725,1.28405,1
26-Jul-2023,0.6763,1.1059,81.988,141.05,3.6725,1.2921,1
27-Jul-2023,0.6793,1.1125,81.9923,140.3,3.6725,1.29565,1
28-Jul-2023,0.6669,1.101,82.2465,139.43,,1.28525,1
31-Jul-2023,0.6682,1.1023,82.2481,140.92,3.6725,1.28655,1
1-Aug-2023,0.6673,1.097,82.2833,142.75,3.6725,1.27995,1
2-Aug-2023,0.6581,1.0985,82.5347,143.16,3.6725,1.2782,1
3-Aug-2023,0.6538,1.0932,82.7171,143.26,3.6725,1.26515,1
4-Aug-2023,0.6573,1.0946,82.7978,142.55,,1.27,1
7-Aug-2023,,1.0984,82.7431,141.65,3.6725,1.27285,1
8-Aug-2023,0.6531,1.0944,82.7968,143.02,3.6725,1.27205,1
9-Aug-2023,0.6556,1.0968,82.8166,143.33,3.6725,1.27365,1
10-Aug-2023,0.6545,1.1019,82.8372,143.83,3.6725,1.2771,1
11-Aug-2023,0.6522,1.1004,82.7796,,,1.2716,1
14-Aug-2023,0.6475,1.093,82.9521,145.08,3.6725,1.27015,1
15-Aug-2023,0.6512,1.0926,,145.54,3.6725,1.2709,1
16-Aug-2023,0.6451,1.0916,,145.67,3.6725,1.2742,1
17-Aug-2023,0.6385,1.09,83.1263,146.4,3.6725,1.27485,1
18-Aug-2023,0.6407,1.0867,83.0905,145.6,,1.27175,1
21-Aug-2023,0.64,1.0908,83.1146,145.27,3.6725,1.27415,1
22-Aug-2023,0.6417,1.0887,83.067,146.25,3.6725,1.27645,1
23-Aug-2023,0.6441,1.0805,82.9218,145.7,3.6725,1.26265,1
24-Aug-2023,0.6479,1.084,82.5517,144.78,3.6725,1.2685,1
25-Aug-2023,0.6417,1.0808,82.6523,146.1,,1.26125,1
28-Aug-2023,0.6431,1.0808,82.6126,146.49,3.6725,,1
29-Aug-2023,0.6446,1.0803,82.6498,146.48,3.6725,1.25885,1
30-Aug-2023,0.6475,1.0886,82.7698,146.01,3.6725,1.2665,1
31-Aug-2023,0.6485,1.0868,82.6784,146.07,3.6725,1.268,1
1-Sep-2023,0.6471,1.0844,82.6648,145.64,,1.26785,1
5-Sep-2023,0.6401,1.0731,82.944,147,3.6725,1.25545,1
6-Sep-2023,0.6403,1.0745,83.0902,147.8,3.6725,1.2551,1
7-Sep-2023,0.638,1.071,83.1829,147.84,3.6725,1.2456,1
8-Sep-2023,0.6407,1.0704,83.1589,146.9,,1.24825,1
11-Sep-2023,0.6437,1.0724,82.8809,146.92,3.6725,1.25135,1
12-Sep-2023,0.6425,1.0713,82.976,146.63,3.6725,1.24685,1
13-Sep-2023,0.6409,1.0733,82.9527,147.24,3.6725,1.24775,1
14-Sep-2023,0.6441,1.073,82.976,147.12,3.6725,1.24655,1
15-Sep-2023,0.6467,1.0658,83.0557,147.5,,1.24125,1
18-Sep-2023,0.6445,1.0663,83.2102,,3.6725,1.24025,1
19-Sep-2023,0.6431,1.0713,,147.67,3.6725,1.2396,1
20-Sep-2023,0.6452,1.0702,83.2553,147.8,3.6725,1.23645,1
21-Sep-2023,0.6403,1.0635,83.1511,148.34,3.6725,1.22625,1
22-Sep-2023,0.6425,1.0647,82.9477,147.64,,1.2246,1
25-Sep-2023,0.6418,1.0633,83.0968,148.4,3.6725,1.22385,1
26-Sep-2023,0.6414,1.0605,83.2328,148.88,3.6725,1.2184,1
27-Sep-2023,0.6379,1.0536,83.2188,149.03,3.6725,1.21415,1
28-Sep-2023,0.6377,1.0539,,149.49,,1.22,1
29-Sep-2023,0.6458,1.0594,,149.44,,1.22675,1
2-Oct-2023,,1.053,,149.72,3.6725,1.2156,1
3-Oct-2023,0.6316,1.0469,83.1812,149.86,3.6725,1.20585,1
4-Oct-2023,0.6321,1.0497,83.2588,149.24,3.6725,1.2124,1
5-Oct-2023,0.6372,1.0526,83.2413,148.8,3.6725,1.2137,1
6-Oct-2023,0.6368,1.0563,83.2388,148.62,,1.22115,1
10-Oct-2023,0.6411,1.0582,83.2556,148.55,3.6725,1.2257,1
11-Oct-2023,0.6421,1.0604,83.2368,148.6,3.6725,1.22925,1
12-Oct-2023,0.6423,1.0619,83.1834,149.14,3.6725,1.22955,1
13-Oct-2023,0.6317,1.0524,83.2574,149.83,,1.2168,1
16-Oct-2023,0.6323,1.0538,83.2632,149.54,3.6725,1.21515,1
17-Oct-2023,0.6355,1.0569,83.2555,149.55,3.6725,1.21595,1
18-Oct-2023,0.6379,1.0565,83.2571,149.8,3.6725,1.2181,1
19-Oct-2023,0.6303,1.0558,83.2746,149.76,3.6725,1.2123,1
20-Oct-2023,0.6316,1.0591,83.1982,149.85,,1.21235,1
23-Oct-2023,0.6311,1.0597,83.1663,149.93,3.6725,1.2155,1
24-Oct-2023,0.6359,1.0632,,149.75,3.6725,1.2212,1
25-Oct-2023,0.6386,1.0576,83.1518,149.92,3.6725,1.2124,1
26-Oct-2023,0.6278,1.054,83.2439,150.17,3.6725,1.20765,1
27-Oct-2023,0.6345,1.0541,83.2518,150.18,,1.21235,1
30-Oct-2023,0.6353,1.0605,83.2676,149.8,3.6725,1.21255,1
31-Oct-2023,0.6346,1.0619,83.2692,149.45,3.6725,1.21775,1
1-Nov-2023,0.6332,1.0537,83.2843,151.3,3.6725,1.21265,1
2-Nov-2023,0.6424,1.0661,83.263,150.5,3.6725,1.22015,1
3-Nov-2023,0.6433,1.0702,83.2669,,,1.2228,1
6-Nov-2023,0.651,1.0741,83.2213,149.62,3.6725,1.24245,1
7-Nov-2023,0.6439,1.0686,83.265,150.06,3.6725,1.22895,1
8-Nov-2023,0.644,1.0671,83.2691,150.61,3.6725,1.2267,1
9-Nov-2023,0.6416,1.0691,83.2808,150.96,3.6725,1.2261,1
10-Nov-2023,0.6361,1.0683,83.353,151.33,,1.2208,1
13-Nov-2023,0.636,1.067,83.3248,151.65,3.6725,1.22505,1
14-Nov-2023,0.6372,1.0724,,151.72,3.6725,1.2282,1
15-Nov-2023,0.65,1.0868,83.1272,150.64,3.6725,1.24725,1
16-Nov-2023,0.6471,1.0849,83.2388,151.25,3.6725,1.2403,1
17-Nov-2023,0.6468,1.0872,83.2646,150.68,,1.24285,1
20-Nov-2023,0.655,1.0928,83.3309,149,3.6725,1.24715,1
21-Nov-2023,0.6577,1.0955,83.3466,148,3.6725,1.253,1
22-Nov-2023,0.6555,1.0911,83.3375,148.2,3.6725,1.2535,1
27-Nov-2023,,1.0951,,149.48,,1.26355,1
28-Nov-2023,0.6623,1.0949,83.3926,148.11,3.6725,1.26195,1
29-Nov-2023,0.665,1.0985,83.3191,146.86,3.6725,1.2688,1
30-Nov-2023,0.6648,1.0931,83.35,146.98,3.6725,1.26405,1
1-Dec-2023,0.6611,1.0875,83.3602,147.79,,1.2647,1
4-Dec-2023,0.6656,1.0868,83.3357,146.35,3.6725,1.2681,1
5-Dec-2023,0.6584,1.0817,83.3931,147.2,3.6725,1.2622,1
6-Dec-2023,0.6581,1.0778,83.3544,147.19,3.6725,1.2588,1
7-Dec-2023,0.6529,1.0771,83.365,146,3.6725,1.25705,1
8-Dec-2023,0.6618,1.0777,83.3681,144,,1.258,1
11-Dec-2023,0.6555,1.0757,83.3872,145.5,3.6725,1.25895,1
12-Dec-2023,0.6591,1.0804,83.38,145.8,3.6725,1.2571,1
13-Dec-2023,0.6555,1.0787,83.395,145.53,3.6725,1.25255,1
14-Dec-2023,0.6712,1.0919,83.35,142.43,3.6725,1.2692,1
15-Dec-2023,0.6717,1.0946,83.1802,142.4,,1.27715,1
18-Dec-2023,0.6714,1.0918,83.0173,142.15,3.6725,1.2655,1
19-Dec-2023,0.6724,1.0962,83.179,143.51,3.6725,1.27045,1
20-Dec-2023,0.6775,1.0944,83.1523,143.98,3.6725,1.26505,1
21-Dec-2023,0.6748,1.0983,83.2729,143.36,3.6725,1.26655,1
22-Dec-2023,0.6782,1.1023,,141.91,,1.27355,1
26-Dec-2023,,,,,,,1
2-Jan-2024,0.682,1.0956,83.3282,,3.6725,1.2661,1
3-Jan-2024,0.6763,1.0919,83.3242,,3.6725,1.26275,1
4-Jan-2024,0.6738,1.0953,83.3002,143.32,3.6725,1.269,1
5-Jan-2024,0.6698,1.0921,83.176,144.89,,1.2654,1
8-Jan-2024,0.6699,1.0946,83.0687,,,1.2699,1
9-Jan-2024,0.6719,1.094,83.1289,143.92,3.6725,1.27135,1
10-Jan-2024,0.6703,1.0946,83.1548,144.63,3.6725,1.2728,1
11-Jan-2024,0.672,1.0987,82.9415,145.53,3.6725,1.27655,1
12-Jan-2024,0.6704,1.0942,82.9881,145.23,,1.27265,1
16-Jan-2024,0.6615,1.0882,82.9774,145.85,3.6725,1.26465,1
17-Jan-2024,0.6571,1.0877,83.131,147.39,3.6725,1.269,1
18-Jan-2024,0.6558,1.0875,83.1243,148.15,3.6725,1.2684,1
19-Jan-2024,0.6579,1.0887,83.1338,148.08,,1.2682,1
22-Jan-2024,0.6594,1.089,,148.12,3.6725,1.27135,1
23-Jan-2024,0.6602,1.0872,83.1029,148.1,3.6725,1.27065,1
24-Jan-2024,0.6575,1.0905,83.1457,148.12,3.6725,1.27415,1
25-Jan-2024,0.6575,1.0893,83.1155,147.75,3.6725,1.2732,1
26-Jan-2024,,1.0871,,147.6,,1.27425,1
29-Jan-2024,0.659,1.0823,83.1494,148.22,3.6725,1.2695,1
30-Jan-2024,0.6609,1.0846,83.119,147.32,3.6725,1.26795,1
31-Jan-2024,0.6574,1.0837,83.0805,147.5,3.6725,1.2686,1
1-Feb-2024,0.6553,1.0814,82.9553,146.75,3.6725,1.2648,1
2-Feb-2024,0.6597,1.0883,82.8406,146.39,,1.27585,1
5-Feb-2024,0.6508,1.0746,83.0284,148.73,3.6725,1.2573,1
6-Feb-2024,0.6515,1.0743,83.0629,148.64,3.6725,1.2556,1
7-Feb-2024,0.6529,1.0776,82.9765,147.85,3.6725,1.26315,1
8-Feb-2024,0.6523,1.0758,82.9762,148.02,3.6725,1.26055,1
9-Feb-2024,0.6492,1.0772,82.9995,149.4,,1.26075,1
12-Feb-2024,0.6518,1.0773,82.9954,,3.6725,1.26165,1
13-Feb-2024,0.6516,1.0793,83.019,149.35,3.6725,1.2668,1
14-Feb-2024,0.6464,1.0713,83.0864,150.63,3.6725,1.2553,1
15-Feb-2024,0.6485,1.0743,83.0119,150.36,3.6725,1.25515,1
16-Feb-2024,0.6518,1.0768,83.0375,150.15,,1.26005,1
20-Feb-2024,0.6531,1.0802,82.9704,150.32,3.6725,1.25885,1
21-Feb-2024,0.6568,1.0809,82.8851,150.05,3.6725,1.2616,1
22-Feb-2024,0.6559,1.0844,82.924,150.41,3.6725,1.26795,1
23-Feb-2024,0.6572,1.0834,82.8865,,,1.26805,1
26-Feb-2024,0.6557,1.0852,82.8856,150.31,3.6725,1.26945,1
27-Feb-2024,0.6544,1.0856,82.8915,150.55,3.6725,1.2688,1
28-Feb-2024,0.6519,1.0808,82.9155,150.45,3.6725,1.26545,1
29-Feb-2024,0.6519,1.0826,82.9246,150.6,3.6725,1.26505,1
1-Mar-2024,0.651,1.0813,82.8702,150.4,,1.26435,1
4-Mar-2024,0.652,1.0846,82.8954,150.02,3.6725,1.26785,1
5-Mar-2024,0.6502,1.0849,82.9271,150.37,3.6725,1.2678,1
6-Mar-2024,0.6514,1.0874,82.9078,149.99,3.6725,1.27265,1
7-Mar-2024,0.6586,1.0895,82.7785,148.93,3.6725,1.2755,1
8-Mar-2024,0.6626,1.0932,,147.76,,1.28295,1
11-Mar-2024,,1.0926,82.677,146.75,3.6725,1.28505,1
12-Mar-2024,0.6615,1.0916,82.745,146.85,3.6725,1.2792,1
13-Mar-2024,0.6614,1.0939,82.9027,147.47,3.6725,1.28085,1
14-Mar-2024,0.6616,1.0925,82.8709,147.61,3.6725,1.28095,1
15-Mar-2024,0.6567,1.0892,82.8919,148.48,,1.27545,1
18-Mar-2024,0.6566,1.0892,82.9078,149.25,3.6725,1.27445,1
19-Mar-2024,0.6529,1.0854,82.9401,149.2,3.6725,1.2693,1
20-Mar-2024,0.6526,1.0844,83.1022,,3.6725,1.26935,1
21-Mar-2024,0.6624,1.0907,83.1308,150.83,3.6725,1.2733,1
22-Mar-2024,0.6525,1.0823,83.3546,151.5,,1.2583,1
25-Mar-2024,0.6528,1.0835,,151.38,3.6725,1.26385,1
26-Mar-2024,0.6539,1.0855,83.3559,151.31,3.6725,1.26535,1
27-Mar-2024,0.6529,1.0816,83.3255,151.75,3.6725,1.26135,1
28-Mar-2024,0.6532,1.0811,83.3739,151.4,3.6725,1.26125,1
29-Mar-2024,,,,151.25,,,1
1-Apr-2024,,,83.3739,151.38,3.6725,,1
2-Apr-2024,0.649,1.0749,83.3585,151.7,3.6725,1.2566,1
3-Apr-2024,0.6519,1.0783,83.4204,151.52,3.6725,1.2579,1
4-Apr-2024,0.6587,1.0852,83.4475,151.62,3.6725,1.26605,1
5-Apr-2024,0.6572,1.0841,83.4073,150.92,,1.26325,1
8-Apr-2024,0.6579,1.0823,83.3176,151.77,3.6725,1.26335,1
9-Apr-2024,0.6608,1.0867,,151.91,3.6725,1.26855,1
10-Apr-2024,0.6621,1.086,83.2253,151.75,3.6725,1.2698,1
11-Apr-2024,0.6523,1.0729,,152.86,3.6725,1.254,1
12-Apr-2024,0.6526,1.0652,83.3931,153.01,,1.24705,1
15-Apr-2024,0.6488,1.0656,83.4422,153.39,3.6725,1.24945,1
16-Apr-2024,0.6426,1.0637,83.4982,154.36,3.6725,1.24475,1
17-Apr-2024,0.6408,1.0638,,154.73,3.6725,1.24565,1
18-Apr-2024,0.6448,1.0679,83.517,154.35,3.6725,1.24785,1
19-Apr-2024,0.6397,1.0653,83.5214,154.66,,1.24355,1
22-Apr-2024,0.6434,1.0632,83.4113,154.74,3.6725,1.23255,1
23-Apr-2024,0.6455,1.0674,83.3765,154.77,3.6725,1.23515,1
24-Apr-2024,0.6519,1.0686,83.2987,154.8,3.6725,1.24395,1
25-Apr-2024,,1.072,83.3758,155.41,3.6725,1.2507,1
26-Apr-2024,0.6539,1.0714,83.3395,155.63,,1.25135,1
29-Apr-2024,0.6569,1.072,83.4392,,3.6725,1.25305,1
30-Apr-2024,0.6525,1.0718,83.5187,156.82,3.6725,1.25405,1
1-May-2024,0.6475,,,157.83,3.6725,1.24835,1
2-May-2024,0.6541,1.0698,83.4526,156,3.6725,1.25115,1
3-May-2024,0.6579,1.0744,83.3795,,,1.25585,1
6-May-2024,0.6613,1.0776,83.4725,,3.6725,,1
7-May-2024,0.66,1.0766,83.5015,154.05,3.6725,1.2543,1
8-May-2024,0.6579,1.0743,83.5147,154.88,3.6725,1.2498,1
9-May-2024,0.6577,1.0732,83.4976,155.55,3.6725,1.246,1
10-May-2024,0.661,1.0779,83.4946,155.58,,1.2532,1
13-May-2024,0.6596,1.0795,83.5234,155.92,3.6725,1.25335,1
14-May-2024,0.66,1.0796,83.5201,156.38,3.6725,1.25555,1
15-May-2024,0.6648,1.0832,83.5092,156.42,3.6725,1.26055,1
16-May-2024,0.6679,1.0866,83.5011,154,3.6725,1.2669,1
17-May-2024,0.6673,1.0844,83.4815,155.47,,1.265,1
20-May-2024,0.6704,1.0861,,155.85,3.6725,1.27025,1
21-May-2024,0.6658,1.0864,83.3614,156.45,3.6725,1.27165,1
22-May-2024,0.6674,1.083,83.2301,156.27,3.6725,1.27235,1
23-May-2024,0.6621,1.0854,,156.8,3.6725,1.27255,1
24-May-2024,0.66,1.084,83.1219,157.07,,1.27215,1
28-May-2024,0.6667,1.0882,83.1644,156.8,3.6725,1.27795,1
29-May-2024,0.6647,1.0857,83.327,157.38,3.6725,1.27465,1
30-May-2024,0.6597,1.0815,83.4231,156.71,3.6725,1.27135,1
31-May-2024,0.6637,1.0852,83.2988,156.65,,1.2722,1
3-Jun-2024,0.6646,1.0842,83.0659,157.15,3.6725,1.27145,1
4-Jun-2024,0.6668,1.0865,83.5021,156.4,3.6725,1.2753,1
5-Jun-2024,0.6658,1.0872,83.3898,155.25,3.6725,1.27715,1
6-Jun-2024,0.666,1.0865,83.4649,155.9,3.6725,1.27805,1
7-Jun-2024,0.6672,1.0898,83.4257,155.7,,1.2792,1
10-Jun-2024,,1.0756,83.4919,156.95,3.6725,1.26965,1
11-Jun-2024,0.6602,1.073,83.5054,157.25,3.6725,1.2743,1
12-Jun-2024,0.6621,1.0765,83.5645,157.17,3.6725,1.27615,1
13-Jun-2024,0.6642,1.0784,83.5469,156.8,3.6725,1.27755,1
14-Jun-2024,0.6626,1.0686,83.5458,157.23,,1.27055,1
17-Jun-2024,0.6601,1.0712,,157.44,,1.26695,1
18-Jun-2024,0.6626,1.0715,83.4817,157.68,,1.2689,1
20-Jun-2024,0.6669,1.0719,83.5265,158.03,3.6725,1.2694,1
21-Jun-2024,0.6665,1.0688,83.586,159,,1.26335,1
24-Jun-2024,0.6641,1.073,83.5138,159.81,3.6725,1.2664,1
25-Jun-2024,0.6664,1.0714,83.4275,159.5,3.6725,1.26875,1
26-Jun-2024,0.6686,1.0689,83.5409,159.72,3.6725,1.26565,1
27-Jun-2024,0.6666,1.0696,83.4896,160.67,3.6725,1.26515,1
28-Jun-2024,0.6624,1.0705,83.4534,160.95,,1.26565,1
1-Jul-2024,0.6668,1.0745,83.4043,161.17,3.6725,1.26735,1
2-Jul-2024,0.6646,1.0729,83.515,161.64,3.6725,1.26425,1
3-Jul-2024,0.6673,1.0758,,161.53,,1.27025,1
8-Jul-2024,0.6744,1.0835,83.4755,160.72,3.6725,1.28165,1
9-Jul-2024,0.6744,1.0814,83.4843,161,3.6725,1.2814,1
10-Jul-2024,0.6744,1.0825,83.4923,161.49,3.6725,1.28085,1
11-Jul-2024,0.6761,1.0855,,161.6,3.6725,1.28775,1
12-Jul-2024,0.6772,1.089,83.5385,158.2,,1.29615,1
15-Jul-2024,0.6775,1.0907,83.5658,,3.6725,1.29785,1
16-Jul-2024,0.6738,1.0902,83.5781,158.38,3.6725,1.29665,1
17-Jul-2024,0.6736,1.0934,,158.51,3.6725,1.30335,1
18-Jul-2024,0.6739,1.093,83.6393,155.75,3.6725,1.29915,1
19-Jul-2024,0.6701,1.089,83.6405,157.38,,1.29215,1
22-Jul-2024,0.6663,1.0888,83.6654,157.45,3.6725,1.29405,1
23-Jul-2024,0.6633,1.086,83.6625,156.72,3.6725,1.29025,1
24-Jul-2024,0.6595,1.0848,83.7028,155.85,3.6725,1.29075,1
25-Jul-2024,0.6546,1.0851,83.7075,153.25,3.6725,1.28755,1
26-Jul-2024,0.6555,1.086,83.7272,153.99,,1.28735,1
29-Jul-2024,0.6552,1.0817,83.7371,153.78,3.6725,1.2846,1
30-Jul-2024,0.6556,1.0824,83.7328,154.04,3.6725,1.2856,1
31-Jul-2024,0.6491,1.0828,83.744,152.4,3.6725,1.28415,1
1-Aug-2024,0.6534,1.0789,83.7251,149.55,3.6725,1.27705,1
2-Aug-2024,0.6515,1.0835,83.7375,149.42,,1.27375,1
5-Aug-2024,,1.0966,83.839,145.65,3.6725,1.2758,1
6-Aug-2024,0.6511,1.0915,83.9078,145.02,3.6725,1.26885,1
7-Aug-2024,0.6551,1.0922,83.9519,144.75,3.6725,1.2716,1
8-Aug-2024,0.6552,1.093,83.9584,146.05,3.6725,1.26925,1
9-Aug-2024,0.6592,1.0917,83.9,147.54,,1.27445,1
12-Aug-2024,0.6582,1.0925,83.9691,,3.6725,1.2761,1
13-Aug-2024,0.6594,1.0931,83.9696,147.28,3.6725,1.27845,1
14-Aug-2024,0.6634,1.1019,83.9366,147.05,3.6725,1.2843,1
15-Aug-2024,0.662,1.1011,,147.28,3.6725,1.28545,1
16-Aug-2024,0.663,1.0994,83.9561,148.95,,1.29095,1
19-Aug-2024,0.6684,1.1041,83.9201,147.86,3.6725,1.29495,1
20-Aug-2024,0.6719,1.1084,83.7804,146.4,3.6725,1.3004,1
21-Aug-2024,0.6742,1.1116,83.9183,145,3.6725,1.3041,1
22-Aug-2024,0.674,1.1135,83.9569,145.35,3.6725,1.312,1
23-Aug-2024,0.672,1.1121,83.8746,146.12,,1.3122,1
26-Aug-2024,0.6776,1.1163,83.8504,143.5,3.6725,,1
27-Aug-2024,0.6787,1.1162,83.9424,144.71,3.6725,1.32165,1
28-Aug-2024,0.6789,1.1117,83.9671,144.22,3.6725,1.32185,1
29-Aug-2024,0.6807,1.1088,83.8899,144.43,3.6725,1.31925,1
30-Aug-2024,0.6806,1.1087,83.8709,144.76,,1.31725,1
3-Sep-2024,0.6741,1.1035,83.9525,147.1,,1.31155,1
4-Sep-2024,0.6704,1.105,83.9682,145.25,3.6725,1.31135,1
5-Sep-2024,0.6723,1.1097,83.9825,143.75,3.6725,1.31655,1
6-Sep-2024,0.6724,1.1103,83.9308,142.3,,1.31685,1
9-Sep-2024,0.6668,1.1043,83.9425,142.74,3.6725,1.30805,1
10-Sep-2024,0.6668,1.1031,83.975,143.48,3.6725,1.30995,1
11-Sep-2024,0.6659,1.1043,83.9508,141,3.6725,1.30885,1
12-Sep-2024,0.6693,1.1016,83.9843,142.76,3.6725,1.30515,1
13-Sep-2024,0.6722,1.1081,83.918,141.5,,1.31265,1
16-Sep-2024,0.6727,1.1126,,,,1.31935,1
17-Sep-2024,0.6748,1.1139,83.8302,140.7,3.6725,1.3212,1
18-Sep-2024,0.6761,1.1124,,141.58,3.6725,1.32115,1
19-Sep-2024,0.6801,1.1156,83.6172,143.54,3.6725,1.32945,1
20-Sep-2024,0.6818,1.1166,83.4922,142.64,,1.32835,1
23-Sep-2024,0.6828,1.1119,83.5128,,3.6725,1.3302,1
24-Sep-2024,0.6839,1.1133,83.6319,143.7,3.6725,1.33655,1
25-Sep-2024,0.688,1.1194,83.5471,143.27,3.6725,1.33675,1
26-Sep-2024,0.6863,1.1155,83.7009,144.57,3.6725,1.33785,1
27-Sep-2024,0.6878,1.1158,83.6688,145.44,,1.33895,1
30-Sep-2024,0.6932,1.1196,83.7888,142.65,3.6725,1.34065,1
1-Oct-2024,0.6928,1.1086,83.8149,144.05,3.6725,1.33245,1
2-Oct-2024,0.688,1.1071,,143.88,3.6725,1.32775,1
3-Oct-2024,0.6865,1.1039,83.9492,147.02,3.6725,1.31185,1
4-Oct-2024,0.6848,1.1029,83.966,146.68,,1.31675,1
7-Oct-2024,,1.0982,83.9719,148.46,3.6725,1.30635,1
8-Oct-2024,0.6739,1.0982,83.9399,147.84,3.6725,1.31035,1
9-Oct-2024,0.6746,1.0957,83.962,148.2,3.6725,1.30925,1
10-Oct-2024,0.6739,1.0932,83.9685,149.28,3.6725,1.30915,1
11-Oct-2024,0.6744,1.0938,84.0586,148.65,,1.30615,1
15-Oct-2024,0.6711,1.0903,84.0736,149.62,3.6725,1.30815,1
16-Oct-2024,0.6691,1.0897,84.0696,149.25,3.6725,1.3015,1
17-Oct-2024,0.6691,1.0866,84.0304,149.55,3.6725,1.30105,1
18-Oct-2024,0.6702,1.0847,84.071,150.03,,1.30475,1
21-Oct-2024,0.6705,1.0853,84.0744,149.28,3.6725,1.30225,1
22-Oct-2024,0.6687,1.0821,84.0718,150.71,3.6725,1.29765,1
23-Oct-2024,0.6677,1.0767,84.075,151.43,3.6725,1.2976,1
24-Oct-2024,0.6648,1.0801,84.0738,152.7,3.6725,1.29715,1
25-Oct-2024,0.6621,1.0825,84.0771,152.07,,1.29875,1
28-Oct-2024,0.6591,1.0818,84.0775,153.39,3.6725,1.29905,1
29-Oct-2024,0.6565,1.0774,84.0783,152.92,3.6725,1.29865,1
30-Oct-2024,0.6543,1.0815,84.0847,153.27,,1.29715,1
31-Oct-2024,0.6569,1.0882,,153.5,,1.29775,1
1-Nov-2024,,1.0885,,152.5,,1.29205,1
4-Nov-2024,0.6609,1.0904,84.1055,,3.6725,1.29775,1
5-Nov-2024,0.6594,1.0897,84.1225,152.37,3.6725,1.2995,1
6-Nov-2024,0.6543,1.0695,84.2366,152.45,3.6725,1.28585,1
7-Nov-2024,0.6622,1.0785,84.3562,154.6,3.6725,1.2909,1
8-Nov-2024,0.6654,1.0772,84.3751,153.15,,1.29665,1
11-Nov-2024,0.6594,1.0651,84.3848,153.1,,1.28865,1
12-Nov-2024,0.6555,1.0617,84.4011,153.79,3.6725,1.28235,1
13-Nov-2024,0.6537,1.0629,84.4063,154.9,3.6725,1.27545,1
14-Nov-2024,0.6471,1.0533,84.405,155.65,3.6725,1.26565,1
15-Nov-2024,0.6466,1.0583,,156.33,,1.26915,1
18-Nov-2024,0.6472,1.0552,84.3875,154.3,3.6725,1.26195,1
19-Nov-2024,0.6508,1.0578,84.4036,154.42,3.6725,1.2636,1
20-Nov-2024,0.6528,1.0562,,154.88,3.6725,1.26645,1
21-Nov-2024,0.6517,1.0526,84.4561,155.05,3.6725,1.26375,1
22-Nov-2024,0.6504,1.0412,84.4975,154.4,,1.25115,1
25-Nov-2024,0.6525,1.0495,84.2776,154.2,3.6725,1.25655,1
26-Nov-2024,0.6493,1.0522,84.2835,153.7,3.6725,1.25845,1
27-Nov-2024,0.6476,1.0531,84.4708,152.85,3.6725,1.2611,1
2-Dec-2024,0.6496,1.0507,84.6812,150.19,,1.27105,1
3-Dec-2024,0.6469,1.0512,,149.9,,1.26635,1
4-Dec-2024,0.6438,1.0492,84.6885,150.35,3.6725,1.2683,1
5-Dec-2024,0.6433,1.054,84.7335,150.34,3.6725,1.2732,1
6-Dec-2024,0.643,1.0581,84.6578,149.98,,1.27705,1
9-Dec-2024,0.6382,1.0568,84.7305,149.81,3.6725,1.27655,1
10-Dec-2024,0.6385,1.0527,84.8531,151.5,3.6725,1.27595,1
11-Dec-2024,0.6374,1.0507,84.8427,151.8,3.6725,1.2738,1
12-Dec-2024,0.6417,1.0491,84.8732,152.3,3.6725,1.2739,1
13-Dec-2024,0.6367,1.0518,84.8411,152.9,,1.26445,1
16-Dec-2024,0.6377,1.0498,84.8259,153.88,3.6725,1.26465,1
17-Dec-2024,0.6356,1.0497,84.9264,154.24,3.6725,1.2701,1
18-Dec-2024,0.6313,1.0496,84.937,153.74,,1.27205,1
19-Dec-2024,0.6226,1.0395,85.0739,154.85,3.6725,1.25995,1
20-Dec-2024,0.6226,1.039,85.088,157.85,,1.2509,1
23-Dec-2024,0.6259,1.0393,85.0713,156.65,3.6725,1.25455,1
